v_i,m_i,rho_i,rho_t,Y,g,d_i,theta,P80,R95
19461.923189621102,218149966411.84692,6.184734513336334,2.19510995654003,505666022.8786024,19.087112987895964,2783.5325347493044,19.646764144922408,51.65468345071137,220.86599826469865
11252.521773925282,662928037632.9181,6.123045449585357,1.7056144861787914,9528670916.673487,19.80948671655409,3373.92080464805,20.187715723020382,63.16542211880867,170.58176860982059
21535.64903782887,766861753441.2928,2.8175177020416076,2.1041369322261563,160282.66094309225,16.671670308413965,7877.748069783563,31.3723083494937,30.0,289.47325186537495
17585.516711954417,166636976392.3314,1.7382600685935414,3.1134127045996167,1677247.5775912148,8.905483970407165,682.7107812049888,63.66091983560392,30.0,317.21677523535794
2807.3450232474133,43859239559.63256,3.47469689174595,2.4869590660382848,97432476.61285065,10.970817092554448,902.0925053898538,38.92544488234894,42.159405331807676,222.20723635405838
24402.74761510052,439587935713.96344,2.5213859815831805,1.8431455510998827,11911659.395846434,10.09097417795696,3488.609027099455,70.16967705618273,30.874051472482986,319.48635760584773
19147.922698763647,774024311968.3511,4.072625114902012,2.125264745159876,154092333.77433994,3.1555511725269882,1362.2568009311365,76.4407213730515,35.128164613903344,331.581178320852
19758.57547928537,650780184794.3071,7.865749774491928,3.4071625593472126,85510937.0750635,17.095562711956017,5481.7929835239775,15.279410439231071,37.445540277030666,212.0334721315064
3638.7840005508738,701882018532.8708,2.676963910883936,2.363914976197253,870857987.4177588,13.532029191694571,2891.8134832024634,59.75760124774042,49.561770972141176,179.67029914655495
11534.455478441394,402839937154.02844,3.572680632249298,2.3831985096121864,226211.4589342216,12.776815542969564,6771.197641844666,15.968612073195384,30.0,295.2384943356668
9584.551593698241,234946310307.52463,6.2132430560772205,1.8061392040884265,15961744.311661841,4.445606808312754,5991.398288772402,15.020971277175887,37.91168200908808,291.49616090382744
23205.742226790746,531779311505.7662,4.80968808860249,2.10910860922857,1996498317.0840375,3.105528010422482,3771.7462888432005,29.303847608760734,53.503193545958986,255.28672985922245
16274.69544197628,204366489383.50314,1.785532933227002,3.129372265880093,6513426.649548731,17.466878216839255,6761.385338567105,17.11217907862341,36.34347792114741,245.51571708846296
20657.659525135336,726228970756.3688,2.5509851180485907,3.0723979488065263,33032696.440318108,3.6293082750131855,815.5425714026326,56.40802773226703,32.396996804483116,361.11891204994447
11363.647871269613,196967258993.0211,7.579122106025774,2.370997597886096,128201.50734043357,1.5206834337521973,4652.981046715872,60.12836947925804,30.0,437.22297675028744
6067.348683727034,291263975451.0747,2.170572452803685,3.2873045243142487,1320898.5864473614,12.530823762537304,4845.012404810406,54.74849905791453,30.30259949089831,313.44065278262303
14087.327281887952,506545271778.22705,5.6281031168630875,2.2605178341256447,20810169.036772113,14.101647983325005,1975.7086995000805,50.27498074399117,39.96674502078289,291.90003429306614
2063.5227745522952,486710447433.5608,6.650116717465925,3.2286591596438683,9881904.018207097,2.436467085711273,406.474398657327,64.68673723040733,34.41774982023275,402.6029394692265
20776.963713818262,600849775557.653,3.2253539077120053,1.5631311011694053,374347023.69469225,4.176845136113745,4286.239710082941,64.08048864319257,40.18064169198245,273.6977789607667
15975.777778490588,437445163055.31647,6.213007020401486,2.1944605804594213,114656824.08771235,15.785837711477708,4114.2796259832085,70.91792169528651,35.15605500673306,261.3136029170072
19073.14963209166,919473389036.7828,2.604318663696172,3.210136956039671,2520070037.5600805,18.595224734703685,5232.357957210435,58.52370620535494,48.59535579309825,210.52739011118717
9185.886219181775,839934254263.094,3.3508767864196374,3.3026191229486566,1878683012.8999145,9.555949904944411,1711.3006400070058,34.91120547794631,56.86426652723097,235.11997933845987
24282.10159767513,879113572123.1871,3.5268432007473485,3.012848082440765,1607308.3609190928,15.850499208405385,1445.3504604336506,46.72763779699857,30.627680906992456,296.22634323874803
22381.467472393844,629516941886.8661,7.976827438667454,2.839731633791401,122516.23583754955,6.422032351687647,7823.547955951926,44.34200164619587,30.0,329.63852545044557
19570.395678307166,635008280852.8905,2.8947199189167225,3.1310098189245985,1872206930.2671688,14.079517117643524,918.3710773237545,17.55067989499006,47.779908444209916,212.45165029159273
5268.648342373205,609199074517.2649,2.3398485201183026,2.9151163764442587,4421853.2007858325,11.166548165458304,7995.274602310285,66.82201650662178,34.42472076446935,304.05645417503894
11934.664591312338,434884719537.3018,7.516994343629167,2.0084419089303567,5439369.305514931,16.872057725890926,5762.614425477839,73.89976990805012,32.50631170822337,321.8579930379634
1573.192261787105,322106678961.26154,2.552549509832293,2.432473801389728,619403.9791294464,15.529226862232145,5038.284684099007,78.90862235167086,32.51327818292654,299.08794196237915
4280.092555654922,592003295445.9829,7.215319477591135,2.821409995772319,291767108.04331225,5.718510841625785,2724.870128932959,27.35773621335833,53.3691985361122,218.54891703397544
17234.699354440138,25532811606.61317,5.727968079703485,2.675605514236609,2515038.2348686485,3.031631657935298,6943.74679205265,16.694813629341112,37.81492834771463,294.11844925336015
18746.67281974152,7457423967.37161,5.249599737458372,3.2701952142461206,765095.2493004334,16.162752612859013,7281.392282198768,17.77292962166407,32.121199907300905,262.0494114475507
24203.988444638144,851641974654.9222,6.383701625052749,2.4476892807756565,32881657.799311303,0.7042117913545113,5777.853159950485,66.30078813373511,38.808466122795856,492.5568503976746
8482.721274384723,46424998353.57741,6.218993221462325,1.8559747560464126,565040437.6275843,13.596824307514641,5682.009747629591,54.22191794700657,56.583283885841645,223.9909954781961
9576.262797854288,524795625538.2677,2.218420231219039,1.9291640748257632,2228399.1679309695,9.54448917053589,3950.3055164032085,62.9284100901428,30.0,334.2432929094659
12004.117376257294,614988147961.8821,7.9965297176434795,3.1921131177185815,407563238.9272703,1.5522211472551026,631.9005742308801,73.36374824420773,44.373674387037155,337.4112249263223
5142.048297564999,198172031451.206,7.622283221916736,1.517441908446224,20411529.470422637,13.786796382357254,7992.242061916336,25.838848122582444,47.25207127751459,254.2367922055969
3683.076880719055,895730942534.31,7.327847758602456,3.238260723993667,10443921.916863285,9.683338031633873,134.28749601179487,35.48597194322591,32.59487606875846,323.5537207294307
12154.770692535376,190096581652.60324,5.544879370625644,1.6111761712079695,6274864.335597638,17.209021538374706,3968.2252210915285,65.46597678611458,30.0,301.61747604412363
6059.279051746661,884515102851.6873,4.898143653660042,2.283316936178811,534447.2252013226,4.21220698575855,2943.4031583759997,28.15743276703303,30.0,349.31399436159535
16910.442869721504,762990506342.7659,4.985810795230844,3.100352454891258,4604355.355100507,0.09587645810495118,6211.297545934882,45.42285998287973,30.0,507.97280383671955
11210.222012372104,240743712781.24042,1.597090137483511,2.315230753644798,2490334316.451008,2.6532120163448822,5888.885106830818,41.04154713258832,57.793916713741076,230.66169869711354
20900.61580341702,150745015531.92728,4.746551762645379,3.144696374108105,324216.1336044661,5.428720154796617,5028.117162688406,51.67136125322795,30.0,364.9372619189361
17656.494999055103,316233393953.5249,5.5545021897894795,1.7005976690515663,6187284351.290191,13.062275149887133,607.1609555527594,79.17420087336708,72.98784040137883,212.82062395501455
8152.982713860006,397951168319.70844,5.781590357037165,2.523084452870373,344732.82430200366,7.284732388940124,1902.4270874504084,17.260050451512356,30.0,374.33771023818355
20890.365134182426,245785430714.24695,3.6589065228335342,2.6649480359980187,6458894.807702007,2.409025920440622,762.3258543529179,43.924966845547644,35.88361145704918,393.93792032217266
20216.726758671644,998891549862.8745,4.563335276908072,3.2817371944744824,107530302.8608725,19.632390590234813,7832.021130110458,77.12907685294263,34.72086306912331,250.48466905287734
9993.220286239275,229653106587.24478,5.636018943306734,1.6872428126783867,1545991201.8398986,2.2091375319693753,1030.9853373512556,34.351381433960924,68.15607733557589,226.5223408435942
7564.038546290981,830634996348.03,4.283985816788681,2.177201370565995,522292.86181762477,7.134650843514806,7737.869867296214,61.841811764286604,30.0,328.4679568224334
17221.1398473869,159118587972.72568,7.753878793392913,2.818696189793677,507587.73585914023,17.538254917009926,910.5702578201965,75.04892973278413,30.0,297.2994486933964
3923.93584842809,980244645031.3221,6.085373714038002,3.4598601637201556,138640661.9586161,13.069676703023688,6899.220449543648,26.842519631885224,55.85268799594902,212.456286827099
5397.750960640154,225524232759.62656,1.5082793506307883,3.196548647915714,2908929.272859623,6.429968341250943,4601.295096474697,15.696617772686015,30.255273179048658,268.36451171196984
680.375608899635,421689133095.0375,1.6513166296346444,3.192990123391779,166920810.6101789,19.408418253891977,6655.488012238506,15.298512010024147,73.66655284205265,154.9506277473637
19779.64724880239,558564508203.8397,5.986951322544433,2.534365058849576,1267406746.705978,10.046916158439283,5075.931326276461,15.109553694151732,53.94091261976389,213.0500565112975
16788.845986504788,120286594870.37816,4.182193134045768,2.6285982441729967,242299.5206388528,0.21179242259700465,6153.008965169817,34.536459694178376,30.0,496.19256554128606
17776.55177634521,816820250659.0338,6.9565611698797305,3.217160188161304,1669054874.1906464,0.17295855621917128,5849.184687709307,18.835024134031038,49.920445342571384,336.8967320022101
19627.861260038215,274686257995.29718,2.6246001616607035,3.2392511725135194,154144.0557729024,18.82313612525546,2088.8939453449057,38.35180831356094,30.0,287.95988496566844
11743.43650068933,549270352331.7622,1.5898749413398972,3.1045491309442235,3119829975.228604,5.6595535779919635,7481.03585710464,62.788930442094724,65.59105511119655,251.2416069847169
14434.159300845897,549634261059.4362,4.02253527573913,3.137142550369151,7552499548.806579,16.250696072419558,5152.732372755015,30.875833822409497,65.11518031669334,186.28637078172622
3925.0264541276074,602641049685.1327,6.2844166779984185,3.259259718001764,217408246.0202148,0.9190224365971179,1624.6521074166608,43.55927273438463,51.275887825887274,294.11214927604266
3305.9868016313494,55486931038.32816,7.816230266954196,1.7275638621838596,8342121765.499661,2.980996330161057,2455.2758219958378,18.915815783722174,103.08061896298703,156.93284908618733
16875.872563866556,168619593212.80603,7.24375021578186,2.0852787538099418,1288128563.7333868,17.14275122130547,4269.07754741227,58.880279835889255,54.060220346266114,196.34516772346575
12041.857050506747,161193081731.12128,4.6464849775914026,3.452227067907215,166658.51228127588,19.882121770968617,7055.795608608291,32.23723503703703,30.0,257.8130926795721
14348.284608789127,302051957364.59247,6.783312340776383,2.58955231992799,104485.18620394918,1.0858624832308876,6376.057428768395,19.465803572962137,30.0,437.58231489432364
19242.472006692627,144915011944.183,1.9571479761394914,1.852927720083384,127055.20086318662,3.394357618710293,2423.3635736129067,76.82693897938957,30.0,433.65898975943514
16050.598840014474,921921398852.9689,5.219770259301741,2.5061112663990546,18177527.05026683,14.472092221497793,5511.005635069901,63.873571633828746,35.401724611889755,273.0232071486168
14062.695316120898,512954937556.8502,7.507939684594056,2.7915683506071827,130891985.50621752,10.613583977855793,23.238072303838393,55.662939220078414,33.602564015495716,341.16814293565403
14200.575438262631,623575524127.5367,4.0765034586898095,3.1564439678753144,25548129.772447225,8.149022619985098,2667.801969452681,60.609975057385,32.12486477551364,319.7374541128471
7946.777402533999,357488817909.94543,7.740654092810251,3.124353452046936,243025378.99119273,3.9296273821453855,6718.365841092918,39.7844624139279,44.83811130096418,274.04421485086453
1255.0369469145153,276246864787.7705,2.934453128739184,1.5984829866648333,17701626.400667813,18.911435404491133,1218.0975712674626,30.88317693458268,37.94793790385048,233.26237413094483
11199.576036192879,503177667055.0427,2.1866197619670578,2.4070499739448166,163237.15445222915,3.4867576217120275,2833.628157934281,44.999066294976906,30.0,397.14999499134706
5757.3244840784655,294323680511.85876,4.910955184531057,1.5411381123740162,1351554.3798848921,5.341728837814722,18.336103396168966,67.76806117479873,30.0,388.2115789646216
10508.951771253585,343646582083.83856,7.397104667877958,3.2763122473325015,9185888784.606623,6.519747577984249,194.83048238831324,77.46548812008037,69.0665798977222,215.6989324964461
21408.37529507007,452751421519.98285,3.523314921840837,1.8478121510372498,5361905.906548635,2.8147347685586372,1176.6917381112953,52.36969129817359,31.41560738055219,359.43029848346106
6231.517403700848,505734181450.66833,6.701042076093191,2.749749390335277,4205607.017949413,10.747849471871994,823.8858118354526,36.34517416304921,30.0,262.80729449612136
1928.4171713821174,984314027467.827,2.599782228221826,2.6412367425608005,580711.257331633,6.859435260750836,3922.937456418636,60.27441940047568,30.0,316.50455037546186
7393.905354538915,223323364839.35236,6.346207574006107,2.7510588692857314,8624195851.763636,12.176557635685663,7201.03488506614,58.794745356421444,78.0763941085042,204.4642739006823
7693.047065283748,487976676906.4823,5.120675119018301,2.626833245662816,1420027.019443345,7.388768849317372,686.2872341586851,27.322499047501275,30.0,296.6095696584314
16716.954610808927,149512589977.59946,2.6376103400634197,2.931177354733215,171448163.03508103,2.372649404111012,6959.996587435572,40.485981842502106,41.452926924096026,266.36632422239626
14147.28773236132,349999882708.7399,6.167567121344456,2.752219932046333,162269.64676039142,17.4583176737597,5348.581128204739,19.38095323018872,31.355213452366403,311.3038580540755
19705.50612310713,717311001395.6855,6.139414737466778,1.6806004935416285,214961.97832535638,10.217558858989035,1359.470054672576,38.1594836599601,30.0,340.4872649749278
16775.681738020994,174462969298.4308,4.850328989432362,2.2335359020148804,383493923.2355868,6.470917275174239,2324.994588685982,63.392416340052264,42.74161872143142,287.95320915887874
10456.478105281727,581351726198.7356,2.965539644677385,2.5931868718693036,149913524.3592888,0.37647680787784454,1561.52602562154,31.973192052781556,43.63931435193767,376.2476555799343
20443.499424317848,416701606866.98364,2.3599102995924777,2.1503948517963543,251658716.96467292,11.977037094121181,6316.494669477198,54.31228964966832,44.77206389580915,284.4913054939545
4590.836537738745,51580492824.92858,7.7221578149886305,3.020661769613768,1428407.2168044765,15.660961383084986,5803.551846611784,32.93547722687323,33.4636117211084,313.1373611626698
1056.4457917795817,933075308403.2031,5.762781498684509,2.135795430109984,8403204112.413271,13.018721941831695,2442.2306771580597,20.29725707770349,104.98479205466958,122.27388889917961
2706.172589003223,413603726689.7461,6.760069643226996,3.157368348606079,61926396.73716581,15.765000330909547,444.13129346050846,61.89712886652027,39.50241510169496,262.8612635232494
18197.804089613033,783926751824.6305,6.03030843882657,1.7934674419629675,7042727119.237392,3.14196746649242,1358.2386721800171,51.2518570592817,59.80723254866973,258.8389993632047
11815.992141158991,416314072418.3116,6.891578823749878,3.0387851299717497,661992.0361876254,19.435474423384495,5042.712126996213,67.78203639128651,30.0,291.547169403584
4451.158586323244,937360384218.463,2.556190328368002,1.8669308815703778,10604679.53964248,4.266099096848577,732.0787232303087,57.52678750925234,30.0,383.36279403516664
12775.596990032407,290471043958.56305,4.730176459555789,2.5560305608243246,4769002.992423852,5.372253011490076,4296.359351730862,67.20345087384453,30.132327762069796,365.1929019366686
4231.646516472627,412231237457.0472,5.836311008264907,2.1410487459278453,596176198.617672,10.270974776837607,4907.3028072825855,20.846365574415486,67.3716846550939,174.59958821094568
17559.849189404533,758864481395.046,2.172034349318917,2.774668871954079,546836104.0855631,0.15365076312501297,5505.151331658362,53.02085712401541,51.724324972371065,470.30609137506895
11430.828751563753,343667971613.5416,2.474720170634654,1.9254808196831947,27084384.251997128,8.876847337964447,1011.5924026745029,35.71650129961287,35.547074438421404,262.39259595994037
9835.02003936382,364357706978.10803,5.620886862631152,3.090819466703785,120431.47933241773,3.9547192404957525,3683.0499880696816,62.25545286022385,30.0,364.14561826000215
7887.046184122975,994823178591.05,7.14658772764983,2.64716773273288,751672.2993360435,14.992911462484095,3712.53900916456,50.60602315347751,30.0,324.1672683001337
15941.923531412767,555614970075.8263,5.7927051631203845,3.4145463081853484,178372.6791907545,15.167180014425199,6683.907949774668,13.792606884346327,30.0,313.6178296628072
9364.408958558066,689380764289.6945,1.7353312874644915,2.9235406578315897,1718196564.1389308,12.333910150576967,3755.048907521708,47.34821833400025,58.025863924512215,211.3731525141526
2647.4230232444743,643462590691.3756,7.807813961087099,2.7147910790065017,2810980.523346607,8.462619247638724,3260.298125675601,62.10039337991079,32.568636135651026,300.80525999992585
3391.144601952625,827924319232.425,2.4067948558905927,3.1583173808926825,388698.78624731814,6.239168637731762,996.4489879143264,28.395187337179504,30.0,325.5609688797111
24066.492781463105,861825237616.6436,3.0116545180911833,1.9393651355235533,5900133.337574009,16.5578663982378,5558.770165455217,55.81685547873628,30.0,280.59138761593056
22760.226922336373,563256569214.1771,7.837287332380708,2.7654849217289144,243470.63073489716,10.166517703313916,4962.117955959219,68.86480389146556,30.0,367.7165490313364
17642.824778363363,294556780410.3244,6.511714478246937,2.2808076991897033,7839451443.478261,9.954512379619578,5738.429304542948,14.561728062034872,68.62228950199264,175.59172321263307
7013.814055758229,22801224774.72188,7.587748422460293,2.9875819582928766,3758715.9488082724,2.312986133208954,5253.703207187781,50.46156596979902,35.25742767484591,332.1321257164636
24244.821245019237,614403636661.0691,6.743028003252193,1.5489388189825317,4627362198.444843,4.406741804725519,7003.517783457721,72.13206285264079,61.11163383994404,214.7936387476693
19579.397147161966,825469007796.7864,5.7362740875208,2.355424193053828,259205047.50304326,7.2417613737705855,7019.995389121494,18.84939226845422,48.22011367376217,244.26842125205263
18063.80963439539,450540354971.854,3.349594492609539,2.803403803665838,67691624.57250312,13.992114213537636,2468.389228926045,28.84733724756686,37.26388925608289,256.4742325514255
11509.356802522823,164706975784.72382,3.624729371046915,2.4212786728843207,23849813.406906683,16.913156274368355,1467.4723521047395,53.81468276173343,30.794406599931925,252.9213615944957
7169.9182652063955,288082784853.568,7.657261974788403,1.9759431914275019,273464234.24796003,19.857562522757693,7412.555235367477,50.96287230992122,52.236554495847635,189.13006707566544
2861.5785727607326,509989419522.93506,7.09406650501169,2.4286985033588717,270008022.24366957,8.5772704239794,5707.188845607674,65.53772855309796,69.7961170281089,242.15095431980097
22613.758715324122,836681382296.4476,3.836687914875122,3.1994890509790523,112876.95982071958,9.091426727273882,7768.109427716442,54.03370125645752,30.0,319.32604389642466
11666.519100923471,171753974315.27457,3.9262382145345747,1.9136780345962643,3458746459.916161,15.332907795384353,3980.676071769936,50.30915107114379,66.2603972435385,173.10606212530618
5457.902437483142,612150263559.6384,3.435013536793251,2.2343443272592864,6915396.7610520115,6.458478179679055,7698.324419177347,41.629597084541714,31.044358512860885,343.4197571503908
7995.937291690986,753368860581.9315,3.6198459270625256,3.480671043000255,5839364.801790081,10.833333621481703,990.5231632880357,15.477449727277296,35.777940867680606,299.082026910935
14690.87943907645,936047584287.3029,7.094338530877106,3.3256343377808983,10788292.663154086,13.556495596564089,4727.012850485209,51.376181761096966,36.264940297718006,312.10529150754155
4830.9331820111765,116704574975.16774,1.5682945678340046,1.5679366842533113,266940227.67520115,4.763181728557425,3978.915090675164,20.963808173533188,55.23323692369361,234.38187325544365
21487.0499602632,926391707772.9232,4.33434203721191,2.560663935204029,7587324.876961124,5.627819490237754,31.13292266780904,79.70946436979042,30.0,412.1060834935565
19083.728480962647,601467933706.9443,7.6284579104314005,1.630826053695767,7398698.153009775,7.1560032119218615,1551.2607302848,15.49500574397019,36.883777304899716,312.69340052759844
18126.84242079795,766701820730.6986,5.027136308688258,3.3478098473154216,207646.39620673837,11.574812458837407,1236.2424882744433,15.30014126200117,30.0,300.45348406169444
11086.27947449004,53775655793.84589,4.427897635935373,2.3830898253700616,12111789.71884354,5.444788297249686,495.8662148078154,65.11306024452907,30.0,305.49279228842335
15869.066597209858,506148649492.43945,3.5304037305473224,2.3368740078560033,558975.0007681579,4.202947261034475,7585.71111386856,17.081567954312675,30.0,293.1438215357514
14810.40023836202,622630051451.1196,1.980432094102375,2.0458920636786213,1896471280.5635011,3.032688904667633,7723.283806321553,38.35533951126655,54.838139268240106,241.9544637736486
16421.24173809309,306834533039.0003,2.959162107178834,2.637637960784308,4704954.371250886,16.195732462176082,7135.082472887682,74.92493194959589,30.865758138507747,269.54976813782866
2568.8858679272826,431650776451.04456,2.087979664589663,1.7899974459867856,6372898334.225466,17.72513137041298,7911.158163076605,65.15177274667442,73.03153512425604,141.0252437254338
10687.281353179937,554298580981.4628,2.3235462931502835,3.097910001071094,264630570.3591845,18.099202817313778,6647.007096767734,26.298953677366047,49.74031025995648,222.4973047240614
1519.5472596163659,552548387225.0402,2.562857536820754,2.4824206896931673,603611734.5821981,16.441591728694444,7458.126750112534,27.572090622955105,83.48334557415906,183.58176231714032
12602.775071490714,41862483545.31267,3.46319130854781,2.632925782628321,5479688952.47163,2.788920002363778,1589.0727249732454,51.4589178422533,61.91287057090671,207.0494650761493
8581.59970215324,439482327097.1258,1.5716084199709806,3.181609495309041,1565574.8249530012,2.000151229029644,2062.502036132036,44.05073973156838,30.86282431806023,376.5846640750408
4040.842627218149,213818940974.07608,7.67593525635611,1.870297547769898,68620653.30622965,10.008328368013776,6897.908132585119,18.17224528084209,51.15983760234183,204.3697887450164
3033.372709202515,916695161390.2717,2.3048241024003344,1.8503661466842314,159819.22578403016,10.452467713513716,3840.915194411231,21.10531381402135,30.0,293.0684141181774
14897.292018353945,976580013543.344,3.990467670337316,2.341603345739692,319002.0248861527,14.669822689578385,5738.609693994722,66.20274322790007,30.0,349.23071574941844
4679.5277291537095,299647596705.1727,7.216929138146074,3.072256482389201,6806668.497464257,4.49647103544137,4499.653644799739,34.13535336583956,35.37300653519205,290.38535129670936
23165.44290023153,175186222065.6615,2.1926918062399547,1.6170911070402922,258528992.14390948,18.62244591366495,2452.0535334180386,65.93085763141025,37.53906038211699,254.10565563994322
14735.997922659677,219504931444.19214,4.6434276364017855,3.090340407797491,1440349917.3254545,6.233099370254576,2285.8304338585376,23.287910646662937,57.356473169445785,232.95352164834938
8998.310211103508,477752777600.69836,6.991093384019073,2.50151318718362,1914348.544254046,11.577288570723885,5987.955016736848,51.96027699856038,30.0,321.7713229534084
14977.42954129471,874505724607.5792,5.120257056221911,2.623526899896449,556398650.7728204,17.291061468064676,4261.439953104028,45.357610962519956,42.8642034538193,223.23134709468624
1058.6948402275887,500036714901.4247,2.8672333702479404,2.6287718765583463,1322683.0472047878,10.492789764320545,2881.4915881761626,32.84698337597296,30.539984832471113,322.5833354793749
23984.700724415412,55393006323.23593,6.280811954181779,1.6123347779154404,107220.54998117223,15.08347102442508,4940.147191206492,52.60039270985534,30.0,312.04880491544606
12316.434205101055,39886562827.5413,5.928716908638801,1.9995415954362896,187096.26801844058,14.993072698125673,3365.3013008772355,18.717438988312825,30.0,302.1923411942313
19677.01306763201,227391718231.90292,3.854208392555008,3.0105949030293955,84682391.4369513,15.81092386787321,3805.8479975468867,69.9527882009748,37.25927493578432,268.3779216007685
2526.8849980997447,842771434838.1512,1.8009185502789384,2.3245362389785673,30601148.786087003,16.23041288768642,5426.498513771123,62.036834172285985,35.468734076168204,261.7245987065767
12423.129105534928,621480936054.5864,1.5511204843246102,2.6210339645037086,2249707.932482681,7.879635799007199,3669.1419637454896,30.088132817264903,33.66281607716569,358.9737969598919
12522.321361685763,562958290828.4377,6.865053740326616,3.3897372440530944,107829.92248574416,7.302947040393038,7600.025496733417,50.61062405268609,30.0,341.8259724018933
23476.74814688708,318970273613.04956,3.5901228501339455,1.5925435366347225,69191340.76168214,16.079787098294467,3886.6891401643943,73.15182330170148,35.5765310621437,275.3673557348348
14507.337283213847,929425475620.7822,2.39550434093838,2.3993607313476395,1224709774.9373276,11.615222337009337,7694.964335974339,39.56133535196609,53.13145707273091,212.86428827039109
12100.49032589537,331178913783.88745,4.870582970059384,2.222548265695796,220152.8893388157,12.173880012497783,6783.0283558728015,35.43391269710917,30.0,296.30091559984066
7040.903745751392,834944577708.534,7.485416422213086,1.7128988523894824,481251711.44029903,8.2677491533417,7128.509620920522,65.92629833405712,58.85464637496074,221.6811235511939
8623.440434892527,895903622072.3661,1.5551256193955851,3.401588697519596,148837720.42689967,4.072212440536442,6108.56988486551,10.083021460820799,51.68090866978425,262.7988272639249
13256.473860552676,483335529881.1235,1.864933014396694,3.422919179497087,24932961.189232744,9.165764856663966,4840.159871302798,58.04612652655911,33.36909366062248,276.89554560615505
11253.330777473644,894289375191.4731,4.21079206180297,2.1229763083788136,174464.38139076505,19.394446992092927,4266.014610386988,25.10642428512466,30.0,275.3801411731001
1029.4959570680953,276804010587.7597,5.893778393907912,3.3934332213781575,4148175116.319808,5.852794240997133,4417.724416270034,58.59728959956878,80.6567796450166,126.82865505549285
20744.152142761766,658433767749.8496,4.594652981985826,1.5703472134485712,24389614.987703487,5.476564415414044,1619.623382798676,40.65307031488513,31.82938348663855,347.7637296821179
22455.938910074285,87964660560.63774,7.33406485002513,3.461791980672404,9954851.924442073,2.659144304996895,1723.0150343882706,11.420665753562252,40.91222125524226,359.916747320572
3936.102680465964,473934740158.1798,1.7865496109936079,3.1718640328173286,2029443712.3308969,9.649549798146055,282.9530076755499,71.19818955794739,55.18183509781432,220.39295059720783
14073.88551670671,217332584826.54575,3.710915652684333,1.9286604416224278,1690017278.9527667,5.806181398088433,5967.026816803893,48.25778301811716,52.25169759541301,216.23907107747607
3160.105657818367,62764215167.32495,3.7837612810266847,2.699094307869177,432817452.988597,13.758118433379163,1007.6594126470135,31.952087008185543,56.42590164562087,178.0795460238029
16969.882279475387,3726504352.112654,3.710826968911221,3.0965987247386058,1402167557.6597066,2.7457354042916036,4661.371559301883,59.23657465440923,60.5892357491896,237.93468553370647
7390.227704055704,324752791688.69196,4.669958428802039,2.138597928015558,418448.8753078257,4.983884029776551,1112.0055566678623,44.71583511444234,30.0,374.50075953300404
16655.854549951593,589531005006.1683,6.638750793764968,2.207503584185659,637643262.8230247,1.28392843711782,541.7083843141381,12.446401649518304,48.46386172455043,327.86601049896814
18311.368050028625,455230892420.8097,3.5662370066183127,2.7579455511858533,4366871.524176308,0.8773445479624822,4273.419004696333,55.517948068419216,30.0,413.46082409710414
19331.8635519826,301769996750.1976,6.339140843109317,1.7941881018668757,2175073650.9516697,16.292162276422047,6986.036183385724,77.86721304390385,56.784764221158355,233.37607977682418
3139.653175919466,991200039576.2203,2.4520255633139643,1.7364212194448172,7098348.70118667,18.12226818727923,2854.555336476213,25.53856012632951,37.18381943669955,270.23088698001135
22942.290205871395,939525100454.6378,5.144711561620676,1.9996105562388486,186861.46981571283,15.289582265607335,7354.627795413116,70.40482661915124,30.0,309.7701229240075
6140.24277692458,125654181184.19003,3.938072166826043,2.9825194906940626,11800521.04791711,17.310011231004655,92.35403398267907,53.4696439442779,30.0,320.1882867207987
1416.6076263164045,415108011561.0681,5.004870214921209,2.233198452823113,607974235.6187643,1.7775931433636187,3731.2546769008127,15.452887019975947,68.75605546605522,219.78930688089582
14093.885500091343,648847285146.6769,2.2003733774196212,2.5147164433035885,31963939.861819066,17.967778909532047,1182.6478842711936,61.09824852240742,31.109165728592796,259.0818979607625
9587.595954629749,733491064039.1392,7.6975085039459055,1.8909011136150653,657914652.9740177,9.347494737592093,2533.086104458703,40.9043108066459,60.09803513422276,244.20071218504225
20829.848706744124,366372788537.33545,7.390391759211556,1.8882113346991438,150095.85681848988,15.384444267470439,199.61650831584285,65.56137828474445,30.0,347.51159754742235
20302.161065575394,746282066453.5349,6.871575977889088,2.80090251846962,768813.5305773517,12.334357903930357,292.42642274396036,54.50218929646543,30.0,329.0078231533269
8269.902874156527,124150888760.66537,7.303088352022336,1.7167505037369075,65771789.050838076,7.029902830758887,5705.381359217491,10.194926523857903,47.513558738424614,259.1185599164176
23846.035179208753,331813293445.07947,2.45347115617966,2.8356814544328124,8444399.458741458,5.332740702754129,5239.775219479578,18.840804452392227,31.71208640581218,304.22863956501976
7627.4870344329065,716433459322.7292,4.774191524627828,2.3014037046978126,251697393.61478686,2.4066967377527564,1674.600255976231,34.67077340097016,43.5503342453959,304.553081228311
13118.899666177007,625683164577.5848,3.566409531917402,2.842541827235251,6497872203.036721,8.28238947454672,7210.180329889555,43.72980222738089,70.14284345584937,186.1429153437153
6771.144718906267,837210377651.4401,7.2680086184770305,2.2634589540309773,199209389.02912492,9.907349186784407,5506.935718895575,75.24891010802156,55.489440733879405,266.36896630237766
23433.0674661996,46857975810.132416,2.731344936246532,3.1921043672989966,12212778.32927837,19.66314613016655,2696.023070851447,67.53805455344562,30.0,255.78513324976018
4532.891530759445,174392543431.3307,2.92964480842282,1.6111123384313084,51501525.378233045,0.7939450027581204,3267.1488979098,66.11308207854385,37.89188812124507,348.28843677167686
1600.3101751120603,48495533777.384186,5.96364396630757,3.286594623624354,3665493118.2550244,11.823475786270507,2347.5208174828385,47.770347655210486,76.73158683896062,156.41999861565404
11159.877970074429,192115032134.98706,2.077847784069843,2.0373223544761903,231710776.8762311,10.523646697470989,6646.479711514155,16.500459362134475,50.9815173210469,248.3764957452648
24813.201319368007,4283806350.124375,6.260386649958159,1.5850844199309633,1037283545.6566485,0.5067789966935945,3956.7398750404764,62.206525817933006,54.94177160891236,342.80922923168094
22346.09302324539,504210797468.5646,3.2428273740417954,2.624808843764365,3218044.501186965,6.628359503500268,1091.1076285614733,16.058382551160783,31.346361871245204,297.9698126270684
18840.896476695256,528314867253.85986,5.796079874236458,1.9487084607621927,526751503.87397796,8.48740208893291,1621.692827486134,16.401340041922552,46.41213056474235,271.2772227885993
22324.41602652386,657892123514.2134,7.174745611344293,2.4184062463682396,497916.87662071397,9.910681746697207,2379.6667963676373,27.85601734197549,30.0,303.5884309802892
22389.44267259765,384913062288.59625,5.462473926027439,3.104628412124207,560890497.097901,4.707448915509659,3231.193865275161,74.57946145680522,41.71999004744244,288.4175163414512
13212.029829468001,3208687477.493321,2.8824442663597085,3.083093521496304,2557366453.697479,0.7302993869536899,4745.192815056028,62.4943149599509,52.25475123381231,249.2060849068385
8240.261769854429,673891480516.4828,1.8195759160049079,2.7007712325668294,3170752439.546588,5.912170101553087,7713.678191454716,15.365678585363561,73.97004062211617,188.27752291484197
19414.304586719205,54292033456.82484,1.789990816017928,3.4557438173152946,382780.9405810425,16.735418756550082,2102.8098637415133,74.32373181369618,30.0,298.10362038204073
16710.700947610145,866170564647.3131,2.0772772330910514,2.4275021904919933,1410620733.4753008,16.16676463187346,2633.94449000354,64.8362626075666,47.72527546992738,224.45650052940087
9654.614357405897,22654965053.949654,5.268816431053153,1.5787767807096267,354554.18326953874,3.655977951308236,201.37648396562042,52.25499517924337,30.0,391.58873084828554
2814.433367507124,530475592781.5092,3.7634160512642327,3.1388502996209473,24659528.384057857,12.943688304870292,2986.6901208389504,18.88734194624208,34.99665341832803,221.6786046690319
18796.34547805114,894917987467.6383,3.080195353073338,1.9425877401137215,258587572.0298347,18.476765126734755,5403.868955215194,32.40859939859391,44.60786460515801,225.06006777780797
6930.282640110185,572490003299.2043,2.925492625681743,1.852477617994049,26378224.343604196,3.4835484344228886,7704.859077891493,31.04772765991439,36.047374360207456,267.4525196345836
23451.92218807759,608417138127.1835,7.665779957370144,1.6400198439329832,5006658.978491203,2.6170929871465365,5924.114335539009,54.80329982061049,34.01290388216242,343.10903880545953
6403.779087639276,681611166726.5574,2.2723077432984837,2.1557998872772774,262485784.0658055,0.4918180217962238,952.7921361756183,51.150873501897195,49.75119844676385,321.42843741601797
3507.5693440814075,122409725321.61928,3.4812936700222554,2.1523179341083756,201555138.91114154,3.4896087206898265,7121.408432118388,29.406869564425698,58.661894923222754,281.4700449386739
20862.2604670602,674927425883.4587,4.564602203124755,2.1055430639329047,82122710.64978787,16.288353927620495,6711.046239755697,31.77694679246376,39.955024108022116,283.4602431081334
4255.465757300104,880355001657.9332,1.5029219194826602,2.686385879537355,43867544.35581392,16.289095316233965,1520.2893272183599,46.29092007257377,36.72526160021511,285.4087656796674
4892.073549864607,974220858614.4836,7.486195718592209,3.003084338656212,337830997.57292175,10.832018936728746,7475.399583112879,69.17846178538639,41.58255972428687,209.07647762180494
15184.878392260665,443052556306.3477,2.144140839940675,3.3755334372946786,10355838.846753439,6.704611314831874,5715.651365357165,18.835752466841644,31.72657402786646,280.34577695945575
21926.77000051788,344505507172.6952,5.936058904460121,1.6881001573602952,220719.7719286429,16.145269359089557,6264.71053927263,60.801664992951835,30.0,290.84266722973894
5312.649310007045,753309862286.7014,5.587625601556174,1.800763664976294,48671255.692670174,3.9405541069386936,3678.5259166992137,79.69719564359683,38.04959612596197,359.09458692792333
8102.9299860523215,542874745221.0265,6.758915058180792,2.6796850210491345,414264540.80362123,2.8400871024559153,1613.4626918623858,62.4813016049833,42.63114654507496,306.5875282583049
19546.418536908852,257305397150.37604,5.734020248653991,1.6962711877545207,3131839.7940558237,1.829743847758579,6394.850664164758,40.909978059258066,34.69010404294948,333.6878442922875
24309.7474384937,172158712811.818,6.501018211903866,2.241528569238526,505540.1939010087,17.0339526331221,3824.7675307494187,61.21721988181561,30.76867485752145,322.2082642413916
12768.159061957387,170231130362.44308,4.238115957125429,2.749104461092074,3624148384.532244,14.3111174553748,7739.768465232762,70.24805299869006,58.67555228107508,180.15722898711812
4025.488812505644,459177577429.1155,4.676579214585551,3.061090064077723,2083283258.017636,12.510496362396932,1235.1428074360967,63.79500698141312,68.72868526373252,192.85890408481566
841.4390488509379,170125235491.2445,6.060803664068726,1.9351985749160632,123643444.83520019,14.562975871106945,2849.6740762703143,10.893025136982477,72.2220805715986,165.70512835908733
6126.572734971954,19719924292.54176,5.1947736868578325,2.8359711281940236,857108433.8270903,2.91239990943484,5887.020919922575,19.20454605381246,57.96866976593166,237.29288741211587
3729.6443357697653,52089722880.91503,4.825000576733679,2.7917393316944263,6982751292.488278,7.726542295449371,4582.530115877229,17.49998275167291,83.17215065294782,170.30505156919477
17102.63750351501,929884614068.4218,2.8361296393545707,3.219232252516629,70193177.68810666,16.29159882681205,3471.8678391918916,12.227816192535357,45.9308774356716,241.52340350688868
3484.8963633990124,72962268198.79459,3.17770369524144,2.127494991527981,1663061.9337839521,18.339471914147936,5615.868192014088,60.01661010210416,30.0,281.78322356684635
12905.083324705509,73181617400.26897,3.8302320668860577,3.000183729776353,156336344.39847302,10.286257896750708,5869.4749844812195,28.716141157198045,40.779759565679925,194.67766602889367
17509.429673250717,451188994345.0869,1.5603485052527706,3.003999728882989,3740833515.495554,2.485125849355424,4622.619115148464,60.536962459650596,67.44180773345022,294.89411236541576
14737.356925912109,245101037234.7502,4.21286242227154,1.978389083982515,282319585.02460283,19.571420781633357,2559.636153367962,56.62689077755618,41.28969533753643,232.90339729722515
5394.5034656714115,962693889478.6455,1.5179950924654333,2.7423156755168554,135270.1450584492,7.93081940074566,4953.888037156941,46.65278078711879,30.0,344.1056908879973
20201.050891465435,910985928511.9647,5.172600333488688,2.8503241753369286,3851793707.2387943,6.413943548544196,4366.487579169119,14.179995650434854,55.960333928150135,253.84692279228418
18027.474675587142,404743843928.01843,6.076186998320268,2.0488568252445476,586646219.4446192,2.443818768513795,6383.271449599995,31.371435588717564,51.723929438884014,254.1495815514327
18605.108095930773,448732070684.7398,5.153966105498322,2.4035999907292784,10213040.802729113,0.30196093884456615,5231.128183900211,11.89803245054437,39.87684022070451,399.2799203134473
3710.9149131541744,375114277961.9171,6.007879825831694,2.371555454512986,8658834657.07808,12.093283116082016,3979.206262382105,73.70141688546934,81.75180805020399,173.34344162545446
3531.968189433443,37867078777.01158,1.5000855956153485,3.0470191367420725,405879077.08682084,12.267998821756665,159.45059471789222,31.60435313160802,50.249309231277294,231.42890874181862
23225.282499659435,292847546407.8694,1.8863728263480122,1.5013825118274873,1340310467.0067806,4.723110677605106,1343.8531477584963,16.646468729299784,55.0206006033403,241.50914072710813
10240.665748711046,122674346938.5145,6.04000586569111,2.5020532229133865,5197958361.589425,3.281635785135783,2699.3883950992767,10.176268144652136,68.21497765298739,219.50296141422297
7873.242948633024,102371227644.79272,6.718850961719008,1.868681627127623,157722.01746151043,10.583775569953726,4815.015218544261,52.80588656489956,33.293542112400125,318.8438324256987
12470.309111112567,560862012074.815,6.165060210781064,2.7936839361108676,744902136.9810311,8.736366758419443,6340.946428053955,53.467833474961594,56.57508603176828,253.6707154942437
16740.17321270777,98765758948.70453,5.809579576598086,2.8607377259418993,8545395.67999999,6.107898058682517,7680.033402238003,79.64477048505671,32.61939417035544,332.76276033771677
23912.769797650762,102932220863.9398,6.09798731477514,2.5022530173871664,2215006803.379299,4.4037455963857175,4802.445099290669,30.20264313044428,56.158802050781446,240.74146684148792
7517.932558610348,480514234305.6337,6.307334517675078,2.58405908356882,2480157605.7278376,17.19315187224663,5833.463523096683,13.256763758882133,84.23499741005436,174.60142743620742
23157.806518144665,442282922840.2736,6.2084537393892,2.1301163781103374,1390248235.403247,19.677367784154715,4975.315227657059,64.55676485707284,50.422313293037256,212.3276242966596
1109.0575389632797,137635647497.58423,6.297055104974208,2.1266453586007428,787051096.4297982,7.143855561035336,3447.9190045335904,31.3207369726961,76.69776452791989,166.88280267635116
14102.352037007206,4450020359.838191,1.9811280981986754,2.990234119700721,936298166.916685,13.97770918265843,4881.316726556297,33.14613284047941,59.531243532391606,192.37859736725602
16032.390236186586,192975248793.40207,1.9112650847150605,1.7634627348526395,3039222.555120741,17.31766692585872,3211.3770652551807,73.54140371823728,30.0,289.11982215079223
3094.4863918934557,235893018289.78656,3.8472796309913533,3.043006629386586,10780552.791727567,0.5873887772684585,3634.578708762952,50.27591938564765,34.14494569634388,439.58528779244017
3938.3201280658595,800248643360.424,4.929378644567172,2.8100263632038507,376074.9907669228,18.165894365898883,7288.921067176792,38.02447538618664,30.0,300.6831740355146
10768.300823249443,915438435088.8645,6.45702385049123,3.268949369310996,1422189962.9805043,10.008022407752357,4515.238699605688,76.53903955403165,50.81889317182913,239.06618989493742
24172.681847507953,405944991543.57227,3.6756008221415812,2.020289384399595,169837027.09033075,11.157147745026682,812.2834418617864,28.570381302145567,33.97337949455579,232.81522346609555
15103.042554242134,405027321474.25134,3.288260998118626,2.5123581036324083,115766679.19297494,10.820472726967614,4194.887739469016,11.50345383013508,42.16465976025404,252.06774869228815
23359.068929205176,712481571278.583,6.5794140027704415,1.5779790230584638,1699770.1394053164,4.896397508508525,7626.549117037828,26.161269839810096,35.16691736074679,317.90793639471923
20206.842432517784,626922388782.6732,3.1206895344509675,3.3250131501095703,118899607.30514072,15.655716747764707,809.3425173909862,13.088817601517508,35.871247746682435,256.8491036606463
11950.849238104642,184141002553.22244,6.835468949294012,2.8507829213583165,18739527.04922015,14.660150532087247,7769.786591893187,38.542314100930525,33.83406915378374,296.94464925166665
19726.704506678594,107690014606.73906,2.651368073180251,2.7457504981428835,9469870352.581106,1.9610573629157433,7901.246399681149,68.17465909922362,74.30543446526846,238.54040731003596
937.0012074361996,437612453043.16016,3.8365778986710994,2.965378401973206,2067004221.91569,11.277691911305789,4490.098198450472,78.2625701557689,86.08815849453163,158.20561847721885
3174.0279207605063,564828798334.3998,4.106991461271537,2.068657713518729,42649545.7077854,19.14267272401656,2666.185448395147,59.02246439741104,40.29515377947165,260.4990440179035
20821.001064627042,138708464451.2061,3.4468179074996788,2.7077205375044686,1102244236.1489658,17.42959099635287,78.99104396476386,74.82804364628295,44.52823943431506,244.89546071503844
20022.018663966464,293274200134.9512,1.521819940265582,3.1018438208104904,664545.9327123634,12.536792208407457,133.88502580216306,38.59724217743252,30.0,330.5973920201933
6199.698178177626,305943690487.5784,3.030810175838111,1.6805888894081285,321367.90056959505,4.013932208033294,3110.882257675588,31.18966380430089,31.92689983388195,295.4989189967637
13503.85496967681,261298939725.96298,3.694748132712679,3.4176337785805986,142316088.3508003,6.9771014440327095,6266.743633543875,20.795766000046804,45.19600638299283,254.56137802771784
15347.387607150267,460761805530.5247,3.538561814423308,3.2837736050026356,430456370.6895533,3.0496434857473984,7539.564445031169,45.061648956085904,39.61928182705086,323.46344928246634
21759.604367512275,653063931256.1542,6.606110727101846,3.4260376678124285,184196.84900755773,16.44751576904249,1246.6786579137517,32.885663897403134,30.0,322.4207133463984
15276.125354798778,509390374226.10876,1.8078904564870746,3.116697018063209,1011152.7235884457,15.584483083886628,3907.1433170323558,17.5276387704807,30.0,299.32885479083365
10608.003447205168,201457360790.78195,4.0281665477590645,2.0886221848786404,48566844.20228037,18.211648231346754,4018.7878211188495,75.2340536372329,38.438786716709835,293.0851890385733
9667.509063475976,102939944108.3527,1.7438504612663681,2.6631109352693088,206102.3757532684,1.3147411720450515,3048.6239694116307,18.659266427715167,30.0,429.54818725438884
10934.111116150993,821870641028.2374,7.54920917983856,1.7403248444767974,13190588.783351136,19.29603395890737,4324.248969604987,61.78175883992852,32.905770565381346,270.7565142174357
16472.310126709366,479305203413.10297,6.636361340702126,3.008333463332112,25727577.629003435,19.33022536481674,7400.927632145111,14.765254994617989,41.283586499504715,259.87479119877867
21753.52047793196,62140121994.69307,7.884050395047088,1.8072793319856275,4064888718.152141,13.50447538132973,3513.8479126333727,46.898152689055976,73.00338490227648,245.87327734524797
11620.473610869343,258122241528.05835,7.41604345602412,3.233647869848464,3787760.2488959366,17.64087758031817,1110.8600274500743,57.236177230173205,30.0,295.46287454848954
6572.069292308274,804033974350.3765,3.5527830187545484,1.9811139050256226,697175.9019007231,8.7968355699937,5326.94204397882,26.417413713439426,30.0,273.7220346198555
6298.227893440738,751726573047.2252,5.9952921801487715,1.820823814565855,109028.81542525745,6.302415805061179,260.68245102187893,15.295475399201687,30.0,327.60497010177875
18777.349865964436,875816757080.7449,3.4926015686096545,1.641808727381945,405546.3810049318,3.129650697296448,7521.520963288323,51.5355222394369,30.0,388.3005060999799
20505.934703885803,602088223913.8661,7.273372721542556,2.922730256101623,567976012.1018909,0.6800104247993383,7519.702372161688,52.203482770363294,44.576996720463036,309.4075863865808
3079.3129564260616,422906511452.12067,4.169893654787719,1.8724075538100466,16772948.454307467,0.8878471868585038,746.2194026276154,31.838774923841285,39.01347476541356,335.212843251948
2130.691995401865,426635570919.4531,3.9432690223775086,1.8953356241234398,985428.7158881895,13.846755816701718,4411.585898264649,36.33353451359871,31.279150013395757,281.6573241104063
15063.624762033069,194000850492.89923,7.441446837516667,1.8393932077255566,4625284717.021954,6.764664576930308,6381.149043616258,13.19240357456244,73.4243344066732,192.2770301803323
4081.244482721108,650799310718.9203,6.938811869529053,2.1115902449369885,866346434.1472291,1.1285304074172144,3721.9820531706896,30.705201157979758,64.02751097965835,287.3050025567599
20704.27266618036,585069171024.0979,7.78168809686796,3.3824228682567874,373098.46025533415,2.28843607624378,3835.3853600618727,71.78217325316177,30.0,428.73315324020257
8103.199511139824,154865256564.42447,1.9321725562339045,2.473243355848644,2212008.413332661,13.32241111103379,7761.89802800999,21.990615702886338,36.94483417732583,248.82474840361695
4024.8623577929948,885663034382.4548,3.0817027072525893,2.0217558786115335,1766881455.708626,18.77667029527772,1851.7596629084026,42.76363260762212,54.245659332442585,241.0183740036207
23063.77657594253,368468834842.39374,3.455575361135797,1.8407815194089177,289840011.9865814,8.189164936742303,4215.218409291957,57.37783548155139,43.65122387785528,278.6267174860536
4555.527207014315,49739715782.30296,4.258288396205954,1.537802839410876,5342272923.864925,15.564268471515252,928.5956101257224,66.20175807577519,78.43277481259196,148.63572126610424
7475.642017279421,327881592898.86304,4.575345298665484,2.2299852941366947,240573.1697092972,19.47295711177591,2426.4968007279285,15.680441849376306,30.0,258.550224274598
4263.528182205437,869856844854.8611,3.394570782433797,1.7201229484521643,753452910.0604849,14.180571012940973,6808.726375639033,51.428528686714124,61.91059116453751,178.99769891680103
3329.5065598011965,916956668905.1986,6.637927750442685,1.5540239913383251,241022.2182784257,14.473978345024944,5734.424773245541,53.91031217715231,30.0,282.0924737124318
1018.1264002427808,490398926861.21625,2.951086939152867,1.7059594118716659,4822915.783611234,12.337220843925314,4899.910257296381,23.816695087755907,42.44263620817495,249.50179286173318
1857.1875245243727,956339983733.4779,6.027362536444235,2.1370430327848124,566687771.150526,19.55464646803422,919.9696339350029,12.15939619405545,59.831844720739525,132.48062920024518
4778.716037928391,875241933970.1669,7.036494051348633,3.0017274028765772,358963153.03202945,6.0311303853957625,6807.081410800777,69.10568288970845,54.50976434173205,266.8042600224727
1807.857349365797,825230891868.5083,5.4240385545373115,1.6339725023370526,102468.20198883345,15.670619596666324,2391.893284768824,40.80488824516259,30.0,334.86798302845875
14983.023494718795,859710204972.1414,3.8020330183033355,2.8573478475131644,1022620.8995281452,8.330807341131987,4284.512923167034,14.25454877596571,30.0,285.8292877688785
17177.505906587907,381876030293.4113,2.7212930742782335,2.7410850576024925,781390960.4529347,3.1506218597073854,1875.4628404568232,50.462009610771055,43.92379220134833,309.3269000433955
10143.946192384692,756469184286.6029,2.373250263624024,3.2639804109335757,427304.59506481857,14.80047887589286,4170.685182868111,36.383907230802336,30.0,276.72535837142317
8290.78187532521,577339425737.1462,6.3371358044689,1.8679740169441181,4284444.582623073,16.59656819848744,4501.494883364141,15.61409171216022,37.12609584685808,243.13036762825593
12860.892807044638,719684282056.3049,4.549357984292854,3.088535411357948,830706.3580613794,17.278802432929538,2730.3428496328756,30.097786262311025,30.0,302.3392121879265
21937.62108474791,177786929794.66705,1.8010770825878897,3.2297304340961506,360805.1077790256,18.44147597420427,4052.313959207131,32.87817863157511,30.0,288.8656771052368
21352.724857144047,731394180381.0302,7.894956795127031,3.4529682633034735,1524504556.0614083,14.910986284971816,3254.358483025544,50.24334869303285,55.428648679550506,222.80175054705776
1565.1390193134025,957592476601.7375,5.863470689428436,3.117098716038316,202632.3234664172,10.575990175056992,5582.988327388158,38.23334766059554,30.0,310.78978623391356
4946.71103511484,302664019718.1072,6.987186584275352,1.7475364016383672,47890540.834133856,18.77697375667013,4355.691751960088,17.489452448431003,49.883352097720625,248.84582297901278
6300.249342057702,986161337794.3031,4.348226363560574,3.3942580203268617,290638108.574596,4.230835239228611,7025.828041470732,54.473479319038226,57.68350145049632,295.7072813176004
6609.99560788919,378376636429.35626,7.710351035252161,3.1299841056075675,194066.73230468,1.5923297803170389,406.6392405879482,61.01594317797682,30.0,452.2941662158166
14495.199967697932,199724297297.53586,2.7969126360068275,1.924650368909354,146937908.29494646,8.660933121498505,222.84288274947187,45.511208057312636,40.06536158291084,281.94879968408054
10698.42942972821,112287117514.00859,2.7033847991023046,1.8303948010925903,4680880.739357303,11.665260821531163,1516.509328037461,14.434552036957314,37.62377729591587,284.86690504563455
1706.7259382260527,784962128326.2645,7.287175776007333,3.3728283008007627,1471384303.925512,13.615788230068336,957.4268416621775,17.225735577016152,76.6341540316245,151.31182400899974
9653.546392259505,554825845551.168,7.296160916037233,1.811397252211757,973415172.1318674,16.317668271157988,4211.907224642347,76.12521154958523,69.5492940466777,238.292787676447
13331.947243582112,307131986530.73517,4.743626655743775,3.0542067708181735,932234531.9442408,0.5837950668834727,1609.0710721720181,23.255575027669863,60.15059948128363,337.3941889213311
2990.961621141041,608450761343.3881,2.3176113098008613,2.3105185085263162,9847305.709817493,16.0508245031643,138.22851103673545,31.524618956851576,30.0,326.62253382589927
20919.734567819713,332101855739.8169,3.4839069783212677,2.9476105309855174,1296405750.4299247,12.022567155657438,2268.1502228704476,58.12596010550692,46.355765386595046,229.5729682811344
1773.0657283950543,448358308970.7014,6.40199019722404,1.6837027603332975,141224491.62567624,19.06130662373302,4078.5322715476864,65.4284931185303,61.319739503989645,185.87529481531817
23158.625790942522,862664263088.9655,6.998947402008472,2.9501165754769385,7823801.557702958,6.990553588259467,5716.89863294045,73.77132441999277,30.52211509919,338.99846931567635
2928.27196870695,668166808692.6879,3.7597558603413113,2.523822754638161,253133.5893219375,12.358720266398555,3512.774507010581,37.663002834315215,33.92901987668564,303.4434061644277
21167.58631414494,762402077302.8767,1.898018931809641,3.3007567706776957,215821.42881366613,15.342640705364499,7702.087483731528,79.4604402935665,30.0,357.0389262322278
22615.00202622662,583493967976.0248,5.827223430223074,1.876796834487913,1807208.1322286953,10.352088644028617,1603.626771540286,17.27233724776173,30.821451134633108,326.2859985234818
24499.48167437152,991398057487.5721,6.306730769348908,1.718712155950003,3147191.8833348826,3.1603560887225637,4117.355254895735,67.85739792102882,30.0,419.94287981217485
20149.63406670304,241410824880.8264,4.256095393114002,1.8924405969697315,4341516513.3061285,1.0435054517985873,2032.9379967477125,29.047430702250445,63.939341887609466,266.3921937786157
19597.199748897558,262291898427.65402,5.290134475516151,1.65715073449876,9992870730.643276,2.272443193716482,6455.276590389179,75.59636450364982,64.83268293381263,255.95612422426564
16240.840261890919,92559846179.39413,7.917914733906541,3.460301081723488,522840.5191961515,9.923346417838163,1510.1901039662905,70.84374168560008,30.0,325.92024215610456
19585.41068716416,554019948051.2084,3.092490895837786,1.7457132518225582,5174176031.228539,12.81019503145053,7693.192689333877,63.358942485085095,50.24440130008813,208.5551053983604
3796.5291061221033,613359623049.1315,5.224355009695131,1.9017018911893877,340957351.16267097,11.431895263032807,5735.685900021952,52.26232184958806,65.3479550309624,211.41767615589268
13633.666880717114,725961846937.247,5.471242688157176,3.1193714945527784,31120089.822560187,14.272677029755526,4459.351998337005,25.0119437159083,36.09418501723949,256.2396930844487
13098.460319665155,335446590503.3351,5.0691967741590105,1.9935087914035732,5935170462.70486,0.8279431393105795,4263.461084634997,42.33477523728975,60.14316938178149,298.0382871218878
21510.51753100266,12257789608.225336,7.149342126634672,1.9445866803810756,370225144.7598273,2.7699973945054968,2906.137184825584,12.435007732302504,50.365426684131336,246.43177598285854
11838.58445704114,632229904858.7828,5.432548957493757,2.8446195608153686,92954969.04814804,15.234745173524363,177.99822072637596,59.65825016577858,34.40506226614652,285.98671595500554
9934.69265445866,998695493824.8901,4.801285145543385,2.297530460879658,1115921.9498263046,15.63458825112728,7321.838889700569,18.111548721724354,30.666239002769526,275.33147449622834
16169.300145309197,294550059240.6387,2.2995976732976255,3.1709583076006247,1668091.0774891688,14.06076199463877,6361.549316042575,28.08017634828018,33.785221008532815,297.67480535111633
7028.351278770729,183935268534.56726,6.070859795407266,2.776538691325192,3610012289.185369,14.921329363140915,1087.516078363328,27.15347141562692,70.84073599871793,163.41840855565832
3924.326068371943,281767676059.3954,2.3586978497155524,2.0764294341689538,1189032.994338169,19.27062972572148,985.4160534801172,65.15640590769334,30.0,296.68619858156126
12207.993213581773,425416049361.57245,1.6727043068674539,2.6958465512393928,145054.12093851497,18.887162541372966,2471.7243680704382,38.0453467076088,30.0,293.37208143498765
10713.789530574682,250913678039.6357,4.675452559912504,3.232923243095785,2143559.23569111,12.90741272098108,6107.483838751917,47.4178684318543,31.667348356577445,246.6662727737883
6197.9635429574055,346960678407.5045,5.22089426896026,2.2289659211049235,25280088.970286485,6.420724845814565,4030.288591192327,24.603298929879077,34.34157437305276,308.661978896393
9504.039347820637,638207100372.624,7.99385139893022,2.972941443048467,8125008.119679556,0.33149232297480696,5237.136968073522,33.38714798632477,36.02941298587756,373.4643427993084
9476.615020743062,345028641814.62787,6.130124163959362,2.3316659607543073,4775457595.774877,12.650582012132208,59.49229717602074,45.832926015147855,55.64576221776279,179.18350848133957
8523.641328107364,396059548724.7099,7.015837081479252,2.5861467955569992,12384264.591608407,8.654511744399503,7390.399339928846,23.594272265173874,42.69656054467921,296.621267066596
9796.86995330976,40032222768.001144,3.7515222536999095,2.9674000555964737,2787811712.204238,2.983197663374313,1333.8296455060108,58.28687510054361,60.06583490394012,237.3573325037253
17300.711963670663,917942583680.368,4.8079454367697885,1.6210547426196877,94040443.78832093,4.344392072691645,2558.0211898748107,41.44871648019762,42.43484729739511,296.9527967509355
7773.47362699649,406886553028.89374,7.832748439302061,2.4098990446833826,41746816.41412618,18.733759852404255,7577.733015889296,78.85552917221021,40.43714756096419,263.1112211950726
23747.01920452584,328144187891.27826,4.213025588928046,1.690427031985239,632380.0539231072,1.3711396860874476,5865.819346569244,27.257127760246004,34.221013887375996,417.1475655733872
22950.52647868536,86485109761.18826,6.747387761215495,2.950011088944186,2265476.538288218,15.760041973476685,4093.4229765972605,37.72417200829483,30.0,272.7246878204739
12282.305493351925,634183581211.9683,4.918929265339225,2.715612530370278,2166875125.2076817,18.045884156364203,6904.698954284204,74.7264017879831,57.330568920291185,218.99390779638995
8544.849522614875,863825086438.8047,2.9557520349454167,2.153859320778557,793937028.3135138,13.78253311733176,499.4858306590035,72.01981718021027,43.901944555799794,212.91024859761214
13618.152350835077,41154158899.20026,5.272721141870738,1.652563026785671,17263021.930239048,1.2737657442462476,619.579735221493,43.89188581305012,30.0,382.8065589974694
21289.7319749538,145273322093.5681,2.91740318440709,3.351604924059836,3508413482.8990984,16.924765810203343,1249.7357414839746,18.651549437185437,50.8233194536877,213.99943621894167
16488.3898437225,146390682496.37845,1.5196754341923173,2.130007441095324,1247077706.0534403,13.083114374165193,2123.9225550263463,38.61469654625279,56.72539682247016,248.1136226364567
20207.599784703398,602275253072.9375,3.0333241005767313,2.0507535547934808,363430.7460784469,5.576806342469165,5675.147046921546,51.11314352618458,30.0,310.8545340002583
13551.695763610634,921230581487.8661,2.7554349103080873,1.7020099418351673,107066219.7392102,12.61162488797747,4264.016856637612,27.796039636400863,39.69823312376513,249.03695423838371
16006.481917056708,437768929297.1425,3.910987651796319,2.654706418193161,986770218.5841256,2.7740285601151697,3414.096220685571,23.379301468342454,55.4780251191978,296.797104025206
7559.812547470312,343807104387.40247,7.275879874760373,2.031306910779227,1100830971.2008288,14.167568681615075,6262.882042562697,47.20063637743978,63.9945729028097,217.03802024452563
18504.882476602124,765840919756.0057,4.021044978391393,3.185706164423556,286223.89641586837,18.064762582264795,2544.113180910348,22.32167944779154,30.0,288.02124955082394
5458.912531580099,742569319186.5896,6.993719578691442,2.865533567253631,1327565.1636291584,10.457541229136567,692.805096581474,71.21743164801305,30.0,333.39291452050907
17522.554156053207,246756892521.07034,5.111484630855278,1.5078298116188134,11619744.64291159,19.044513723331743,3180.163402703888,15.19686110004262,39.229281553900954,256.9605780209119
21587.617173984403,160827201481.52374,1.549495577446685,2.631349223332057,1811988.6466877465,8.789994608017542,6133.6260757132895,79.11804728356076,30.0,317.4921302090212
3736.519513887826,357810674605.324,2.7267886338708984,1.9636693536394583,350502.1880870102,17.15846228404002,3797.9448642206826,47.656010700895784,30.0,315.65795742560294
15552.303643277035,775603616623.239,7.553307293852236,1.5307342400555999,139316369.44278893,15.48428589675161,7817.41198065131,78.8493624376744,39.72083246268682,279.41618119457945
2829.8458316333977,695063694851.5884,5.427127400285171,2.7387343259748915,34464125.0713595,1.814168811148466,6850.457155633179,62.606123541979144,41.4259509113918,292.38203313310686
18280.032892649957,665854040502.4989,7.54205458071978,1.9098287204108535,595591.8845595053,18.257418929758444,6329.721329009474,20.70286595602353,33.907687246977346,268.20174431354434
2570.0838611762456,829428730734.6437,3.5157801319724435,3.2992716199064587,85488949.68539506,18.213031694140184,6187.712991909379,25.920626946174465,47.433944821651565,201.4061416816299
23430.525656165337,277131035211.0814,6.157655458837828,2.6467614819066734,204208.9475334407,7.060746524619223,4653.18131533148,17.486283269338458,30.0,313.19006489616567
3866.4942859261528,339684385785.7846,6.518163539332189,1.9183702194400725,8226314.26087493,15.879105689421475,7210.186119863122,61.0359704544662,44.852073112181436,286.22525800480906
23992.56602477247,42340408269.72538,7.84204741778566,3.4582548793744827,917465659.505534,4.531517027459271,4723.078179276284,21.806093101022185,58.01919768885296,261.8355615828457
20121.662314084868,868745907057.7576,1.6181471405982446,2.592883133222231,2819993990.5097313,0.6563420638638878,2986.5666892184595,60.020578640750465,53.02325893750556,299.2026697954303
15045.209109425676,582430152492.4431,7.6895418983011,1.8309443442527504,1683345.1187909527,4.198345765778167,1575.2519734078173,70.16489434404494,30.0,407.17254504296244
19674.2905634239,298122993761.4014,4.045336414427073,2.534484340338148,1984010631.1139834,9.705557390917221,6506.628354883036,38.82001107510408,46.16662972791545,223.63168478930336
19980.313555085602,69417462032.8341,6.946950637341636,3.4186981164461985,2876000125.3399124,1.202461694499646,2975.387026145138,56.27262569307414,59.93410536247943,329.58610155368035
23677.663039024592,723409779752.9565,5.040633968437046,2.3484204616844373,108245916.7828612,3.2421233530725098,6329.316842775945,72.66370472272338,44.00148971728615,365.61558619232534
6707.892169060086,748737770811.5415,5.170222029716875,2.350691023789476,8144969983.002221,19.011237967962586,7864.192533456219,62.71879270643953,81.52263784858833,153.68710347662508
14956.859436278575,666178985936.3705,3.835956273211926,2.422253444449597,1701684.7700179373,9.902126177774896,3195.66572207953,19.153243368582004,30.0,280.43854724848234
2828.70534032783,203781767165.75858,6.885071837458284,2.0602071023089774,221243.82617067068,16.47085556914021,2732.5227559301993,30.475856375632244,30.0,284.90573873383653
15596.059650590973,913216145292.5464,3.2160882104459168,1.823567226087303,1648981409.3139307,4.172123847389669,1369.0413585833044,47.494633164166494,50.45435306563887,259.66506932708717
4696.636950273326,753158265862.8573,4.699569010160943,2.6578554067368527,28487431.637697283,1.8160077771610135,3808.0592930909143,28.498839502165637,38.923111833596245,344.3182021246529
14341.289981074826,657756665827.6467,5.14113424198859,3.288400393435103,5398453.8805414485,15.62193371741389,5235.607512308978,45.414666242429135,38.18839421021379,287.1429246152671
14524.547593829318,650944272477.8641,6.326387107278674,2.971459483802839,188870.51192420506,7.009234880547439,2509.166029675223,76.69815270594964,30.0,351.3655589072632
11916.63624804007,904357795733.941,4.565629690769991,1.6923748152751028,210437.1416138951,9.223098485382572,3890.468215665215,41.72169462902676,30.0,379.36160696014423
13304.47850007151,928307204789.9907,5.92183884245671,2.301697952110856,284172.6344128464,19.842974057838692,4301.211660027344,28.316889439260226,30.0,280.59975469175913
19216.123055161403,595637822372.8219,4.65441162626184,1.5105917598110041,828347.5704199199,6.364784989688248,2209.1463580462355,20.260507514530538,30.426362149473878,337.64515446975037
20081.495554545632,416669994293.13745,5.785584140230865,2.115880771774153,7112210813.730097,9.489258556118815,197.85641071807166,73.07682521185428,54.05381774278865,226.67138177100227
12557.753781598014,363734615825.43665,5.881932595352963,2.838753185228172,2552823.036876162,12.714486067769348,1732.8351010985948,26.085523237089816,32.299110290828025,285.9445686567883
15190.039317304001,819079022001.8813,6.111370143440085,2.08046856698202,1216848475.26346,1.82692217552571,6427.1655941359695,23.55340688933829,57.01839489348532,275.89899651747584
23315.287774407494,644605695228.9937,6.851448660092119,3.181116638190333,125045.74029389033,14.342820455141354,2231.718121624462,48.57960973794304,30.0,375.4573269006216
3433.472918277509,77266952987.62338,5.014696646239463,2.454768427081423,4065138.114520445,9.06203385448696,120.43724253847543,42.319773632394195,31.62166757377931,323.4783435973567
3369.0373645527075,142186870829.0142,2.756308065154306,2.838336325679885,3395956862.458586,3.5415388267978622,3405.3397669147507,36.99654239884916,61.193351500017215,186.2893729931753
2648.870791813826,900185994918.9513,5.917665470523859,3.267730446562967,841790.2948982241,8.639310101024025,5462.945217896263,50.50561778420251,30.0,358.66010791853995
16617.65048349293,884498263606.3528,2.0012675426990523,2.8656206172988457,2630980.33536541,9.240323559650191,6021.751422712522,49.85841206792729,30.89404571305604,324.1748442089823
10755.903369364298,951832496865.0201,2.9232076459976963,3.294652408570945,1356983005.0684125,12.832702649421014,3317.0477367488274,14.788176271620486,62.372054269802305,203.5003215424703
19470.87469547516,427851539477.3564,6.6490239363211945,3.116130711850608,404537.17027399316,18.745819636911353,4579.148547978953,39.0443063505333,30.0,323.15478484961085
16945.16962606052,784061123579.7994,4.327955938145429,2.6341284907887808,184465.84000976794,15.313058497797071,5966.610929707975,60.46906312334336,30.0,333.55830728510426
8674.125079041834,828225199089.2943,4.737287089732911,2.0944662000349488,6759020675.593295,7.679878306186578,7115.039603781682,36.717540284191024,76.15876494767026,224.5148783052028
22509.980410357624,315697590141.28723,7.918079970142945,2.096284809302712,10567172.41412909,19.394481894750733,5122.794894781754,79.83615433427059,35.80201004645527,285.5516563918967
19182.037603230983,145338565889.431,3.0286211580179665,3.250662179716712,194695695.0609244,15.827081887849774,5529.993514857593,26.47695426796353,49.138335007345894,263.2193432825284
7128.106052299305,997026364612.8113,1.6270928719835747,1.6077684594770036,432095.3145169582,0.607638531148801,798.4142713520513,44.74550003642886,30.0,475.12179667833016
9422.704435415324,30220173532.14615,2.2239219618659867,3.3828736961936476,1261499.2287434468,2.3758989577058918,3369.3977985986,57.175049636566534,30.953197977944438,384.23345530335905
8203.77951500444,597336321375.5243,3.0892620877953925,2.1541196003843552,19948203.537220404,4.399322682793434,7112.78121034878,48.35038798274957,36.07356986501639,304.03408360689616
4361.485391312492,650212623969.4347,6.21848015857705,2.977742119626811,237556045.50240627,1.7158964809869746,1294.1532469998433,12.735118534812493,46.4859839152254,256.41628497325223
4120.692627283695,681789660180.3064,6.542843207900953,2.1600595052748965,2925765.7771256478,9.734273023378785,2486.5757748663273,45.95663308985757,30.0,317.73024527351026
23435.12285270573,255628488341.34573,5.17567820109174,3.406602778466321,2649529474.7761927,6.847324941733719,5426.928879628988,77.64990184143382,51.32608053417864,235.19093728809125
11228.648911369455,721579522719.6064,3.157801591538049,1.5729480603134516,804859395.452539,19.4598630014406,7217.570972219809,38.46647182157375,59.3168259281831,193.8224648768447
9891.33565804654,216400346881.70224,4.891322314424354,2.206637753280633,57251840.71110367,9.4810851401609,481.73252943809854,18.132521510371166,36.14083185038257,269.3515910689238
18377.29986259576,829038426713.4266,1.5972241135705725,3.2349220940544883,19772241.99460077,4.282489460505894,6965.230891559695,11.488088466552798,37.97899563157133,318.00090717556304
14048.330098696048,219117454967.96045,5.931706127821676,2.048113078273947,125231249.47636718,19.416080342611497,1770.3784839242205,38.85853733413565,38.33428498547655,252.547473543738
23435.429677542324,696706332370.0485,5.492934110159592,2.0512389531865516,455319061.7311825,10.301941738910152,6888.237929092024,22.970777303062007,44.75736592982247,246.38853764800587
19617.386600780108,783413702420.49,1.6416775059800333,3.297503632137232,472880.5772117527,1.507542438166371,7114.992164003497,68.42891226582884,30.0,382.1915801076573
12244.554321051239,188946561516.4383,6.810575618613171,3.1611645063451714,1833187185.7661798,1.6634486893195615,6206.104578471128,76.65802315338503,61.58435795355761,320.6930948741472
9720.807100280243,237987249646.11514,6.462272478553792,1.7115423905927785,27990710.229486372,13.522089004770391,7391.294231321648,75.83710508704227,37.97205464359333,308.6143338182187
24672.47285064589,779103959630.6282,3.5034543461940353,2.6603598197386935,4750288090.357986,9.921177986098927,7689.653130516697,36.21706738945345,55.32734921417258,234.4188433317943
18085.125782089264,85999885635.98122,5.6299482291099885,1.946790376679851,5993934331.355734,12.503404748255472,7402.23696095655,41.83299425648227,77.19074153665807,170.42658920073745
23804.269170094107,190761761705.71167,5.409704262522325,1.930276543529716,142424.30376046148,17.00071716343469,4109.9012716252155,32.05558096340275,30.0,313.5980032927969
3402.7251418175133,455531450659.00903,2.430671814974657,2.730807973807125,8363823.874130023,13.643603038975332,3714.7773376283544,19.033671961325847,36.83128603831887,241.97300597859865
21338.075140174173,930181998562.8418,2.7561854572433777,1.7477323283300252,42767815.33826241,17.242707667608297,850.598017244425,49.13271616330495,33.32817590496512,295.16528470916006
16108.310157784585,561878273015.1755,5.940839885482842,2.4395580020059517,49885857.3651554,14.866635374605236,1736.5668420127747,23.034367676838677,34.68368516845069,263.760614151407
3487.0811192102583,387678460530.37726,7.568085700755056,2.01164346852576,1294097011.3750849,13.50427507222843,5222.399432511974,14.158573828286634,76.7159882488101,173.37898787687087
14912.320999245907,978370243852.2544,5.245848084541896,3.207844945154715,507598.04078217695,2.7372398900452763,1027.4611629419696,69.46033280702217,30.0,380.1436184555634
17309.360945083496,463711842509.9823,5.190785446137042,2.608988464736264,129542850.2925962,9.682410876855018,7539.620430960117,65.89611944597067,37.26338906984208,257.718682012786
801.4158042707695,433735539952.50836,5.70343101557495,1.9302176625232303,5163984609.275437,8.690199218710124,1824.0975028083058,74.83976957330358,100.11668905575469,142.55551956117807
11630.79006512279,411644905243.4066,4.363758951157838,3.3529313054436107,9626224124.804142,10.836872198622283,712.5686077371549,32.91840372002028,77.80972211541669,193.45175004639907
20722.28802430987,312180760426.72363,1.8521182827587344,3.1457930608135034,112312.39925775482,7.8533000602906045,1889.6100392362164,70.95043817501622,30.0,361.3714099671522
7736.296120930202,325695484042.7746,4.077275003710532,2.030584460731827,7291827975.624238,12.427723107187207,400.8036002414441,37.8916351016758,69.58318321597864,183.53987140681878
11734.428004064503,687837372092.4381,7.351639365766283,3.4221018156082237,408366.52915434615,7.879494695002923,1337.056105351231,15.094559935636298,30.0,288.6997995027239
11336.696113163383,40836556506.28379,6.732154202545066,2.0354778342840922,48389673.14307891,11.174476825617246,4705.595667950948,42.048877340944124,43.95107498300178,268.17459492116325
7897.221090341044,681817043829.5933,7.528253195750925,2.085286244093953,1705489.4860147214,7.927762432162862,2320.415874367447,48.76503071290868,30.0,361.40291955520496
23001.826440131077,201205296921.3747,2.4934053033606687,2.2719267086095556,107635414.34205528,18.040258698793366,6411.27179965029,40.246476320173954,34.5841831570492,256.90855903003217
19641.703868072138,384208618996.4897,4.788725420752392,1.829610440909135,153155.6273210731,7.49964282996134,3243.8225436546713,64.98051063961931,30.0,372.3060529605574
3209.4160694047073,146539826021.35944,5.300733006284134,2.8740322774255356,1554760.1594794684,14.632103529267988,5714.5772355635945,34.62794434523036,32.48271190404851,289.4814298939808
24927.34911702054,552751491321.4257,2.8645158149543337,2.614674651655587,3183304.374005024,12.29401663030921,5669.268162952639,74.47427117377278,30.0,299.350265716502
22040.40059553976,729350715601.6947,2.8063065552483053,3.288924963103846,3784738781.975205,7.741194382439588,1094.8681456577856,15.191436109158587,48.454603758754565,248.23458829458232
7455.756727668954,354656221400.78864,6.5832140621782145,1.9817504512930664,82822385.32565187,16.16223981552827,462.0852570806377,60.42851369402452,41.38911524993666,275.4720609150698
21003.966201692987,163417414123.68542,5.8670374608393425,1.8404617731983988,347575064.3170588,18.554965029703,6737.531979934943,75.0284585532646,45.11521169418594,256.86756344796834
3107.27853084888,226506355425.5936,5.706718989298541,2.2172467853590594,239925228.22153786,15.221662422320392,5609.799508333056,48.721354575440614,52.05856239496662,217.2452889994095
24978.065896618846,818113100412.654,3.2354184768895973,1.7922173670161774,9150433.791305399,18.974331515394564,1408.097464475424,71.5074807875152,30.0,318.61014946020293
16809.276034610153,267649467411.11737,4.794001257606844,3.3923020563332202,117518.2573578461,8.754318502701292,5443.13525528713,58.42818305673219,30.0,315.129402692563
16428.062881190526,774702818308.6342,1.649954697680631,2.934893393738817,342849.73358704144,18.27911413012338,2642.4491576172018,11.01705343496439,30.0,281.37521969069854
2715.7978111112525,331200075606.80426,2.344649341902781,3.0923833092983264,19680785.22833121,17.530648270545363,463.46512785461476,56.9871251089792,33.51726789491761,322.8113330602624
22477.318272967317,188733365610.4082,4.868630607945143,2.9960872467441764,5087142396.559132,15.259626940838265,1837.8141935036128,55.9593161668504,61.88990838390351,243.36458569215327
1210.487828509501,727308832318.8713,3.512869791607433,1.9856383495453738,1753028.7439638993,16.7122538683189,6048.880771933248,10.001922538356178,35.055265356545526,246.8684023417659
6400.287422008102,468545560930.17725,7.776853419827358,1.781313276040473,310165577.7827328,14.616166110225096,3131.9107138315926,38.64125093943506,47.11910884130665,230.07480631839212
4004.035941582558,31278219997.55513,4.5646507012355695,2.358867166018898,1358248441.890477,10.27055382265059,4363.447536104197,12.715959194333523,60.72373160881375,167.8968725760039
19530.814546959355,959942459401.9792,2.0431670163195292,3.1580382435489627,3419215085.4378057,11.070762065281707,1100.9720123683592,30.509915824816524,49.061880210294674,223.2831726015167
5356.003566715998,147754297318.66235,1.6159752571595307,2.161030657201537,2933810.5099484497,8.382851214397808,750.3570237544305,79.06077352575508,30.0,319.6090903565161
22810.63656470669,353407623046.1149,6.214176180009864,1.5191258844566287,4533314744.2057295,13.30263913535689,1921.625388343125,75.81989282476113,63.94730185676308,208.84456325581894
16578.59146352351,384795250201.0723,2.6147937973270405,2.8201214042429408,109625428.18663386,6.5295580617829705,3785.575813785877,57.940149028979015,36.14342333234646,281.0190209370465
1385.9864071200573,489430409828.51404,2.7207803985328836,1.9001261417063282,34836452.29992546,14.806206575346861,6777.459461832916,35.6796460572155,50.64322321821709,242.8010465359862
633.0309361531613,785444236890.1483,4.254746947164362,2.5856703247832797,779763961.2480786,10.127051443281593,6109.4990148705365,37.75163509918473,84.88240239494817,151.54116554616323
1765.6189668527736,6091273584.847089,3.21639382949752,1.5297601000512377,1561575.7883730948,7.096098910351725,1288.9146464750943,12.675028112441726,35.61652464271439,313.3362955647675
15345.166852369328,932472118864.0233,5.507751018350231,2.5176997112431545,1155849149.3152146,2.9871969681952497,581.0581475331715,33.679944273015764,45.36084773853996,262.0178239401193
20136.304366055676,645989814213.551,4.657001296954465,2.287216971534419,177751580.99401397,5.147741884507286,1811.806886031529,64.90691719738749,40.82531353097544,294.7608545481768
6344.544105371017,950648928500.0564,2.2244289096019956,3.2608239739654006,992728852.2804545,12.821997240487939,6820.104592790638,46.354706757217116,51.354526213169905,213.8842646615803
21310.516651615286,817389720026.9484,6.600815511411414,2.9436275988880602,1899376127.5833695,7.4284936458223125,4131.621472842643,43.36744432412165,56.85939236674916,218.0717455659525
1902.1825337548794,927838290244.9988,4.268082553692612,1.5720563098057911,122106059.16894831,0.7117240675268289,6457.151624660608,16.376854446005883,66.6107747364511,278.3269164252375
20123.61441422107,601000949935.1271,5.470423077330453,3.079044793277654,152642.52449373002,6.6282736927548305,2962.9617854801695,74.33003339975684,30.0,367.5317686139691
23230.98803922087,357309625568.19196,1.5256251614624312,3.0824549087513216,3081330.627082903,7.358836094640245,4727.640326050879,29.815125358317506,30.0,290.76766202365866
19416.655778057324,442914620199.5406,5.571600217337491,2.8268190966662297,2455266989.1193695,4.724302571365526,4761.9154148657935,36.803196690143764,59.96664680804852,226.00794601681275
17603.95920747661,658032652351.8025,3.338524070701074,3.358593471807324,136390007.98365328,5.761984823315389,5017.5574799652995,33.149689688691886,34.892640985705384,328.99933105126684
21030.515357056884,426932432834.4765,4.713409830864958,3.1065070553322722,2820212369.638778,14.113302193165605,3766.508684344329,33.01138717535066,47.60102963070875,210.84857168523658
1483.7068389031274,731673051795.0057,3.435183924838383,1.9377973292039086,8368401.530820669,14.938015754912959,1921.524413928973,51.9526768325742,38.677361004653406,256.88549931882744
5443.661712616857,91848924232.01349,7.975694840174578,2.263091770048645,33391603.823129594,19.180034371538984,3433.5939442608583,53.89226402776519,45.60337919368823,277.7323043991553
3560.6301429882556,829986818998.2397,3.000475045625553,2.1998464448727466,2055711715.127878,2.405860896134448,7798.320066992192,51.899347389537596,63.22692969700087,202.12406377102806
12861.00925972817,204189435453.36453,7.433587409680168,2.5098156328788073,645887364.9048212,6.268913837157137,2184.1768883703025,14.794868892105255,53.668166587879064,256.1458466800598
18757.10914405669,943947665577.113,7.46678310689446,3.407427240395271,7718015.677919612,1.5870382933176648,5801.378379484798,77.86762377087206,33.528343259172615,383.8849327313505
15935.290192121767,155546644391.468,4.23650424407339,2.7311967368956234,129763.1651532445,12.285409491339275,7558.385935170636,59.97913872460031,30.0,296.30923124886476
21352.711944167408,129165066938.20172,3.4760202509018154,2.125878118840258,2521725533.0161514,0.3769464514109248,4534.382833764162,71.79100785031105,53.53745950542551,323.58746775961293
4302.718314806727,811876298711.2822,3.9767310548421424,3.3830354767708775,854642001.393218,4.146859009801458,3919.7945161612843,21.17685279505773,63.90451616039092,197.4223652573692
18498.21675241146,818702009001.1866,7.930704068046687,2.900542945659394,17611816.570834152,11.760251891983488,975.4939801505051,75.24756491146567,32.8670132636506,309.99521779548155
5229.51652628815,738759681121.8274,5.522175477694439,2.032161046964007,53852074.22334502,7.206836014736084,6028.604844490002,60.517646657144766,42.46187321666375,261.5747015836166
7133.5894072861065,960530503374.2407,5.041071545834151,3.313025537604459,1050896.8388750996,10.91030636886011,7292.813202284084,45.050101552874885,30.0,285.04350650036486
17892.665083391945,270540358145.78735,1.7334662287062774,2.1884257956055313,11494906.662176313,12.822738293861502,7845.671674906645,11.619275866645854,35.57532144247532,261.4185184488529
24515.017230017704,826648912341.5486,7.010979697580667,2.5324225511689686,654601.7093774551,16.78685435377396,1621.2434336911504,27.72300390539036,30.0,297.289292867837
15482.818346438205,352041178002.8908,2.0447354627467935,2.458445691379501,1129400.2198842764,7.887860665274469,7361.242749986822,68.71189578528697,30.0,366.06866812767026
1835.257717286742,537399088170.71515,1.8053203857234787,3.347261746598374,1705483282.0963938,5.613993447040468,2968.4409554588706,36.5427189769041,68.1207956578146,202.48772317594245
15599.569763224554,445600584101.299,3.2865775597669478,2.031326718801969,6491751.528805774,10.799162413560362,4957.028581558154,57.47937091673389,31.88137622855543,303.0038802025861
1537.5885137140938,5851016823.584562,4.592625932873869,2.1666134937326254,1184722440.1712134,1.440142088104857,1796.9685834244372,61.15551209823644,70.4987165613016,228.14191986442407
22161.56992848702,574462619076.9642,7.319378240028604,2.82032036667462,23415278.101888556,0.8861887440959811,1994.634272351678,64.29547955478209,34.330963870107304,357.2981390124642
17884.667984965206,747506140258.0652,6.635512194038451,3.2732314058273744,225885.7735130446,9.072132838447477,4955.47568449724,36.76465980768584,30.0,346.6015231755029
4741.632237351329,174553209022.88766,2.7846089392879794,1.729768181337707,6421491.958478794,4.400671063162882,3883.8147140617107,73.68833647519247,30.0,347.19353023471604
2747.164642692853,931655930237.1755,3.9185169347772977,1.919767037810909,618539.2637347756,0.19397067550669256,7715.542670195013,30.453997135932518,30.0,506.1515742963969
4996.564107567815,530400009018.9644,6.571561720022737,3.396068964968459,293685208.0708961,13.603440687102351,2123.0667272321775,68.52452188253619,52.49680556044257,230.03130201227216
24510.665899077718,178246824905.09036,4.926100908549133,3.054594208808861,3605539303.3235435,16.332302958071313,7025.512927830906,39.73131492831601,62.403789623105325,202.17925545111754
11734.735740233,645947924969.3143,2.634197623156515,2.192139534975766,653698999.9471751,3.0001774805961468,3689.19262282028,26.396019704865196,47.33316467082126,251.52687224845155
19709.983234364496,191923516592.63547,4.074358817409167,2.215269616159256,780167838.7942604,11.299850370317888,1085.0869843866587,34.04145460587962,50.087984539292066,270.96389400911977
16092.004381640532,63534284761.98811,5.5685827293130945,2.439067741332671,2038603349.643245,19.68049980878451,1920.6224587964487,65.9694407164366,50.56711529552628,218.75226179902918
14524.122173986614,685315557103.9999,7.825966886257426,2.847598999505388,764404533.1876208,5.411675883804869,6048.039944701114,53.04093972094564,49.63304154104326,231.9054213263943
4055.6912392937174,110695772610.61118,5.8017783565666585,2.6220822093027323,69641202.58453888,14.629753905794802,6614.803652627307,19.56750964384065,45.651129480989894,232.25244356745173
23677.599112173328,106218342158.98694,1.6052685545040801,3.0522399049969087,372718927.1068683,3.28394642338839,326.1110815503665,18.677708181440316,38.838570801290594,281.03107545865004
7882.894496610589,739943823238.2501,6.082553798111433,1.608333583560283,12016383.201021696,18.645254982585428,3286.1367961167393,58.104056476392266,37.890932126980346,304.2737128177525
14661.421787284784,55203178005.83795,3.130621248471998,3.1380814850303396,225912.30123442033,0.058650024455213855,3958.4394772091823,26.764459156348966,30.0,576.1258344432327
17644.51064243212,809769369278.7756,7.1040329423897965,1.6161027035049313,337208859.8008215,5.929867095576722,4924.116511701665,24.606163944232243,48.62742756807638,285.6632805389759
16406.212303510067,796148962499.069,3.9952844034699004,3.261947850043539,405793251.668101,19.529828742545586,5208.430960585908,62.465123684594175,45.61460673743374,270.6521469348713
23544.563037540203,141394286684.33792,2.7974977454029517,1.5865088706949977,1314053.2120103328,13.430270248132489,6646.164299534122,32.58575710271326,30.23454655645794,312.3261078870916
4136.755253041421,518381128896.3216,4.541656712316524,1.7556648627576052,5884476314.618101,4.2763197079968895,2194.3826150325453,14.781368194968204,81.19537500368313,188.86200274129592
12954.64209195008,96626394343.45139,3.1587868330475355,1.8603687436340959,183044.7019615174,15.837743357237995,904.3057767924488,39.73844101085591,30.0,338.17708777195793
10398.842573148766,632571587214.7675,3.032839675236029,1.9461015642792976,478404483.80742157,17.96680731222864,1500.0293213901173,49.84250929712745,51.69411663155437,215.0529839544855
12117.133872324144,62930950040.5336,5.226201705027704,2.303524145180507,6956518479.444306,9.771059856209249,7495.401387015817,52.10424379043045,81.18157857688982,173.8056038133634
3420.829391844743,944480911841.891,6.487750760530717,2.8109640137545564,3513572.250697893,3.1626718814925283,4377.9902065412525,14.095378567569465,30.408689901615244,292.6436874689119
3785.317941882751,207731527638.84628,6.9272034320391915,3.285206763815556,3650287662.265421,5.2089307935445595,1760.568190268445,41.749151676194025,65.61330301742025,205.47159639020924
7312.850871640806,682894973053.9891,4.084854158057542,2.5490056202729505,1355755160.3690996,18.86512664005002,6289.059533063289,35.16933953035661,66.91318004138505,157.51077480235406
7965.262792140367,128292296085.68567,1.9342244633801053,2.564979481694416,525469273.93353134,3.2640008010610604,4700.189130095516,41.42543270302969,50.18288959747007,255.5742003712467
10983.628735193075,209597238730.32816,4.645837490026096,2.1386101958993686,5874323223.019333,6.272541397191036,2944.9491138747303,12.918811172041003,60.45555186326694,181.35122100754958
15469.194902397392,450950197933.72174,4.319579600684508,3.101360848611698,186331111.2516245,2.9534766086915343,156.23721626174685,30.69248373492568,34.335173063292075,351.288211872251
16048.413376747443,573096568245.3749,2.780363163644756,1.7209724562363948,29812833.99428734,2.1568379278521324,6264.463818411261,55.04209771263232,34.597487368545394,340.721380600491
10589.366966346472,998863241528.4425,7.324941857436781,2.102206361316374,239003966.75811294,10.46439991887167,5742.358111248523,18.814145301684263,48.672091051672396,226.14808730078073
10515.186181003079,25927202164.716045,7.831963644634477,1.6939628274782863,11458267.658167345,7.964350361324372,2104.2321468981113,77.14542721761711,39.42954468833067,347.13531241001834
5831.898904075569,315419329.66731656,1.8363567222150292,1.9283616376524277,4211490.9042651355,0.9710603146447462,2132.303593085569,79.57375250758984,30.0,392.592021713238
14913.503086020703,350367744347.8533,6.672351469073311,2.673195823111568,257767.47962511244,2.946637790293793,2179.189355751045,35.23096101442386,30.0,365.79278155765877
8267.502327272328,366157001646.05206,5.697157626620002,1.7519207759618245,7763237.845976806,0.8012846727698334,5366.6540402365035,57.6668805428534,35.88018586255832,384.38340854341084
1383.4659397954106,883837352261.3955,3.199335678078402,1.7012355905270433,1037469391.1712025,0.5405694952786224,2360.4764984672715,54.47404660070451,64.94008439690083,251.05451855770127
10750.80108184308,912582635114.7543,5.628514768838284,3.1518216228791935,5335546894.2481985,3.6104783714521984,2489.7984127055224,21.701537096192574,65.70515195036236,205.67978580042134
12116.250539709174,880525095834.3424,2.3361807459425843,1.7365982561882747,7512052040.116109,14.885803382396627,3019.1857611890823,37.17358766316978,73.14591773237554,173.17111056887103
6027.025271003169,143179607307.2973,1.9511423039337323,2.7161066998243064,1078026.2964812391,0.3446608657717096,7841.80859691868,78.64524047985167,30.0,528.9311394980482
14525.219361491834,412105423076.2383,7.957678987839693,2.20402236578834,71971210.93652852,6.124324625960166,3686.18627146159,18.93719870590044,44.35448146276943,274.03043255815004
14361.411560582063,745885416409.861,5.636404079981291,3.2927342435524922,75638131.49532324,11.317522017204752,3025.229089020041,50.26237403271712,35.791523757865654,267.8722133715284
17699.0534372041,312611755173.17365,3.145947059466018,2.915100073616437,758992.916551005,14.886886190297083,3765.4835913787324,51.94265208856014,30.0,284.8471921805648
16374.737813929645,663238365272.5227,4.425220713374479,1.6188604630261207,80935865.2345101,13.573943384233134,5756.4360037262995,21.726779934163027,40.58518145745069,253.21339230483355
16484.609884765276,237143626048.22882,7.6755731849359625,3.290936221018629,6513496.762075203,19.76906761392235,7070.688975043191,47.46737024405922,42.78437876751843,260.7895385136589
8247.246719689057,323419934541.5501,4.351712944514263,2.3277977890720716,5152668227.893061,5.548763885310483,7926.506511824626,74.2223465434239,62.93923703275148,201.45773702719976
19792.08943865587,860429788918.8345,7.3528894580152375,2.0964548979681967,1888039.1744763623,0.05276762365176274,3893.6531870742137,18.095934824365653,41.31164335655898,486.0994184001619
13954.037398192146,250509785579.959,7.147259786860001,2.8455640431257314,1495567357.29051,0.812474553780838,3686.542841474034,23.28200961469397,53.24746760514273,288.8040883162014
11069.745781907308,964324122560.776,3.7370160545904816,2.935947842465456,3049847622.780588,1.9954982728794992,2649.1895529109133,27.894000686766145,68.66903790081619,217.38060807730417
15837.3057830559,306260254677.286,6.024058526501166,2.1065015537417215,477926682.4329151,19.505991887250875,6234.949990878635,62.56857092204529,52.274535931938104,244.04203002533666
9336.10469403123,23529086295.16753,5.793240274586851,2.203313091994091,1184094.5697479474,11.42246347131987,5248.133482306231,50.40759925139521,30.0,289.89081474436017
13062.111492865577,254901648901.66666,6.512877159028972,1.812661019013381,2003758.3347180942,15.997402251762415,2913.2824634466524,45.24829191199797,33.273049164351676,310.23519734957836
18549.289367814396,171205771038.48352,3.8785395677386556,2.6868871296183485,7171158595.428427,19.702326369216365,4153.1480359544485,65.444494716439,60.68648295764846,202.06912820081143
22216.870724730838,506827459390.58356,1.8395372402378627,3.4138181066632436,239411.678024162,16.893144303537095,1654.5079785484604,78.47870014513656,30.0,336.7994038487493
23065.901333732196,112716953611.79369,2.6117550672313214,2.333248924686787,384972.3481139042,8.181936733490035,5555.009252561507,23.717063594438347,30.0,333.0058036043651
12839.006666985932,626049251196.5325,5.507598969879434,3.492412363188869,7813554970.685673,17.52383463864835,2024.4671414370819,66.84352931798476,62.02324543832933,220.15182755077794
13246.740311143943,874899195657.4241,6.538151214832798,1.8528292089916785,766432426.8645374,8.703330784302997,2802.873091490251,35.90618594993667,51.957626490295176,258.8457436090791
20096.825063713994,362519519284.8539,6.414316124481374,3.09219891808357,539410325.1932782,2.323662487244224,554.2674597269124,20.219385663123695,44.94843082309316,268.89895968852704
8204.04194773293,168493550812.68512,5.293930303247699,3.3562165072285133,632468.3621081818,10.985220451964665,1766.7647992195539,27.956407064945772,30.0,288.89720370431434
21015.86787745418,400025595759.4172,2.050927947146801,2.8761087053265015,27841597.945848923,18.319159448717976,1567.1115810908084,37.95075381640285,31.046169310055554,256.8626828138263
12606.470339676875,785967035483.8055,1.612376076707781,1.7186525786217315,1598869479.4547846,15.701539077606668,5885.100401228069,72.94126245149874,59.95802998621227,224.88638262641615
3338.4897462140757,591488082591.9215,6.583921422593472,2.1530827076769103,4409136.1135058515,8.068447008537449,5558.797629634117,43.48866718372017,35.972336908411584,287.9154465219475
2265.4491032871206,101144112184.38979,5.070946822234108,1.6713316263545832,920080.1517543177,17.104582369204472,4309.769032750808,53.00121438205404,30.0,278.5015486468743
21128.833670466847,537187617139.879,6.587628667754801,2.7034962418316013,113429.64916972734,9.310440771140007,3102.581526643395,12.326412569092398,30.0,295.7476338302223
1861.4139642185087,468085913370.21173,2.5581249996160276,3.4962976183178625,129632060.53361735,13.70726580201348,7116.410825504779,14.48046982007254,44.807432636842904,197.1947325349719
7374.9801852745695,327112928908.90546,4.148250610012433,2.249509226470518,2944771.1618248094,6.696046616797415,7073.825948307959,75.68328437692314,33.839672382968715,344.9072772495144
8686.185992287872,110161485892.72723,7.474600366006825,1.8258900850525226,2081431555.5219982,3.93454443488685,4826.653033859877,68.68224689872753,72.42297304939954,209.75285955986428
4738.363907194048,981111954508.3392,2.615386943106577,2.0372803893340503,2615715.0657423693,6.303734555544201,5267.004879737365,44.27484554758247,30.0,304.51029225117463
8190.387560148736,176044143849.93573,1.8999248747815383,2.6416039384203778,572636.5452405973,17.50951444781289,6373.641138465179,24.02787811280608,30.16153762687689,238.57663087402273
18695.9678847646,192743698047.85468,5.747537994581364,2.637923573668539,6342165342.087421,19.795931146486712,5784.971919383688,12.812293481233189,84.14786004607483,141.78429950792804
859.7296672217338,145583546519.54373,5.364486214041416,1.9596416658726121,6666303180.1813755,5.315140767405516,1806.9628426787704,78.27441963118159,89.00569387627355,162.3968034643529
20765.74890075682,570193468505.8994,7.688198288075267,3.00140948107565,266145508.74090165,3.349000086615234,4031.852006552297,10.397060151632816,43.30918680621302,282.22523205894333
21485.426577576676,443670130813.1259,7.392044736856692,1.6760245829867209,4384585193.948889,1.4681004440408718,1223.5683705767751,26.635344973019958,56.66172590019556,260.5583805133681
9620.40854319293,249557932469.37393,6.371297536433712,2.7460805655280445,644418.3613645424,15.08870014696526,6476.95301938908,57.87320810329481,31.07784326740794,348.62218914322796
4263.516026985553,429423953598.14514,1.6245220462086392,2.351397897900764,20031076.97488226,10.5836050964665,5232.079142154262,75.65287793470496,34.48419935466669,253.9482697574015
15220.589994654481,673522177539.8668,4.622515294642641,1.7543500396864935,1049045.8132163377,11.14419900869889,7832.938827643229,18.194151640578745,30.03118066774595,241.9912165824287
3431.977618689911,281701249798.0987,7.324662587490753,2.768769504191308,24769445.87602416,0.9518674095373253,1100.7123946273314,64.17236992781172,37.98911863170561,342.9611563432608
9440.524346417187,915245860784.6044,4.318732072744102,2.846098836389859,903420609.3924347,1.6670869802557113,4086.0800005404994,33.223769154933834,51.34669429168934,227.28365907344312
23981.514932073824,306346930831.4686,7.7539471774844655,2.3800405912623828,1677410027.9383788,18.296728643389077,5794.842602708392,57.580289853587274,52.376481873330704,213.90832141183745
24888.87957829911,198179832643.82245,5.741171874185886,3.09598563893083,104911.22819437932,11.555779948054244,6940.065236961454,16.764326127865935,30.0,319.3788506659703
19416.569838187348,954567892304.9677,2.2114713290281616,2.518633168820971,8861698.77498906,4.423173290616397,6828.647872597982,70.53717788284052,30.0,345.8292678355784
8118.556993058773,810560799557.5692,4.810268488713443,2.071508904197085,9339926004.795103,4.188852865735714,1623.975688818817,59.50567537722804,70.93618713922505,223.5198262611167
17347.793704569267,343138281705.8407,6.021511381693459,3.407202555876314,88424947.1822321,4.856018563618313,7858.74429989235,76.89212876168413,38.49703780432678,319.0103578026315
17782.455954358313,841432009712.0248,1.9248983195575344,3.3880880754997413,3026771.5869800276,1.3219699245001193,7850.928873259576,45.16934102925069,30.093568184539834,369.9344809843097
10002.12153150942,518814730339.5509,3.7402219584599883,1.69124278943669,8809906.519523518,1.0427768699500808,7752.778596174272,72.13839311524278,35.768773565071726,376.87881186194323
16201.771547360906,346753151508.5645,6.161026909850911,3.3921625650967666,4100329.2677884856,14.413707725041196,4912.766349467829,47.82790391081994,33.275022060163714,300.3865054513699
762.827301904068,839611749927.6248,2.520963854995722,3.0509647614766333,17297850.931662817,5.31194844824166,6657.162715205971,45.89524301435607,39.25325464827319,219.77908586162684
5621.912635754916,752165314699.3735,3.7642093387583966,1.7132883251144693,16689109.646434652,7.720076655609666,617.5085255294277,16.622729485115435,39.78804129864188,219.49972623523743
13364.663422697899,297875544768.2632,5.984417096037021,2.538650543704429,34222877.75638061,10.770390357480638,2051.12872949783,66.99186338895797,35.927749846944934,303.903006002605
4511.906954328249,606678908579.4585,6.54101586211674,1.569902620155198,21015031.047269065,6.435278683876109,745.0472447304581,38.85417631801357,37.07881114627415,300.9706635263394
4564.718262975074,369390854129.5737,4.870326659865233,2.6777141411217533,38068733.164419726,9.601788944301035,4049.430129168,52.001753103819915,36.03709995378214,311.3073861474442
20989.45511848083,1052971508.4155766,7.719573930050062,3.3663752837363736,138020.8671454253,17.306962551194164,7718.193974494148,55.54841401241701,32.463958404799286,323.7584539489727
24733.758565748336,961815779584.538,7.514650582193477,2.236419474970916,187126.1500139884,4.9197846550243804,5196.874294355319,64.23679115212241,31.55865889485859,385.2791501132872
14121.250986696985,549629526443.7607,4.577340850400603,2.517250348102316,7173314.40075696,15.835630478791447,3695.4044150132354,50.274101899957124,38.35823292330555,278.3132715422731
21057.208406601978,598433003233.1815,2.5417836657235955,1.955120651805352,2658935615.0485497,5.315775661916625,6344.757530102292,53.393738376169665,56.61557028947486,225.7968105540108
24762.88077599368,599891825785.8693,6.52405516524573,2.5818924798577854,899832172.8810165,3.779604776360399,4407.18626622488,46.45282652202945,49.52003294237889,277.2283106900105
3969.09926993498,550641910177.942,3.080407240055436,3.1051493374867283,355441.5626539133,1.4995420505453128,3666.604858933659,52.97662060975612,30.0,438.3170165155555
11482.017524731602,290048554725.7487,6.978338514994182,1.9305165478744597,29795782.38463155,13.699820348759285,5038.332166336711,41.09603093386527,38.69611686693258,278.7996702299194
10118.031538127037,971576153331.9313,5.316438217508139,2.6069735239290344,105423238.91270873,8.262094465692902,4099.2874880569525,64.34880604940142,41.24416080988114,312.13266776969454
2461.207449331533,621668790846.8724,4.061604541585353,2.2092865542358284,25465148.56261266,15.420016932691999,5135.946247019814,66.73550735698001,41.59380681412931,254.03820390319987
19005.58923347124,670921689632.601,5.116491830786537,2.9957441561475155,307491549.4470149,2.6967890641096517,6423.069795828388,46.19753016031929,51.45760812458053,285.8781393420572
11127.586169403528,454793302524.2925,4.963256994976527,2.904077323914406,9689821804.153051,12.086843537539954,3704.7239072494485,20.26396275156682,85.9004832300872,188.3562604179567
11998.509887664832,287862112629.3821,7.510763498349465,2.89757931222817,303648.15712611424,0.3090915422648044,3326.0197771926196,36.144858069164,30.0,518.1738592392692
4191.487858424385,64349917825.947174,2.8933598234501585,2.2556062674487896,37815527.01310223,4.714908194347821,4473.737642718071,68.7957068753542,45.78814942365011,300.16430551239614
4932.702979656269,350230846337.68964,7.533029941585896,2.6985586059409563,36463412.86024159,12.212461699779059,7238.981536545768,74.17243015119256,39.853917527712035,288.70829824314455
22724.038742827266,176098253170.96286,1.7037167694890607,2.802170367372945,64847612.11109163,1.1679716025693805,3389.628447233691,28.693710121636425,35.82930518429598,355.6339903322062
1593.9026798698326,662088606168.7435,6.499821329964998,2.8616279447394586,683655.4494235498,7.575713531821009,6783.520262701609,75.87718201781685,30.0,320.60388155367735
6204.880981120803,879004005798.8346,7.477842849625174,2.6505127080751447,155520969.50470915,11.255173259532075,4941.131335945757,29.369926992211333,48.9222122121858,229.92334266691833
7655.453592705945,302755555490.79407,4.061339241412442,3.23360949364645,166611.36135249797,14.565351951054046,109.05320127450538,74.32137899225773,30.0,330.171986927113
12509.839788838868,332883292531.42114,1.9749367154692372,1.9975971585400052,507712007.46911263,14.1278382966198,3814.858546663981,75.48048682262576,44.18334513817682,236.84549703499806
14867.9067388625,670364833464.5078,6.730338954709115,1.611613578722753,206917693.25840613,3.0062029682149185,1692.178069364834,45.338233617277304,38.89834521224262,334.04885018959567
12585.60440834133,149272284969.8021,6.978621561996278,3.4250069077475995,4488676.864246658,1.5496485463429943,1211.4272170035943,76.53865079672453,30.0,425.43966438312776
2560.8256966436097,929437497240.2725,3.6856730219249476,1.6214674532477371,8809409644.669647,7.558350076006021,1883.1587117126967,48.44906561048921,92.24709477429418,168.49590201748293
6469.852624364982,363847417178.702,4.87085635695839,3.3059113115839094,1392810119.0404978,4.854080508178138,5702.23058375119,36.5223201619641,67.44916968322988,237.60134189587077
21167.91542668226,101200344727.32874,6.761548942065971,2.7245698739084467,49851493.655759774,6.148543326596869,5022.787971945809,66.71116536768818,41.68339628407739,295.76180025131214
16120.923161722247,174684830236.6366,2.748279352125777,3.337480770629199,8965036244.066326,6.8825687448275055,4299.456495373091,17.596547105839132,72.21622339164666,173.9744040148419
16404.151728289722,932746143261.3821,5.588342416543255,2.629907861125278,1414012402.1950507,7.97369725565019,3967.1956379553794,25.16585478445283,47.64170132703886,223.3193656396768
16919.979756108198,247120041249.7316,4.299099286852824,3.1420174509856142,489650.723651063,10.396078307148187,3119.5322665569665,24.927507386806894,30.0,303.35862260849376
19191.12396646846,662269141562.4825,2.633702389652713,2.942580526469067,90220041.17090029,0.2356094878650965,7093.677484093927,53.5451470004418,37.47091754354431,450.4693741333624
1923.6578021754597,156166067373.0416,6.904361347131237,2.550224267321341,80221020.68996336,5.99514717075723,7460.309362149708,59.62109776139078,57.30317215350715,251.97490548080816
9481.905430849003,194102498247.08536,3.610425409299524,2.2266471799072383,183961041.04233915,5.324124440397991,6117.858002327263,68.619778946914,41.813968271427974,305.581205687952
13718.422163911127,879238339661.7587,7.573769751757605,1.5057180413766846,5055719352.71613,4.762649499535679,2312.914126522956,72.99033752174213,62.85826139179328,192.8350449825812
8792.183840784488,148034072069.3417,5.198070153828713,2.001810549138754,28850913.35724079,15.78295299769263,7311.774018629602,71.2533261539811,43.51439852484518,257.58238900864484
21189.73239553607,18751567985.692425,4.8443148790008,3.403533616947887,243729.06274311853,5.063395033213545,6554.891660530996,57.73962178402594,30.0,353.255016016964
12323.0264603887,501233688293.08673,4.251488637425834,2.0509236957299826,24926241.7423164,3.0617445890604142,1000.9712775262843,74.03786742220677,30.005922197019473,366.0473921859742
19331.375941754788,862726950536.1213,4.104360784065985,3.0037048853244004,868904276.2469171,17.043928822433354,2740.0036306693846,29.288117917320907,48.42748400015566,268.1599821777004
21374.38016358864,325991719424.57935,6.816780786441176,2.5169952290626716,6209317.597886572,7.689682853828089,2627.5714312694695,60.76931483590971,31.801505194467588,296.1246219848663
12867.391331135703,128163142483.43987,5.903755521659819,2.1170287693095986,136623.2240360408,3.721478243511291,5843.07378155012,15.366720220031109,30.0,321.1953215864614
22784.029974848072,982230847334.8082,6.528985852302246,3.4821868979247608,3282585.974329901,15.036596720404194,4195.949499113813,18.76598973179412,31.68198378321483,263.75545513311414
14884.536543156024,676738952750.7838,4.2370470374728555,1.5939487550495883,257483689.4883292,13.160627853016116,2142.4078289358586,25.828550083708112,41.67638549341545,226.59102059603933
21331.720321426183,850690781257.5244,3.1993419605677804,2.6641542129480476,269182.6972024947,18.908730352021955,1854.0489892047635,17.18737196638186,30.0,269.75119595351964
8844.474491992345,752138520190.6514,2.0646239204331827,2.4230364320194226,7582702.9583108155,17.562021812403238,3665.465294372594,77.59660926237397,30.818606531953566,292.42709924909633
12721.015484021387,698242575746.9161,6.5482639348962906,1.6530528194041232,463078.0277948401,13.901591470818643,5330.996667792634,42.63709606271719,30.0,333.01900970642265
13519.570504612153,384564682566.85315,4.199296798365077,1.92819241163071,23968616.05551748,3.2617729541993317,4074.7202135206408,73.46930523344595,38.52670987890632,343.2823721178738
3072.0030394537293,324340668863.6462,4.80995334862844,2.8884839473557826,509996.8091079984,9.689465706840357,2095.657739461499,43.364236358279264,30.0,297.26442600833775
10264.536414187745,716958878935.8782,4.550731028780795,1.716657259586867,350901.217488801,2.4198343696957556,4963.680717021339,58.977333223121384,30.0,385.59355930390836
22974.772977516062,716713291464.2219,4.302396066400061,3.1020502210994247,308314506.8221879,11.010495698415532,7991.309338652458,32.5200357158373,47.932254106197654,232.0514639383666
15955.389888936188,950588433460.7092,5.9453472509410235,2.750121987904227,616606.2794005639,18.33983196108114,1421.5833225275371,76.54658170329873,30.0,348.38596145277324
4848.9112697057035,568660249188.5045,5.456771752430956,1.7017151897672138,594263.3856808755,0.1262677937894764,4231.912609717899,12.442612325662791,31.291646859729635,533.2003597778622
8801.963072435321,294621811166.56775,7.8183496911879855,2.0736292575264947,91747846.08193539,17.526495185479874,3011.492478472378,58.81832068546802,36.375963500497285,227.01439747168695
5194.273736736146,489529309801.6781,2.402875399720006,1.774355724693729,165184.41051306372,10.809395581464424,1755.1429011376463,76.52659950918678,30.0,354.34682319138994
1108.166729065027,613714203012.1024,5.227875536012659,3.095202591115534,146205.3093409918,3.067427921835689,7005.1829108426855,65.1704040832245,30.0,357.51653947344806
23222.781233348654,426730372847.1129,1.9110610621150408,2.565919250251334,14362543.092715291,17.124521546486775,7662.586314977966,67.9317395328923,32.41425204533523,283.7381113386862
11481.079542293352,791133332226.4248,6.751469721603299,1.505659873433173,6690790.261627149,10.761082135120967,2808.0643025307013,30.94141139722567,39.71884803728751,284.82680542960816
8034.60927430926,584613627602.6255,5.506023666132105,2.585807294456305,52856330.678020805,8.990905757214223,2784.8517445622,41.62935930808776,46.08206618296952,251.9122178997728
15162.691193164546,9436718191.92292,4.284462303951496,2.465607368529902,9277331740.409641,10.01937747535523,743.1790603976805,19.53266512707123,75.5397088148618,200.62549705174453
679.2041791788831,569840318392.1202,6.714531755185649,2.7861528059850103,14911882.746600272,2.990062935188375,4945.848194417473,36.34838957643652,45.68939464812256,255.51958842786564
7311.541611719939,633604152338.075,4.457516955195258,1.5696881109739922,75908758.28299986,2.299126592422402,222.0974016387045,10.590468769213462,45.382162672304126,287.3190015078785
17724.319909622867,915261336282.8191,2.9806096195374066,1.5708515838660946,3946554739.145952,13.248051431140011,3974.721244880254,64.51387240145353,57.28422667483871,210.907821241208
16027.359440196942,413722259942.5149,4.57125494721719,2.1987362101907135,26055266.230337583,17.614216787452513,1230.9881161089022,76.7108643076629,30.0,268.0809312178609
24554.24571479212,574468084803.6991,1.9604066781427048,2.877076192322974,804641870.5107154,13.90445128664896,5381.823094376841,59.05945454972271,39.153581981778906,249.00860307202922
15698.763886622079,474997975716.9232,7.336097212656019,2.833116185177391,55368490.005754985,16.823664539307035,7431.991652099159,66.72083155570606,31.240491674375725,232.800254475355
12198.893903879452,531656896812.4569,6.251229435773998,2.0565271584205096,153474504.2189883,16.90319422191969,719.3736804997121,45.94288078327069,38.992559492906565,215.08268491651992
19155.097798008188,67305003364.9258,6.44205261039768,1.9321350891257918,4597399046.175477,0.6892094471843363,6224.146441669041,23.41679292096137,69.41470428501121,242.76131837964002
22631.5328631193,897283770249.434,7.184206476119875,2.8662511947621256,100813.5345722996,15.430550235154247,6646.239141171304,60.45708231261971,30.0,317.7207688591407
18157.050694599613,910412429419.2858,6.645221827298044,1.5542254722676052,3196682078.387181,15.45324678198369,1417.888394440634,30.949866342701117,58.7813533547568,172.86026828701765
24098.6749769598,548060061783.0228,4.307041836647359,2.6135666633889096,30793574.060960237,7.032040471803161,7381.911990040017,42.166750332626584,32.126340339831806,280.8880813189132
19659.126683085342,556555959165.4298,2.2711366099154224,2.348197284088254,108099042.26402208,8.226487749632378,4971.133536716771,73.04674912937736,37.17415887036036,280.4201653438827
21736.6352374172,57556978387.91859,3.926871069876193,1.9781736358704203,17794666.776865736,14.922525502507055,4284.146162608247,36.105599274022055,33.575278676853266,265.74883080589535
3295.5497439991113,597950915169.2437,7.5715506434681945,2.54059617866493,2016476.4148114512,19.731767080365596,5374.585913211269,30.25586623596179,36.46903973378854,281.95711277933475
18444.130823347798,429152360727.3726,7.669088193003968,1.934335313245606,213813.9075790439,19.757111970727397,2311.991986265662,12.218615261553582,30.0,324.6345265576279
11282.17313842053,709043921190.807,6.491160625904671,2.6286432110984848,5316533410.175519,9.503165085180006,213.03282518244828,59.101981138606334,69.21674802767842,223.5615811407763
14051.043159076242,47125869470.65579,2.8287987899640186,1.7979476724526868,131637926.04659931,15.801537272057127,3541.989276900263,25.06539432392663,40.83258418534997,222.82343194221806
16525.509032317743,710887971841.807,2.763924080017044,2.3113858241827128,2329988016.0873194,9.347926777981911,5949.337765603099,54.75916418912499,68.1048692962125,237.24421617036754
24260.47035928645,286894536938.49005,7.218514820724683,2.5208526706096106,2844732.3744324166,17.325885010687127,7350.016637052279,35.66229217307191,32.62373907404487,310.9453510298547
24622.162995074803,651705678747.7775,2.422453499572311,1.563402056087655,2454679.219296871,13.012066837320994,3446.5295002113135,65.13729792477386,30.0,285.588134410814
7561.592014453679,627126348186.1477,5.29689360266118,2.7214344809392284,4774437.62065439,18.73597579894331,2116.5450558979387,72.29261366040804,38.19765036355425,270.07367863052946
18476.960687228948,226842257790.7479,3.9586359348139406,3.0006305869950065,1429522.991639422,19.94494121893599,1059.0510672116573,26.49922670020574,30.0,250.99489791966047
18874.59667941408,440452904763.9215,3.4630715517476474,3.4121471256220786,30892536.38968928,6.63724382384037,7484.599734840623,65.46177704269245,33.518380408114055,292.37478755902634
8989.075102169696,835633423420.0654,5.902983166900373,1.9062527049288194,4799629741.250487,19.58751007557686,1855.2511562701748,20.696965113829762,62.79318815437045,172.24738439675534
3534.809484173415,605592038003.1304,7.737198998237596,1.9173907344991574,2400564382.642156,13.86563368827259,7289.459146500565,19.86491417425704,70.98361018719142,179.34313001185075
1503.2005270001341,68739233240.10948,6.554619298561941,2.1096616484576747,29888372.678689625,4.7998196945692,1478.2120664576305,39.99119567145463,39.2166497642646,274.80668191926713
19544.906624464875,442909388411.99835,4.660056855160101,3.281528074913811,5543860.953525738,0.1120834009005574,154.88058592874404,32.715665095785795,30.0,533.0154406920758
12497.643674514195,311772147006.45825,4.364624803314406,2.3137143273857443,114403421.65318294,13.692577922455715,1801.520400144387,79.10104397164491,33.63524708894822,280.78762888902924
24645.73415262569,641646037265.9539,7.399817224095514,2.10358762615191,115157086.18115456,4.486474627178618,3947.388399673583,66.27852887202043,39.64465174490701,323.68506568733375
11891.8496767445,614564326731.3196,5.257696140079401,2.9823615637587517,262313380.90945166,4.6660034898795875,2796.1529105274667,72.31658203973586,45.5010913366853,309.1043039711989
24458.965987309086,10399091112.039024,4.7281536499302685,1.575980355155285,47643112.849392265,11.06575289379752,7262.688685309126,19.51983598056242,45.18837247762553,278.5011749603362
10583.612053754467,607695901722.9535,5.93843315195425,2.597629022616613,136074.3602072636,0.6669721377860371,4365.22544845801,59.977266973221305,30.0,468.2155744926449
19945.21268871933,734849919135.2827,3.0414998113419216,2.400379982152521,240011.79598652956,8.356566641044582,950.9781932998021,52.299901413265324,30.0,361.63497045898475
2578.0721716398857,768730263671.5431,1.9142806692367178,2.749716421485312,7393923059.380905,15.997500769407182,5006.402573139646,16.946747560591863,103.0952897343743,134.74006861729683
14108.811898375216,58976711414.190765,7.058224363154737,2.962199346980825,538488553.0160518,0.5938417642353279,3117.685341963211,65.55645159276833,42.66431833129621,356.2750945446276
20150.464781150244,303659113451.45184,5.447201054546469,2.149976771090543,5511051798.789839,12.497634501977835,5434.741349765575,69.7647260711907,66.49780430668865,205.57946789224388
23155.19084688727,421274139277.9633,2.5717011579629476,2.7728343720464848,4984573.509447208,3.2096741827214315,6291.55180555563,73.98650972730609,30.0,324.6142910568876
20653.285720127074,179772528023.204,3.4373115222548565,2.5486574059219893,47287580.27612929,17.263645518961862,7884.556045283351,75.78743754493584,36.468250101848184,291.73491837246434
1405.7828164287685,420734450431.1387,7.93456783183195,1.7679356207805532,4071548.340512783,7.844204231576375,4617.402009656757,17.546739839802818,35.75979558130671,295.56969117077404
9631.207362014988,71130464696.05652,5.623753611013759,3.2634524160193212,3504896792.0311484,16.25184046389912,2940.3378562438616,71.75206015692878,60.03221268241453,197.9117451672424
1693.1125716893562,113218169789.76857,5.634728916286296,3.00918033566171,2745787.4508976727,14.49021426717623,3474.4668083009706,76.17520134206919,30.551857917296193,304.89378076930564
3177.416132306671,668695094148.6566,1.9690638108566931,3.3433082684580575,294480484.76201314,17.562810762861965,3226.9477342898113,58.35559365134091,57.61166912581563,226.64192386127388
17044.98790235336,262573198587.69382,7.798446272585557,2.9408091829279988,750374.1673582548,10.361354902931343,3609.793283145562,22.869593514954705,30.0,295.43684018973613
17974.825809636604,711406136073.725,7.3030887821316846,1.9896131209421528,335936.5481418267,9.747954453304493,250.16876207385442,38.05863698294128,30.0,347.12038880525273
19456.156727414844,48109479908.13997,5.060585874710933,2.3610524502719787,600029.802382508,0.7967391206942939,1986.1526273875484,16.3077171352029,30.0,390.16902161303875
21703.68542736374,562703490340.4498,3.5110279569306777,2.2737368508897378,44389099.32483928,10.69959104981152,7902.208827698001,10.297251183572751,35.53679515106928,240.05419872567396
18616.07097767449,391449272138.1767,6.037358984509596,1.5716438652643123,1669956669.2156663,10.463428531174094,7424.836071744758,74.4043459137724,57.88582712393038,241.1036746092766
20121.354006612484,796971594944.0734,6.91693356406715,2.3210963059577736,9917418172.920155,12.147575911925967,395.8288496902894,78.0636886700098,65.4431181655582,223.70718282405971
1699.6108906703414,783951796253.9817,6.609789163851148,2.1911389079955663,129842006.7822516,2.6638816926901705,7836.851212564044,74.35050233122885,55.88223595184313,275.35986162366044
6246.111185811816,375560266897.8657,7.8508079183112125,1.5078475724017597,46560502.55198629,10.822359798414077,6337.7137594640935,27.77738081023846,45.147537763723314,250.06922983931076
15736.495447693522,622714391373.7002,5.6395600913351265,3.194246518182584,859830709.7258084,9.107944479564273,31.949537839111557,53.47776513499189,39.40361643044355,250.03658653229158
21524.069963308168,227549641270.6193,3.5879653051326246,1.7877488500157064,208315.22531917287,11.939721025369067,7308.573806158678,44.97883375275169,30.0,350.33589489730883
610.2530610216485,580407255773.584,4.736529484945469,2.5019043347705283,1114259066.990057,13.227974157305466,7683.3501581976,44.72333001067529,78.35513489925893,140.09763975290326
13108.41888185057,81265612682.8285,6.806061591679007,3.0693556462680904,619295187.2273296,7.260397006191675,5033.77656436218,39.98336753517044,54.814501280447736,231.06204779387232
17093.54128442773,434604849514.3259,3.224726816899953,2.7089627381996184,44433203.99441237,10.10585863511382,6308.748724204015,75.88263189332196,32.85078520640422,279.81904587790723
1225.3785836510237,182728498810.4276,3.0041536571359444,1.8387024507653018,130297.13868129198,7.932201495046327,2666.9279266976314,65.36225770826655,30.0,301.37452435485767
10333.211160058005,883381298710.3406,6.21142477212206,2.7364222513302234,1025616.2721388771,15.32152417239409,4582.846879775831,69.2807997181949,30.0,306.47337421108597
22443.05459390057,444901373066.0138,4.38877827235017,3.0151937888974722,7056071.891859535,15.93865278396564,5855.08409361356,12.422747280304257,36.03763929985546,269.64006753410314
16954.513816968538,590774157863.7863,6.807707568733197,3.2095290322883594,5082894898.128629,5.894180871945345,4494.4745329338,38.83651169825192,62.75451833591485,212.0685197108591
6322.629902334635,360382499948.1501,2.433943310033428,2.1373075194750624,155755761.68141794,5.227941467910896,2443.7945382686944,51.85847855369744,44.28522672932503,301.18093333492135
21393.13767598186,288741746498.76764,3.6820270104711437,1.5678428010720387,35519191.05711087,13.582545967502151,5197.110167723421,56.11050573746881,40.53965580604689,308.29443197143536
9026.769873533101,202920580141.75052,3.2426493928356575,2.7158964128858143,27677834.11120223,15.491623296080531,6708.967215448104,72.64158404601207,33.30392302222608,297.7637539371794
21406.944443029457,911871670795.437,6.036142962430778,1.9515370202878133,794106330.3694186,0.26676655698476537,6689.705636672504,21.690204466478427,52.54184792718034,298.6393457900519
7824.119452413185,799465982961.1702,6.435639886623222,3.061790147889183,4150985.294465523,8.57734783037091,1066.0460257733148,16.30256995667387,32.769163352361325,325.84668933642763
14962.84614663715,133262011169.88644,4.464017523262616,2.859763418732249,296909.448929813,6.189231024347918,3568.9121614928745,72.52392049740871,30.0,353.1128932432561
10225.031659821934,746725129566.922,4.607190946593081,3.0463737093518555,242782030.2991686,15.342083055815749,319.5263919146355,45.46334692704926,42.211463790622005,294.3795897969849
7233.213743499142,418531358505.87616,2.3582072381293413,3.435062400642803,4416518.3531690715,2.9136374561856515,5065.805489050791,47.7450894189345,32.13958380471728,327.90482872386764
22220.660273210797,15397639563.914894,6.061882609784841,2.6690947902970823,4245845.4816325875,15.576017734865832,1944.876096581913,72.30004610763866,30.0,295.74085834762116
5096.045207517537,528367792008.9017,7.950064618395108,3.3086271008202197,18774837.226971902,13.24506200818158,7443.535155949044,62.48669806147555,41.394229243555515,283.1729255591931
2577.8839852761957,130047310038.42601,6.556491965406761,2.783786764948089,1635573.6630434112,16.866444995811598,4949.864982527833,61.15281424625493,33.117131362612014,269.98614764462326
8877.209994368679,209935103159.2816,2.9502301007195824,1.8634886923973681,4059874876.601869,19.805354780768667,3210.93474179157,23.021992283706222,65.52430106506128,146.267642965365
18082.159117218405,696041265383.1316,5.550297807362531,3.0986163590179174,1717323492.004622,9.557274645001957,5854.390882320728,53.49872048034946,49.02409063641733,194.75410240578188
20282.074346418904,257142779999.15897,3.417219269317644,2.8873972484274306,9024884548.421211,14.003259319769542,1667.0596442498609,41.50498589467387,61.70039235171126,249.0464310577467
24969.21256663574,891888309953.6147,1.6961475939558393,3.4558795553498323,6648810875.076313,14.213720722288839,740.540128810206,52.77290491072522,55.27117505030532,191.603256372081
7760.87039677354,657170101254.4115,2.668848561762918,1.986863977881488,3734880.6310321363,16.89923632462805,708.178430888448,50.297402434714556,30.0,259.65604717458194
10494.577802716414,832283652627.3241,2.166858219714969,2.1662510325678648,7998154.578783982,10.386597378122037,4666.613227184348,11.839598243710718,31.78744014412735,280.21209238252806
3852.121311725844,615189923140.6458,2.773561598193262,3.1429820532047437,309948794.45264727,2.1975724243323786,7112.0596799364985,34.07127838294253,50.71938164237962,226.98088762213084
14584.362275764322,868849722172.4248,6.6714287394185225,1.6257791960671608,120013.33732831995,19.588290954035298,1789.8372572074063,42.046224494428074,30.0,277.210555207778
24940.71091294147,361685313337.47516,3.403408871197806,2.7663995292298815,9320611945.843187,1.1839050242487446,6082.78660223149,45.015534514073366,58.42393133833088,208.01326943010682
17671.584747956134,549141027745.0028,6.4207596811432275,2.57095210546575,113296.21738310509,19.249371412070545,310.61197021260756,16.962848875063667,30.0,313.17650894878506
15082.714590127607,515890884553.9331,7.66760660647801,1.8376437445351137,45439090.0266136,5.144396602421617,2833.1871848492815,72.89772309539163,36.96003476925842,293.18164939640565
10113.042776583952,903790804287.2623,5.232775247940536,1.8302434185204863,220547206.18166646,9.875054224205545,5233.194911368975,33.402098489354536,46.137358069331526,256.21441752424624
22924.819626996094,164916243693.20493,4.655158123065355,3.120395242507959,3721615825.1953964,19.015696999688537,6611.741995003756,44.259538278963944,51.362105975878755,202.55687121931624
12674.456605193562,578061185125.9292,6.375826641336714,1.5308903108753495,166219359.26961172,13.549377775622624,7546.10232562656,56.460919003568456,45.56892466830614,257.07322287445544
3791.989376170007,754431439795.7861,2.131085909305085,2.9936828806198843,96570392.93689887,11.73194883684314,5064.237216023209,60.33571452586257,37.73304745459253,237.90963595583366
9451.77234837877,370050390483.8998,4.283378568651754,2.965334454008974,3175385.781139546,6.551562534725263,3706.767118171969,36.46192609010359,35.64605756597463,304.33916860530246
2145.583386770289,867581657034.4518,4.742359867058394,2.799359952737309,90075560.82904875,5.883500590256426,494.48477222331593,19.037897840794177,55.180800778665954,220.0722750955908
5448.486423375149,373015394062.967,6.901833517589455,2.319035326162532,560412179.0805779,0.7039143986471036,2212.4246982613276,24.512236846325898,56.16798847958661,263.40339314009907
932.885134497849,173309586587.1562,6.792414791503446,1.556641367048414,37840633.18171756,11.747327927678839,7385.6633285168555,21.553630020773728,54.84755711309899,177.41147995838065
11605.357954254003,584048771356.6764,7.013724839024878,3.1035533365860344,791000014.4577364,8.630520248346839,4667.343379210891,27.089646316373234,57.98691615068829,257.12794380146323
16046.23649131903,420568589469.3024,6.036174031140062,1.7514144076128826,222876.99025071046,4.524808879164605,2747.991533651483,52.255243193295925,30.0,358.7500417081718
8910.66532828324,15191089491.899864,4.9486127467014445,2.0615749683194116,4752118.425761822,7.715071781524151,1998.0468179731088,47.50311743226849,39.4839828323132,255.51488266348562
10799.353401879289,69839522654.91072,6.881215588731984,3.3935658535824063,6296071774.984461,18.821797052015057,918.119651224372,21.804131347738952,84.02500488418063,177.16604415413047
24000.627184692108,195277984929.40982,7.176335699159252,2.1037220530323424,4142114.170494168,16.9755823629452,6015.323778315349,57.70615530677927,30.0,271.08168994883124
18923.09647858543,769330190188.1927,4.623149852282289,2.0102783007898433,128610524.41186357,8.636625616090589,3304.885330941087,14.459328948533354,47.1037521498626,255.79842697696563
13750.987605151306,892039623994.2323,7.906802401277016,3.4467411107568084,39757932.160417765,19.600062880049016,7493.029429351118,73.67249152722553,36.466916772248915,264.7825664810137
7471.251440239718,545641328373.34845,7.186317812364662,1.6718644041913377,4820810570.655026,9.269249570668816,3640.5897724532847,49.6333582245732,81.92250795412413,211.26209394679086
22476.421569938382,105566356948.66095,4.8180528252391515,1.821380775834695,651417.4408185009,7.015380470391212,6548.828743135677,51.32921274141308,30.85063817588683,322.5639570551839
6259.879363576158,534419417822.89374,1.9503693697561915,2.3766350297635706,3140078.443959752,7.789016160497515,1050.5986097180466,30.01256889914875,31.569304456312807,327.46574294715697
8470.89689765859,855605604991.4844,2.9591983306673257,3.0753462556831015,2050626319.3683605,17.498602895888837,1215.7519419409487,45.81459021139003,61.53724891269185,212.3134622717448
22772.08795336224,749477879644.9606,6.546590765945852,3.268717877886553,214295338.3986062,5.391707274290079,2192.9631987896046,39.83801034956406,38.69479510420662,259.5573014514534
13473.780354484274,291098872599.21124,2.222502670491451,3.011271445365532,51909494.93629031,4.48095012099967,1537.9649288612002,76.55225122598053,31.442466674868026,331.6134471151419
18686.78976074043,123891485397.74854,4.55370043107521,3.4523500632057074,9429788.670812363,19.21291911685305,7814.157292182476,15.335502018587807,39.98418124147922,232.2873254168478
14973.24745701227,900681799080.5432,5.431539248680728,1.5336922852139172,11391401.654256776,14.698664714594557,6467.05258774245,42.11149449489348,33.4809212945637,251.04551782855782
16509.26062073263,854088892543.4644,7.209254384408349,2.739013109982879,4727302719.164265,15.287427254584385,2793.8138247173833,65.40621453350212,72.56882441132369,189.2183882490605
7834.890642113226,53716311429.86065,7.006240108807619,1.7326924037698677,226661637.8643974,14.81879345714548,4163.38702580498,48.12039635909793,48.90976993754579,244.0765893032919
6413.615509853242,823674666150.0745,6.467806486888263,3.32072548120974,4420709044.1179285,13.674001889429286,4270.652452978142,49.56525732346216,67.50995895011035,227.5849160893328
8401.062505632299,97213540572.30171,4.150012576972793,3.3706144147187844,7259898416.92279,1.8703969531091384,4861.600349423616,73.78509302597186,69.58245300126933,219.23670961507466
4308.318320043851,63284570118.40362,2.424620153224931,2.106056435407595,54330040.71766554,15.085893002091273,837.8978151847307,36.29849493550843,35.12937322361696,247.53376811519692
21920.70194962478,758601138545.3623,5.852720512126011,3.1554170703659965,112058479.71764345,5.015991907711608,2798.3515184943913,10.144504887164267,35.7770387036413,279.06986039676696
7439.549864627795,536311085614.3361,2.6783760461750723,2.7605511507745963,191348316.38571042,2.6914850209617334,696.5790977123341,74.79699895559408,43.44289704584232,302.2227913678661
14256.490163152423,414548609542.2948,5.148544142156003,1.7009775689701163,1569802492.816697,19.660909686725397,7353.331097175501,12.31418238141945,54.5118883921111,204.9142992285374
19903.373415963666,903862292113.8259,7.874408186011738,2.7055363186568884,197405188.39420915,0.6058824790082561,3233.5964501446438,65.81828867349597,51.86106479594552,464.49472480974526
19703.69067970498,839303732764.1816,5.0770135427472844,3.4521140787153373,374314.89646885375,0.6811400667916938,5818.866183515721,19.771595290258716,30.0,394.07148654875016
11240.463335312726,57624413923.58506,5.696119637192909,2.1161880980114463,5154072790.633771,6.232755022219563,7367.403011938792,11.447893141951571,71.0215367602319,209.44996545499882
12168.30406037478,616087625853.9304,5.90424056745513,1.5022815522920048,201684160.74990118,16.891831161367683,2482.40423534255,34.8269166104592,48.83255106827503,226.85462704972682
24870.192848908107,772267630940.055,6.897524324890782,3.453583354406358,2236589897.78173,19.5599852205669,711.9150713313193,70.48394987291708,37.71259795307494,220.48416235315312
17027.63818598609,550491029284.3723,4.327374407695817,2.327966834901006,13295011.854601625,2.414628071505253,2696.367796801401,12.585650834798548,34.356319165284525,313.4455083362623
20458.641856388127,983005516070.6892,4.7338143568412345,2.361865535686766,23636424.95355754,7.939024685246633,5371.190462997696,28.387607522583885,35.904588644425154,303.1442580066199
22612.572245871183,686047818600.0436,2.6438180905098347,2.925224234187477,278151728.8329081,14.699321478969408,4003.381757356117,29.533445968322997,37.19248634760733,244.00701349202814
19795.95098761881,104143908554.0126,5.495419270293763,2.7087707742888485,762113985.9440564,12.928288543584461,608.8790069809863,16.636485275720272,44.66358404016355,245.01179376665195
5036.8939513624055,198298813701.94144,3.42242704110853,2.103973224623978,246770.67549978296,4.705864744371504,570.8679316793672,16.47906304799001,30.0,344.7190185367888
14273.182976570519,826245794953.8408,4.799560867776547,1.6999557573119346,10882136.461324358,6.617658504534475,5599.49722521241,73.57264306091653,34.62600616016176,357.9103586675039
2996.4068542063496,996756676387.627,6.482621757814336,3.154725039894392,706776175.3151388,11.907774304605127,5894.997258801821,58.67069584795086,63.87341987139021,209.74647814844243
16496.59210081796,98340168533.12282,1.614204380432913,2.466754352692805,9144914527.762318,0.7563608144311526,884.9671697412732,31.779627465660635,60.26479013519277,293.9875668828939
23906.06099060137,100330217515.73055,5.165450922798426,2.8449485872934424,114343.70387609935,15.176668098229221,6359.795959741835,26.682454702193255,30.0,282.16177296918437
13061.935575352727,763387290756.2292,2.6273926125194835,3.221009400238291,2108827.892707378,5.544328139534513,2771.0173745187963,13.00168490207133,30.0,299.67050913025105
11107.826075260296,64355217362.25784,3.3159917085950488,1.5354447585704447,21098078.773791306,16.575506377237947,554.9910137176959,35.115106186084404,30.0,270.4620920629127
1378.1474097449977,68561047504.7314,1.7256363205654865,3.218770553885383,1302292.408272422,13.689193394324702,2677.5497025852924,31.07941963228466,30.0,262.2151021766826
24014.475797065897,888816594193.1796,2.6015079412083644,3.003590519513536,136336.13964220314,12.926019691288907,5846.496119283512,74.19558660044724,30.0,315.5625812879235
3023.56576118889,800450011868.6385,7.913091056366487,3.393643499972928,49855734.68836758,15.35885436283546,5249.668130267073,25.43559955821062,37.43170223864913,235.78437334325716
1506.43778596875,881563318301.1824,7.990397947795527,1.9671816105375675,176600953.9542923,1.5489337062546065,3856.952310413647,38.36030709552263,66.88151215775899,260.7388887694707
6528.631981870993,650513751619.3516,6.179011479282709,2.144844674395835,12031237.638992669,5.236416101023772,2244.424913007391,57.740986028617876,33.97107378261302,326.8719512968517
2105.4956310003695,322537099402.4365,5.477069556012758,2.8229574852250394,7069527.666785341,10.45866247943251,3349.2701495926713,32.48262623749481,33.891605195416666,298.3885836348352
11650.387139088178,906313284019.6008,6.550545195145223,3.3515859773224665,8473304250.908497,15.554268856375046,3059.069337377798,64.72501719231946,71.91919027135042,174.77604288078388
13144.151130799253,298724226250.9068,7.327602769203551,3.4853387228987813,24414206.640713185,16.988662265531357,3126.281565985012,60.8379497433552,30.39167227485081,268.86984697224676
8157.963751200306,275511563944.0099,4.875482887175153,2.333475301171362,978018942.0994035,7.672967911971705,3922.646673807271,12.482826502941135,53.67067503051233,185.2277543974286
1748.5318230847083,886400532792.352,1.729345996215058,2.578459351441488,2728166.4321168764,15.883270639613313,3647.7178630738326,69.90814394674224,33.06869300851498,299.2712967098146
3234.2090221060544,680822911670.6154,6.111072833770343,1.841102015227463,1415602318.8176777,4.44446849722947,828.7265566960273,35.4730050185525,85.31804682588567,212.97998006414738
9920.357260753239,895672189037.1581,7.899916263470747,2.8879507344771964,1313706794.2218032,1.6945831013228343,2328.4548337874458,16.70990201610259,63.002871605761904,281.7274543400376
1982.9470452501353,155902133352.68314,3.1773442138177486,3.174740845785829,2180271.647523958,4.969339330090784,1041.5832741215393,58.884191900773494,30.349239827703126,309.7908784804501
17605.64827744288,952296845468.8336,4.5125261754971495,3.09729862488884,190228139.6481494,18.067805840356122,4820.748754548832,62.30026538551486,37.864680650999425,267.97577981537455
5572.0032673578935,612742543958.1704,3.8482836068333275,2.1916860895122063,257083902.27206445,10.90352659074163,3388.2919866282587,14.97067884947597,49.55330456347754,238.07088595601255
7900.7534351991435,668035376058.3835,4.038038712494112,3.426528031427879,16333439.36854776,9.652914746395407,5378.6864064158035,34.774445865944244,36.09283989268269,258.38418839271947
10156.081540863388,914060666265.8712,6.18909996018982,1.7406931740760627,739435529.5347879,14.879527064387975,709.9495826884432,72.68363420037156,57.916827004887516,211.51759946931756
10706.936010194124,380753593941.65393,3.9596285334143255,2.48794003019232,3423152.963310704,0.25135398332637543,2765.823491481623,56.86065785485523,31.358608680100023,421.4138380405969
540.6873380326131,719575275120.8674,7.617046815481723,2.609194260386211,26385127.405385267,2.410147218008553,1451.0103786319307,47.37451896835004,55.904186860617266,270.7211967173106
3245.72408946809,640340980783.8628,6.632779949463142,2.573027714107309,8928089375.230284,2.037074378939366,745.780838958534,45.287909184338716,76.5371452177921,188.30048391898063
21637.731811651513,787752931113.2413,1.6797056630700182,3.015781559357888,782309.0570849389,2.477258865944304,6189.839765052515,52.58914328031267,30.0,394.0408171048514
530.2100315417492,896942894890.5154,6.820567733219211,2.7192144649545034,548167.9124437599,9.09633477574131,1056.183604431229,55.711465464961876,30.0,311.5286484324829
12950.10021741544,680061175369.2393,6.523573245851281,1.6542588665883493,514035.88346399396,5.649624145566845,1407.5701954053243,14.818560514086544,30.0,373.7807226958573
12492.799159426599,67640486863.50986,4.8572092344780184,1.8597033068734925,9784673966.324781,15.72521390546896,2940.553812706411,33.39038030080033,82.4031140266895,180.56567613928354
8660.806944760627,183141162709.4344,4.729313078851688,2.564478041310207,630327.6857478133,16.788830399260046,2349.1746929661604,46.86563665518594,30.0,282.85255809801123
11067.511993588016,953978228288.9019,6.930924872535197,2.8890952021268377,893709.1084220558,18.50253997690602,7359.351320138956,61.12390311112693,30.0,293.46437832752304
19624.237869401317,968650504726.7528,4.261104379559727,2.5283490644211564,297805645.92843217,3.961444864051956,7909.285015259161,61.99423086835863,43.744189067989794,322.69350715923014
21109.49080226643,967413346285.0488,2.53650523140644,2.2110155668809295,627311319.2152507,10.081891103604654,3384.981604021043,52.385653254983,43.515092664031535,237.86499089463732
6878.539313673626,36800363600.717575,3.533842413518712,1.602269123491729,43182375.27713667,1.021521491893053,1617.0673242962523,51.05673814597468,39.45914811370865,395.42637437162284
8401.01580370938,382448785501.2503,3.2238156218236806,3.0717617986702224,8191163520.163158,4.836167096427423,3989.91237347971,35.74255962802556,77.78320021630412,191.28141727161875
6440.829899194152,759672944315.292,5.926883692734426,2.4943884797961773,156510.83253362126,12.320793541989234,3970.392143849528,68.42900465644809,30.0,359.68024200142463
12256.653313501096,752886050772.0272,2.6626767752654943,2.5775782610941853,127087941.48512186,8.47672669059117,3733.6487291931408,74.1480160833157,40.40399601500765,286.4374371458971
17239.82976264092,85909819041.05356,5.691020836813245,2.4379162805358323,107732465.01577204,13.829449980438792,172.48646853710764,69.24221875413097,37.243221097152976,277.65307542370846
6092.195448853803,609489277600.6318,4.528785157214452,2.0306908314914933,4038535.7939671944,16.792586242053765,1035.7318661955892,71.03446957058992,30.0,286.23131601997613
8603.025680344233,142870475671.2389,6.957796041176582,2.0527469294880962,3141972288.8586626,1.2377254222414555,1136.6586238757698,73.61670548804406,63.40600857356064,305.3198216399729
23294.423130934185,493209839658.46045,4.652491830913542,1.6270015744999813,58131098.58751817,18.775328718424078,2820.5712015483277,24.144454485533593,41.40410553651723,242.58303464158197
1689.9476012504729,239686461155.42065,7.543725574700989,2.9151980324038655,1704909.5395273292,0.8959464068926214,4650.495072493466,45.971360017815606,31.318597079843126,507.12461850094036
11788.855328369373,53162118573.55594,7.3530493312563205,2.043745746267044,276562.0469910936,19.634291014981876,7023.969782903563,47.4178208413097,30.01734420982461,300.16046698037667
17933.172019121055,80020345507.18404,2.7043692641761483,2.0971226963485554,343237.292617402,12.770752915587785,1794.6159389802772,43.97974328745307,30.0,297.1926915011992
4186.123283158115,910893038836.9585,5.960081290287244,3.4870002420056805,3066523034.9738793,0.9138353847812116,6171.88846190356,69.39419636984323,83.29871942893402,222.32684044992186
1660.6634901343054,744646219555.5698,2.895060869285039,2.2716251116483974,1784612.0113856122,7.902894922604844,1817.4007963047188,32.752725326593776,30.689420216210827,337.5453582761584
3886.031605144003,931824049948.9686,6.851477990497975,2.5213944155080177,3427887087.231987,5.2012587214871635,270.60744336221126,21.29195944000753,72.0192551107392,188.02081530758716
23011.16824150173,469990462343.62036,5.6322005044877,2.2729462015223634,398647.95814004913,15.981518334962253,5202.3680719541735,29.20104294497851,30.0,315.6374764244526
726.8646546175237,413293085660.30536,3.4117650128307324,2.0803822264887506,8311440210.129655,4.54783062736733,1724.9171169156164,20.018935547609132,131.60451984254397,165.62719176767672
5113.88838287812,358407934094.8031,3.119303584492792,1.5117014764935308,1468065234.9235086,16.532939643389202,7358.043516641266,38.33530315575549,61.47287833468716,186.27077227527076
1266.4460660902914,616307479744.9939,4.292254757795295,3.2097726955505097,381191.93888762366,6.281210938707088,7468.021116254645,18.17677699627565,30.0,313.5626704466868
3210.42195527398,351560035411.94666,6.7046993144973515,2.446307350880123,269328.6251142175,19.783416241209505,849.2039862177551,16.130303432312502,30.0,312.279746530032
15693.657522393258,746273487708.7722,6.675050458756436,2.939780607418834,1040365428.5360821,5.444661686353593,1565.802254203764,41.570367465854794,50.79760217555093,275.44031099530486
6420.153264107602,801317524898.5359,1.7169454661070804,3.417313383259141,245658.20628481868,13.714968024343346,1691.2047344825596,52.07985237717458,30.0,293.9665737459972
14445.695235551582,875844717584.7876,3.4648669005608506,1.5056626799074746,2045996.697518171,16.013865448256738,7292.393664302046,52.534931542551554,30.0,327.9396547040489
14959.786877770091,242801687444.34702,4.248531262553165,2.850079213688514,1014492980.3437371,4.368365327480803,633.4102061524036,16.460065727586393,48.50416844451098,247.20666329967207
21311.165660699586,527022522270.3261,5.30628308738758,1.7372814080678773,3450643252.58007,1.5613271124941317,6011.832618744464,78.01024653042613,61.1006989253707,315.70969391407084
616.164126340911,223445393285.2221,2.4719255572955436,2.415930115365043,689065158.886421,11.047387257309152,2308.7599696385937,18.522240208810594,92.44307184386803,156.14168514218974
21407.551753887987,37556785864.517715,3.679339633438011,3.193564161782898,2814907341.780372,13.55772730765698,4663.652145618759,56.23244249843472,58.665827122217074,242.4544262767608
15668.417617460864,707825596344.5336,7.256380633691732,1.6429916979689365,63014655.335630834,16.354659869190762,1426.4836426543225,72.2048347757613,42.47281114839952,276.2402659020222
4487.215409571461,548981724953.8507,4.597558837188722,3.479226969757269,790780242.9346442,5.491640726982982,6454.171964682091,71.93362294659681,54.835789124411825,206.1475690076305
19436.96600931446,723927555625.8041,6.336930969282356,2.6616716562367264,5259344.782712836,17.452103552539807,5369.467807842715,45.84902763582995,34.02251892884802,294.9362005151861
21459.54277386935,87623823783.6257,4.65106029222621,2.2899869178343106,843471368.2302263,18.31954464566157,178.9624356931379,29.421696089226767,38.705780505041496,252.99242254656016
6729.455351976854,995526183535.763,4.522386746603013,1.5390205306708087,250440485.55309027,15.594780209061422,1904.6891086082237,67.95086354152721,49.088910493308866,224.69272844025357
23010.44518211568,994348572598.4651,5.542515913042776,2.6736461563227705,74842850.22572674,0.2015571533683148,3736.1386013737783,52.88128573458073,38.189259294332246,436.6243727984147
11634.207042317117,465000360503.6872,3.185869329232514,2.4897809280150107,9151801744.134434,1.7899671385155178,4254.091859479549,65.37326162533245,82.27687357417145,198.16902545296432
15283.899131166376,866058849125.1208,3.123713645490625,1.9306340043449777,22330457.68052802,19.954860208619607,6619.899122549379,37.99944236828213,41.5976834525776,255.71349838239115
24623.913573632268,243569312237.001,7.930800056795459,2.4808950671750014,124806207.90720958,14.692276451587897,3101.8469388742415,73.94000620693322,39.37079055074721,248.39123972520784
9357.633926660385,737566423657.1357,7.148448060574944,1.5255785280459728,35442833.480910026,12.554493156045247,7415.486806391601,75.07148683852252,37.468968638810715,296.55236217172916
20422.403972592765,879225977587.709,6.295406826922689,3.4989552280575875,2007043.095788866,18.0321720617975,1559.1443563843848,61.61429669980821,30.0,314.40093245902125
8300.778386797261,814666451414.5125,2.3914395038609664,2.164228882331257,4485670.871907617,0.8408472315653253,6863.126732473636,75.97967817457722,30.0,414.53551369502617
20080.731294916528,811774266467.0792,1.6964606227009833,2.46044429612238,7833012864.061149,15.159688355120409,7235.353244903859,41.74487452934509,72.34573427646306,212.31068155449083
15217.981012134742,463027169062.233,2.6401812772811044,3.0695563361008134,9131713.766485142,13.110817519890045,5017.228865286365,23.612453406259764,34.96814597188558,274.11237906592265
5800.714533022335,819990127788.825,7.59525126929888,2.925556687186835,249477473.47417387,16.972005587326215,7740.515230015528,55.913283262919094,52.730574468413835,229.45689685948804
10643.639297836291,690705122316.4874,6.805883506618421,3.2771180814042022,68467791.32211068,15.569189460965498,3290.5924972997786,55.735556260968394,41.14049226233437,276.7820664235469
8282.07304190726,132452265692.80623,4.8999940811757465,3.382651473733102,2812071500.946619,9.72437057153686,5597.272475833185,44.39254179762339,59.16112926999334,190.65040914591526
2413.6556304689148,114185289880.11606,7.797073843894452,1.8783556619327328,614398844.5969049,1.4658206352614247,90.68045991196728,28.243299330363527,58.89202034009852,264.72968631635837
1230.9518674425883,771922364012.5039,2.4527836688649565,2.2807996924515495,253079.53626443172,18.192560732435883,2204.6968295461525,53.704006690974595,30.0,285.2785125712176
8988.727057475933,625464463308.8351,5.13447786003924,2.8736339839247824,5987001.365434466,15.281869805867402,4535.288360568341,22.65458171111281,31.556043306378427,275.2389535417163
966.3366215284211,519376597815.26025,2.690943821591614,1.5900485508608293,362716835.4705213,7.160101491662488,7008.710750692954,62.73092674042782,60.52539442382163,207.59700399283517
4554.450060753488,907261883587.0374,3.491785931227988,2.9338898123585957,640890.8040367817,19.67936853232856,7623.876123604126,73.47684228031912,30.0,278.3503405172899
18266.991360846285,659590697280.8617,7.610877623260967,1.5097668800024955,32900000.74610197,6.256608993041832,4639.672645946296,21.66348441022231,46.328293153122615,252.76742751336246
17848.235274247905,396147348941.55505,7.1438103575664424,3.3281769525350677,3880120.7546785716,7.442684214609063,6848.405560733504,67.41899137507824,30.307732402939298,296.67816387060606
18595.219468205876,413932394244.3756,2.1616921065988093,2.936338899483206,210751.73031945722,19.49478019269487,6395.866948545339,23.893041191763416,30.0,333.0469560921592
8270.25269268448,605244755573.2241,3.1220347361461,2.6309983449299654,9676770455.55139,13.37881598733771,6191.65517286955,45.02969999819252,69.04576167937006,163.91791730610007
22305.47669938354,760275524411.0637,5.364298552283328,2.3578019446024503,4434278822.05782,17.589938379411755,900.5549674698509,75.04722818889095,56.88624294278294,199.21892869684547
15048.848426696966,564353742595.8171,1.8987931177153585,3.476049537092823,546551098.530368,17.76069522736331,3834.325568769262,15.789750229461477,45.480977077578046,224.7589324578523
3587.64537279235,508761373458.2975,5.075550207784342,2.9730234667189444,1011880.3825430792,10.75214430160086,3895.213189278066,16.283670403814007,31.971327358281382,227.97281067991955
4021.1072056605863,726900975753.4791,5.299194332661069,3.114585915027784,8762559257.740593,5.37598805059618,6301.791286765205,77.11064384792068,77.9147358811496,173.1399852840537
17480.837959777688,705264844642.4865,3.3912866786479867,3.1507699804695948,142548094.0213797,16.956544919079757,4692.999023987168,21.119454876565843,43.11836364964702,268.4673588584159
4737.126442830912,830347010266.7203,3.405299370813302,1.5437498665756033,6766704156.464195,10.06265696333926,6560.623072770097,33.94333401103901,81.39930627926417,149.72235641547317
12928.671188760061,62552723725.50813,2.98901524700546,1.6093687701245196,163265.54277044316,11.308803182827674,7652.040131169613,42.12958001454165,30.0,310.8708676291221
24798.47466025341,754952377129.8468,7.581896406274278,1.8967299714402333,736806.7344430005,10.850290869488639,4441.764193171627,10.468718539749723,30.283005355748358,295.51688983814756
598.1863159668177,513760937191.239,4.027662414544004,2.81043519217413,243351723.30145285,0.2412818051678306,6335.771160020523,23.165627440124005,71.78095343428264,261.0864973507699
906.2051464901447,74694045340.03185,5.304248910240288,2.7478983923988274,3434777076.0872917,0.9650886430319674,4488.874291508872,67.9883794319426,95.74878180828735,191.5210191316262
24830.57225729741,679010349159.4916,3.4602347326478444,2.1503271096071535,756677.9245368958,12.346867302189182,5009.364417223902,46.31976876040124,30.0,327.01256001613893
14823.651436287055,716540477461.7488,6.067316028696878,3.4459975263489198,3850270.1123217954,15.899025305949792,3813.2905544128616,37.572859310429074,30.917209334078535,317.82797510217455
3609.2944002035715,523627645917.5149,2.1593682618811765,1.6862132842562496,87274356.9478053,9.167919753870779,7677.166956511669,57.737877441018014,47.40668363084525,222.86012808716384
22483.903893975294,793799183850.7852,1.9656700301153158,3.0534402455431526,9961049557.648008,3.8486455387733036,6542.442692941089,32.733841497258766,67.99911638527234,211.596479361405
22069.31735312846,300248808381.1929,6.337844443782261,2.461754239370487,996151593.2671663,8.162376353706223,6018.011642380677,40.69769130420882,50.88483247958067,244.6985169132628
13636.910121228693,201908016624.2176,6.223341729049775,2.3376683999450565,4147762634.618585,15.378054857081205,2643.3707685823165,79.56084467621936,58.089751377304324,216.86354881524645
15733.904731588535,350734601009.3267,3.2225086849143043,1.551129986389797,237171594.30327138,2.2169966755314756,3888.4657761371786,64.20003046532119,43.1773133392705,321.4552295742845
7193.08619177147,410051103245.46423,3.807803632710474,2.955599283240442,2437004624.631382,11.225967787437398,6904.642708064878,48.77813135961265,68.43917974862325,194.5607697321003
1737.7325611141262,695933906468.5664,7.722193258663345,3.043151021533949,34294554.18519485,14.059145288202537,7491.702064476596,46.872182215144186,41.090887176048064,204.67565934264866
15066.906417826176,845520092358.2898,2.178146917469543,2.137914993577358,417631.42948370584,8.345867187479131,7980.424583534221,69.09903712984112,30.0,311.8043276281863
7721.502233467693,720918469160.4865,2.6904559325533617,2.533925741191691,353010071.51660424,12.045179288056902,5878.089627323674,52.06068645611402,45.33283597221526,237.52951784741865
16758.71564317862,173988385082.04245,4.2952493723260154,2.7128842464697245,101712566.27811728,17.675365069122176,5849.400033427703,33.74950583189606,40.35961303121536,236.17871564282424
20988.006832643732,366217718583.1726,3.333642889360913,2.2352904857272398,26714701.17219908,4.29562397256072,760.0640511973004,39.2454194526152,30.0,312.75522228133315
944.9333259019195,158414555034.06454,5.718555566109346,2.7311640123187235,2371125.699105564,2.7449089732547503,6014.81125354604,22.837278663019944,38.99398729246777,302.0198180389167
15094.987479800322,686724512833.8518,5.988911199153449,2.3682541188334953,833710096.4725509,1.2639236085637438,2780.4631032596035,77.1664406110279,48.183025088791496,386.6912486237606
6166.37322232788,248172630045.0159,4.921522545285619,3.2561397109908032,1264883149.6338494,14.53795081471607,6918.342051033104,55.65444177633669,48.49890989320301,193.31278905994589
21910.268198643134,525387407464.91394,5.4727824591180045,2.937026453381229,6621069.356245012,18.0155901071889,99.893725000489,37.899929453064004,30.0,331.13030332528297
6714.780410764798,791830051364.8411,4.317235408132241,1.7209999662871363,4353442352.385196,13.823352844826122,7475.741278853134,35.19215447795047,74.76524037397067,189.38440600697703
15463.868264267749,670939603982.3402,6.442517149213579,3.099206367317492,7058435.847148119,19.530234739288467,3876.207915122333,73.48946198805254,30.0,308.43507566000255
14061.75058219548,298374692291.142,1.7736402360007533,2.1750112627900178,344994.7403641701,14.176809185751674,1032.366483678185,35.22208875716557,30.0,292.1793033559895
10206.079251451598,332867417749.5902,3.5337936882632257,3.371136844064017,680208.159978093,5.805470657357611,4811.978685071743,62.94553561168687,30.0,351.52454827937794
17101.708708194954,653364633238.7452,5.948795269066811,2.7067425595561065,29687754.63979411,5.149008108387133,5539.366471685271,68.47984269483736,38.26035526751631,309.0964314031341
18281.35605052813,549468199872.1948,3.642693201189986,1.5551559212815929,250792.7437312399,13.350053874022388,6240.588550781084,73.68602374083957,30.0,390.27378342214456
14389.975985324976,96394391076.55692,2.0104793228791715,2.9687254102021194,390897344.442487,13.53244295961845,5617.761706859646,36.11362980442951,47.35891998372896,245.57467334704634
19081.344811026476,873991715281.9569,3.7425872850340394,1.7614687379420928,945103293.2593842,10.500056015839737,4431.468600148472,63.57288323141524,46.63045637405382,241.72885491679946
24593.71836182697,512613735440.38055,6.124716016626311,3.2545349659145573,55890972.12596777,10.561437186717756,664.7327618822607,32.8817236785198,34.93763652879805,324.10384837076646
10772.173503569726,473361539836.45215,2.292901624146565,3.396660615114804,2929154402.162412,8.361996582833147,6904.558019719815,76.08133877315277,60.612589618635056,214.94649035016096
13107.284771195507,198440138192.9257,6.2101038673757545,2.8905117060586836,5907889091.53992,7.030924534567054,7867.401909911597,10.781211317918828,73.45477118931834,193.4690536118668
805.5120095597242,376994441976.7183,6.540462156324241,2.5657455534318876,17294397.573064238,12.69934760852274,6226.275818685237,49.91333146730174,51.645890909530095,238.38549110010038
20002.69962960427,332825529490.2368,5.6294548387475425,2.70412601566596,279020.3255619992,14.96297005603277,287.58998160398613,45.69663558257505,30.0,340.53586958481975
13245.636642626849,270736412093.74402,3.0875213156279377,2.3577103423918646,1433245.3723750107,16.27744438544743,6048.026024641225,71.43357342443596,30.0,301.586645681077
10495.055043833847,567407007240.1985,6.734419821767899,1.6671655640291803,194124441.1885275,6.191344555793949,2164.4318847198733,25.14185763617588,52.149201016202014,275.16608592578734
2804.763095690197,462275898004.92175,2.893876261560025,3.357686997668633,10688626.838724343,17.161798013886376,7697.180476762062,16.110153090130243,40.528301430169,233.46616404938766
22296.582331047233,889197796116.9819,7.387836189113778,2.1583730695088845,266101284.3804067,6.08970710853709,517.4254045143219,69.2507693774399,39.828222344285415,337.7121375561494
10177.677380993633,941344035703.1838,6.093197044423533,2.125695547400806,215613490.73423585,6.132320400881979,747.1445587094099,34.50713267967929,49.357053118327535,264.9977544620602
17223.249156125898,219474209754.66165,1.8556795232058882,1.8826495516656472,106375271.87261437,16.12974579769248,1459.148995621015,32.74434732728183,37.33055743736794,284.283092808014
4159.666831019694,100106328661.78175,6.695366271300809,3.484816497668924,615407.5705454102,19.389039919519394,6027.733306499795,17.37173272252156,30.436387908393208,288.89892497746456
24057.965923755295,785337766150.1979,4.791818012339398,3.385128874560583,2688911.3250178285,18.647902614517406,5214.725648042972,74.40412386347577,30.0,313.4864301455193
4871.823164634858,994861408777.2053,4.442217826034835,2.198864739707516,7750114.748396134,2.2660326867785914,5820.621276932041,54.30704807254761,33.419128497649865,349.5928739526327
5388.778826037514,863600206254.0844,4.233322752540165,2.020010761889819,1324615856.9054043,5.805108456428608,2837.535110695409,58.452864356350005,59.73502526677194,240.3932484533358
21545.080083663986,23698378421.332603,5.4430954318659595,3.11073905936472,257699860.71472755,15.20993569092982,7037.8102971911885,72.85565986212652,40.63304846412544,270.6647589107297
22858.277231477314,251264299442.91528,6.209760255089249,2.345220100392279,167753399.56353247,16.134559737059405,3575.5860489658917,69.06981689369402,37.309746583213744,206.0457112754083
5697.611484320884,43343233698.98688,7.323848002209644,3.4355761001762852,229449292.84663925,10.110117254491993,1081.5743919865008,41.62697095543875,48.089802992492,225.33180078088384
12010.121760283284,820779556261.7896,3.2741412841569644,3.3024334592186704,32810315.55499797,0.3712504219082558,6142.117558294087,21.184042907844457,41.929476517565966,390.01292612251194
18470.625161789332,581407394885.34,5.6000457739177545,3.018902684520385,157818.74204198256,10.06185908768426,4241.011633946951,57.06197318565512,30.0,350.6886495747681
22019.96047836464,513719027448.5127,5.961226974542845,1.6798485802287337,1012985.9866383738,0.6713811152297354,4751.353973872421,55.55006616080739,30.47529952774019,466.2181705594187
9786.791028413978,554450327546.6455,5.886181408614802,2.9042554731110006,502933.7482945787,5.663839123651233,3087.1152899408976,13.2955709523001,32.02880267853258,357.1598306670294
13166.977427811016,252452006245.33243,4.704504210589304,3.4745087737217513,208921.5898019049,13.154358004771417,5688.649125555149,72.95809420720111,30.0,347.4806102562515
18672.052057733505,601638767500.4937,4.041646563324057,2.2465850659675333,3957156.6236640536,2.735317873181962,294.1879542092241,33.466746903788774,30.0,305.29555468992345
18412.831427993486,30667947797.05153,6.455462310936095,3.2631380060986284,868262328.2724967,14.264166397122542,3934.494368217039,40.01458232444206,48.932217569295474,234.32249703310748
19682.52318563908,646012077959.1156,3.450063726265209,2.3162836786923866,376408.15000475885,12.446655415428145,3422.997029979579,45.96469768789861,30.0,353.48027436095936
14463.378556717396,734434095745.0006,2.85234555558858,3.4426480014187635,360672.13063973596,8.622399660996278,5974.3594728522185,73.84134654859639,30.0,348.1287642406172
3063.0698717169926,673026590685.5635,5.047889759440805,2.8071827431751135,418138.441276996,7.47449328295782,2134.2949838130585,21.934290939420936,30.0,318.33171518486307
22647.345626511982,332118186194.70197,3.2394705748041503,1.6930009658275855,2234130.082070823,18.29759468340815,1877.3543407693144,35.808285600642805,32.04225837987654,274.7229119596969
21706.52721336519,826263088864.6276,1.7160155579695036,2.4580914775892464,1025736.2175955733,11.085754705089963,2565.459842024827,45.09383543186007,30.0,342.3048623412334
20053.38717754916,715544281573.485,1.8352423319849853,1.5994575067954355,117437.17143178599,17.783545884365726,3849.543288971132,79.432910851712,30.0,324.7951081445687
2946.6306904378725,128298194626.95494,6.017568421514685,2.2901514473722164,2412745.7979325512,8.278222955590168,1686.920417560505,40.78257329868421,30.0,321.69652967090843
5507.735493495015,195145025394.0945,7.8254479989484755,3.3307624282821626,9582356479.176579,11.91307159833738,5476.814038331972,37.89764685280809,83.61172230476396,170.21904720390356
18718.20894513747,637108776069.8254,4.455474493569488,1.964404388962725,4813181.228543881,19.094443601512268,2659.573970042457,75.45187674295656,30.133093591992935,297.9345348886686
1066.9323172576878,289416844139.8926,2.455897316300772,3.4011355561634473,1138400.7150620879,2.5255156413032647,3378.002380333338,56.30464029052242,34.26858437518784,378.2188434984798
24491.00352582835,119433822013.2955,6.817540868440795,1.699846089270281,30100218.44979708,5.292474281004749,4465.1714824205,21.450198310979836,46.90034770675962,290.4862245656157
9740.044668714178,154969838180.89905,3.199333330329179,2.8296230941483427,1402304.4791979184,18.338044165981053,3021.2339211864914,22.306130308094254,32.531762483310665,301.52569834616054
18123.157075425177,165618014923.2201,7.9715720004252235,3.4313711123010027,62838528.508794665,8.46898802361619,5612.804280229698,55.11168800484395,35.967404526990535,302.0011621856602
22245.491667957063,477791429027.4754,5.16121707787589,2.808307147466502,10075792.892295305,5.477105997767164,5252.999632956898,42.69387423050514,30.606886376092316,340.6862646296138
10168.432259677016,607385846044.044,3.0121115656406543,3.2980079075105664,3049345200.716316,19.946927245827077,6057.1107350902885,10.627763970643592,58.96235173250257,161.42574212379375
8318.745970691818,176403098452.1401,4.724031001908235,3.4820609492915953,4361102670.201538,2.0890756965491835,4188.8065764819585,41.401445670717436,77.90772303298345,215.40531125682332
15414.157658007045,712496897866.6107,3.679978266892716,2.783686872084928,367541421.04373175,12.250283061612038,2945.700617860675,75.7786717233018,38.32899464686861,268.71808583656804
14734.239656827242,281013326488.92096,6.56656790007516,3.064527694581214,1198039.7799735346,15.772086995191868,1617.0104113122218,62.31652197661449,30.0,331.5297957217775
10523.92945180753,311558826835.82245,2.1878032577523627,1.5639703875594742,23414923.292470556,15.74544300965669,3500.7200394017887,49.10217563954989,32.457719609098184,284.8758462136726
15243.481518758857,223499397575.48648,7.070517660711563,2.354620757038088,3366013.358511219,8.864748283860099,6985.387280040305,23.663728080677664,30.583036487031578,269.8841115263965
23416.84355437912,785206350737.055,6.487689812716876,2.076530707009824,980363978.3922533,0.9270226323811313,976.9985295113838,33.4948042775255,49.93722713144435,345.46537220857607
11957.186287351613,959813873123.0441,7.098864725359668,3.148370667994313,139917.01966175679,16.828490456268177,1731.0600309426457,79.7647498195952,30.0,321.59548813178856
5320.183428390467,492500356178.244,7.3174593492708215,2.8551560251626116,205332867.28764403,16.064612611398324,5325.314011152039,56.13375641387443,40.09600273251935,242.23748267331425
9741.546580633596,42031599401.35077,2.9935558491300283,2.728828444760378,4131750.90337991,4.785746009404265,4603.864055050684,29.34013039450995,30.0,315.4235164526523
10155.621073531405,260570055856.15945,4.8865377469860345,3.3631173756378354,25411067.641650982,6.843522102664447,7330.322354030795,61.65935860921058,37.06530873319253,296.20799557975045
3712.1629791423866,158051133068.55493,7.024494431081452,1.6777356101628846,4120736.613303192,10.276217005745817,241.975838928671,16.395540992432707,33.27979932547162,274.8651384951531
4490.351763586596,842762442089.733,3.953021818754725,3.407682544429145,6667302.139018804,2.3271669678860256,7029.345128314121,35.94076604373499,32.54703642093852,339.9765872096944
17271.77079814509,84854902579.21773,1.892649249171611,1.701529414338442,235403650.83807546,16.420262315634723,5806.664454630078,26.039157516080355,46.9234644447494,235.43124616016325
8817.204978118116,966476274212.1431,3.3956233175003576,2.1940350937650352,94944905.62637076,18.445894423589493,6206.378330161044,72.72056593835018,34.73432283143879,238.76937964385937
23895.010600467285,588514188110.8494,3.0724820245862707,2.760547329594365,1661292.9745119137,6.1984769112212605,3035.5499633154873,61.460185970404055,30.0,360.3028993849983
6468.1202612858815,517740269334.37616,7.15540702147918,2.1829524077349522,165267.75997321316,18.484387833450118,2465.528535889268,44.82499036115877,30.0,340.4878273306256
2923.650375068147,847350775068.5643,4.515001271159464,2.865072556588731,1905939230.1012492,16.027346767908877,124.87889353542663,38.54600839328518,58.18533758802314,195.77098724292085
18960.86179350632,27548593743.83487,5.943037543401036,3.050837238391133,28942324.474305257,14.570117607872943,6301.367264199638,70.1011038981849,38.24924803237228,284.5618395983972
22085.383271987816,777152972254.2603,7.753774472995305,3.1570116598826785,124065526.02420144,19.384616594431662,1300.8101909377626,23.680218343090814,36.000118266589716,237.0736444312508
7313.777243351453,116604928964.471,3.444721040503824,1.8586874018079997,27701058.364710756,6.526770725577329,1816.772107766183,15.23339640725867,35.429706321221815,277.7841281199997
5451.15849031421,840778258162.3331,6.447797123928073,1.8641533923776932,124365819.12819704,18.317073803820183,2219.7259650999745,69.62395476720982,38.9343211798539,238.25474792724242
5051.270304341636,529176690061.6426,1.6479667898716892,1.6046280558578192,136415072.76017335,2.0131517722980035,6958.697848912835,69.95472836304351,38.15649033739259,297.85279215131266
13289.301383479553,61130341230.68943,2.176755139524933,2.4817036778136528,118905.7026875187,9.586382298789605,2310.324173269426,27.01535019437429,30.0,346.85375943796106
11976.207710545888,833245205556.2856,2.5521230850213077,1.775067237691968,46376245.139346115,11.062624627947585,3411.2090347134545,23.669867831693388,39.6011521080768,260.8044057087728
6856.276076436088,27315089757.13457,3.530719189671305,2.137193982774223,32399614.62268791,2.500071810456725,5981.282740786268,60.49150207926225,37.95942180778766,284.7347198371642
1606.7413662409465,138371554522.91058,4.11941689834096,3.1808686385665945,301361.3699491438,14.760212420997458,7139.245296178964,20.03696203800356,32.59235976966178,297.00479805185256
12296.537837993877,797824726002.1051,4.600603289759653,3.397317885435367,536301862.2196185,9.529820328449834,6331.548391186591,53.53656979005965,45.431230196445846,258.4059555112182
24003.642517072407,464871658986.7671,3.0946537508420837,3.144151894694023,1511112.672652601,9.138031768198555,4287.956796180909,59.08642304452239,30.0,329.13931297209524
16486.72041844025,881388822966.1294,1.9303995774658835,1.501296766324911,187338.37068306305,11.649721333566667,27.41179463512844,53.53859659333392,30.0,335.69552683309854
12639.910637401152,635429637361.8108,5.903900096961581,2.636048482677544,1037038477.4795669,2.737498024428047,1271.1598146739598,39.884986157273254,46.57180934589307,252.52845123808046
3211.955813725595,623529130841.6537,1.6537987979727191,1.8333202591338758,2116697303.574032,4.04050194802372,2036.286125968271,67.13244021750765,68.18092580843552,197.03616190987853
6684.689118464888,292235813896.90875,6.761559126581711,2.2514938224135155,1597621.0775163672,3.6546543151023334,3315.9867764244004,75.09884286368431,30.0,345.9105448619435
7721.961764576296,133681389871.20999,7.5395063634828094,2.355837888290351,273985503.3289525,19.041055319278605,2903.895020853286,59.39960771621669,48.23678506748575,220.64249765645474
19237.68703887724,961172429724.2917,6.117397938787623,3.3858815156240754,105865.23607530461,15.47513816217484,4120.106682240286,39.32658770458305,30.0,290.4258156355327
21979.414532983174,104798584345.70601,5.373743362286407,2.7674774637812485,403412909.57442766,10.607479657824022,3302.099945803278,79.69909224029313,45.11358068262327,325.9010136460578
22590.225412377742,529011071062.9675,5.7706204406361135,2.0353101039603514,21091245.030946072,13.206129870889269,5811.272966765458,41.45910884383174,35.97925324202693,311.0832437563114
24621.930902143475,272569318266.18942,5.7394433030143635,2.7855896812668792,917097548.0985082,13.017063217498167,427.32336178842775,18.138439797186322,45.335910824619994,243.33370014453143
24567.983736061044,264141399440.79114,7.556083384432253,3.4037309551078456,9229323.382686652,5.283782951744413,7957.878125224552,22.780755836727202,34.14579574080186,294.93994639220335
23848.478752815547,594586624716.5938,7.767988162760788,1.6183182481841734,5693490.988588048,1.7778263464297923,6746.040231772863,34.3561105972491,35.211622211589535,410.63234048083245
2259.642442320667,797934319244.7517,4.273625672403441,3.131975335685248,1599279519.561116,11.121028298311519,2686.3836712354746,21.978166592351762,76.40815051055631,192.63692475832255
3875.941630231227,777179705651.7959,5.5110146449647175,1.9337951114282783,156039.11898725294,5.297697661806748,3180.448845092629,64.48047070215009,30.0,347.40691029043654
7959.4298986628055,868801820391.8643,6.71824584927212,1.806215904127914,862630.7482136966,17.47575939380192,7710.016607734906,10.987398917850502,30.79820763266252,270.85583942734246
14046.007224579305,292903445009.6292,1.5067480216188938,3.2977338373469003,11498583.529914547,4.759258231926162,7487.076302836054,38.41183102044356,30.0,304.19210747664573
2875.9582732842428,465751915963.6921,4.925603459380152,1.5036989139957946,95871783.57575183,11.478586430146095,3151.456788676402,71.4744967649016,53.26519233994675,229.80151438416925
21222.025466152492,9335563885.451735,5.7436962088150345,2.9821714807457846,106062.67239930497,8.43085339288602,486.3304719010201,18.241571434750366,30.0,322.87853477225315
15610.526387394071,746857876278.7423,6.1618354232942805,1.6744568197787761,75117041.2437956,14.870911397875421,7903.85127047361,50.32586731287251,37.181725134161816,262.56585092967845
13787.927856404021,302343809799.1709,3.8971311610758272,2.735990590081233,7806613.857522322,19.01738703420395,5233.489508567619,75.36942890621222,34.5963969642544,290.7526184325804
4550.127422498634,561493971776.6532,3.4216887339753495,2.7417938027811366,141257078.05607024,8.260842839428657,5547.084465354678,15.011742639801533,48.65252036610242,229.3158637466533
6704.759122804835,169301112719.16867,2.683926682691405,3.225552098982923,3426645663.092738,0.9348728236617034,2204.0177340423916,34.480803160530925,61.24231464208116,279.1330784356412
4427.644612065322,819399687734.8214,5.125801068842449,3.145212994459097,16008847.152537387,13.245556253155183,6551.448713252998,12.636323666716024,41.133115518132676,234.91356895473132
21372.362365972567,817272402006.0585,7.47547230963879,2.870328686172076,59277955.51491151,2.6272382219849124,4464.2801920990105,57.75360274544208,36.661982974716985,362.30104583561007
14813.582571499846,877453037300.0408,7.323857979706313,2.2610951808418642,20603907.54697972,2.1348050093076725,3767.2362472380564,39.22495197210881,31.77343088081994,312.2622760762751
18510.67097423102,45937951169.72572,3.8397785265250004,1.8328114940951403,391390.2620736042,13.248084819721774,5932.203907608002,76.31249694619059,30.0,329.5239319925383
7752.80514129563,992458717316.304,3.1760584095983173,2.7713658521985693,923772306.9621495,2.10110609268354,2981.476812216932,58.39029543545458,48.48221722378308,295.63476356204524
9595.689608662791,247780166660.2801,6.62715984736005,2.4939395974158254,2666727275.0587773,2.619103778560655,3440.9444947703805,52.135840080029645,84.44429050671309,252.33777692257556
10418.946628450078,309434376613.6634,6.2123701185872235,1.655884524562775,1141124175.824607,8.809660569892824,5222.0913557793065,73.7225626145994,57.09879605183458,222.60406482026482
19120.366807728853,249336479854.71692,4.7847089023936995,3.4111237809377055,5469943894.314415,9.073905420368018,5120.295496818428,19.076359395951563,53.172702490691925,203.0801139867812
19422.648198026916,267533430833.834,4.028696687002574,2.1288390398236245,21884800.34928879,18.278600403372334,7769.775876441681,64.84114856383952,41.72308599845915,312.9218353439765
5566.9314240937765,552661803442.2905,2.304686374343637,1.5042815299846106,182645416.2815598,5.558877549256805,4507.18196105014,61.086330968174565,47.27287142738183,245.29743537157546
23567.701990083424,239811304493.23526,6.603400829099537,3.3033806076748835,694557.2115683131,8.048655399131741,2574.673739798182,57.127567642209954,30.0,354.51249972668063
3456.0557673703165,393771917629.0934,5.513518883281033,2.6541017597413328,7656681924.250713,14.165044475823048,2306.6366309831883,54.66537454840273,85.03544125145957,175.48378551766817
22454.991019378944,655606926836.6329,3.9497309182971083,2.9661213471006347,79941123.82907264,16.54904772747312,4276.811861165461,18.706109997118116,34.754015524797246,236.3832483888324
2959.6933184203276,836026367551.5233,7.472121844434197,1.8053324805907696,2033834.1744907338,7.014951338521796,965.2759450079888,66.9830362285135,30.0,388.7527477737619
6981.225373207121,692741807525.3793,5.787872591677104,2.3092113480520835,1063827938.906775,12.63999452936071,4708.910276853971,54.460784544901706,70.61133516522193,247.46964211617714
21238.724133664946,594323250464.4784,7.540052634484351,2.7901224596274927,85596417.04282123,12.502508452180113,3128.136976851438,64.00310853140623,33.23009825268504,306.8866025097194
4897.555772479142,147729414812.50616,4.583680992207686,2.001929416326354,5602410274.91558,6.098992064035731,2822.4566573531447,71.32630609894302,89.48549767568178,209.35895008677687
10632.41431709426,816115785425.681,4.455015856415544,2.9029978903683156,707761435.7145588,2.4164928381610595,1547.894058546114,47.96981889606424,50.49054565758254,246.39114773458326
11521.552848631092,37275850718.150696,7.592055387041517,1.9672298453477515,2434019852.099616,13.666215823805562,3968.352765856177,76.98196658424337,66.55146648199903,185.7421792202295
6508.844839068636,264192399043.63885,7.738644283582966,1.9182556542797455,54106575.105470605,5.39795795441827,310.687200357229,17.644096628142385,39.0523677678737,278.3785951040374
17901.007432731672,57059859873.04426,7.744987572712761,1.5232493005207657,38595984.802869104,6.399733138889467,4861.399567540855,10.282650578075964,55.502483422583616,251.5150854643603
21357.698910353993,667429308155.4869,6.822833060398379,2.0638134907066137,611832237.1948574,11.468485716006617,2291.5371833757295,33.096052989664074,44.90482393222031,258.0551554221757
21927.090926461507,368371714222.4319,4.505639941358201,1.9934735840596367,335019.3390433072,3.258138338666582,7241.509512712744,25.158506634600823,30.0,277.80802160103707
8813.392570545742,652048831156.3835,2.8669454127488825,3.0287131133606966,186276.45202902204,4.867891059590009,4215.631539573439,48.75269224921304,30.0,380.2271461730978
13505.834660051454,347031612272.631,3.9923657283058835,2.6394198123358414,8289173508.471649,8.949272398076836,6246.892023773036,29.62067775000627,67.37933399292785,183.61609010170812
6585.956894708462,455741275058.76337,7.598933694865626,1.855648967464113,3814851558.086817,17.57574141771974,6810.999011459951,58.16963454647067,70.00407371450976,168.73680119999062
6497.514287978563,457961552205.17065,3.8631029180219496,2.6362549418976746,6002120445.39246,15.456509687004775,7033.075622750111,76.172995312884,72.15703051602624,208.69769925490382
4450.724539872141,45581608086.89094,6.418663274352994,1.9508871811495418,205031.3718233754,6.386057229926152,6966.341609628099,63.847952502914204,30.0,337.5698626064918
23530.46576478411,430227096119.47723,7.499528282092202,2.3510045601083904,2220787.7825405765,6.076274290112554,1811.4952036896575,39.41762961428123,35.838398948282375,288.4996834624969
22255.726300836708,641064722050.8395,7.807549058729292,3.276416123439093,3218932694.245734,19.747530996243142,2433.4912499207426,78.98520564394177,64.92232154455671,231.02508010969322
19545.28847652846,546052700023.18774,7.659881954689815,2.938512439032987,280154.6816786568,13.085016254037134,5666.42551407251,63.98276700367351,30.0,338.91580127614446
13182.707271549361,75284690994.52098,5.107874385194794,2.802200033402446,18078923.228146177,13.726403947030503,4305.570916036025,66.76171075637131,38.52827806718702,281.0069220157647
12519.893930040862,668056317630.7632,4.697220485230657,2.0629668986442775,5086941.761203577,1.149730291478809,4878.564979727742,24.3324332540963,30.640153878545302,438.77850152298817
13478.7688214712,308863446052.50604,7.919663306991911,1.7491633297931568,2507566114.78434,2.144202047959409,5425.057226759798,58.082962608900985,60.599646200295375,258.8577462708168
13645.916332638688,14435788344.219315,2.918164829771994,3.005897968599869,38938629.4856299,5.924350018323609,922.8783936623305,14.944476076112807,35.50009958732932,300.6620546080822
11146.795575093412,155596401488.68814,2.7189467009509567,2.6357807690955797,2830550.5226430343,16.848121890736714,1354.7684495897188,26.471658941157624,30.0,284.36149305515454
3727.993405855653,497560159756.90216,7.760684935347928,2.7455203396484746,41831735.127463385,18.217853125992992,5106.311438146915,11.150645693158213,40.988268885561084,244.30301014892598
3578.764395279132,310402348628.4096,5.979766341857102,3.450226638758302,364948.0336992423,3.861035451653001,5006.716845712285,59.36652999060793,30.0,354.18952323187335
23830.11803821924,694383319370.5371,4.985976063688026,2.196641840334409,452911828.1582976,14.298225506152576,6541.278589694644,11.466235530881368,54.26202550021109,209.53924424514307
12309.75360986559,240654234912.28888,2.358323653468487,3.1014950584083074,123505919.20376001,17.489045741026615,5553.316895644197,41.44237434007675,43.392951330315576,265.50896029215863
23853.535360177128,772796395679.0001,4.83606161860614,2.6179136817444597,100819352.8242953,17.58407304439397,1669.3363329341812,55.42071474575111,36.857398573724026,275.899676420981
4507.633503897694,286477894916.7985,7.637437497890107,1.9705198918538849,15460436.987568557,9.203204936207971,569.8782124997269,31.349688886957317,33.057683278508875,307.6574864481029
14083.205524978372,620864086720.7081,5.418793601766366,1.6057766639731834,2959516.499056405,5.212630850172312,3134.287932926349,35.70963102931771,36.00317631811033,307.7624652330709
5589.072707112711,799216581034.7999,4.130086045856976,2.7320217839779213,212277.15754993123,19.12786479497616,2976.4660594608963,70.77113061870178,30.0,332.1185930707241
6703.022850101738,385556743087.62024,5.082169509523334,2.0952322727551467,5434536633.724444,5.56783361212639,6141.654117190446,73.09891292204918,70.64389835284518,176.79754497068544
1236.3371796488802,46805895010.52864,7.259943065615599,2.8909566929617494,12099560.84393808,5.091266468889946,5375.152027406373,70.10900406190132,36.35622011163996,269.5982617670049
3414.356113135177,535445985613.3598,7.433516297379629,2.9014543234768038,30172307.12353159,4.153373468043816,6978.897640218963,62.49541018159666,42.51952742464976,284.87661662173457
22962.785986915296,995409066135.4387,4.100573076743819,2.4109209356386554,7565432.729712904,10.67408243921726,4039.05161762026,29.42705467959574,31.635583078804576,297.4389274339416
8377.558291317127,968991897385.0472,5.452396515823093,2.572794233679196,8697346114.912363,2.18832780973529,2316.705641287055,15.227399533083208,79.08060254757537,194.10764103527413
15399.165691907494,221022972921.97427,3.3148169824384,2.7530937153358153,956885675.0934762,11.435219014029347,4038.960492649949,44.20867647034889,50.77412173199456,208.04705483803517
11892.846233737188,755696753727.7429,4.432054425030097,2.437209887600149,301162.65968305507,18.876601348419086,1731.8610803336942,74.70750686706302,30.0,309.84673286792696
10311.055508509318,344952486868.23413,2.9292371390904286,3.254741211898144,109869038.41332415,10.12413588087078,493.6395541916186,25.636155017369752,37.83205598470629,281.7464719916982
13531.209237978668,160273319910.6113,4.954569702126239,1.6518691504995229,26495545.677280977,19.308684294044117,4002.4675792966686,24.668457283912517,38.02580015470871,251.22655151379513
5087.354143075867,665915034687.7926,5.258560877270303,3.4596363188615307,926318155.3912668,18.118783743877653,3314.7048614099876,64.57541617025916,58.930082514318606,192.6391809120418
24720.795513729627,500869228658.0394,3.6959387848500254,1.5669018228165625,9695719902.89558,15.856418250097686,267.5101359922481,51.439173052849014,65.77360297592301,217.08032706401738
20548.542783244644,539231018425.1196,3.268768954151213,1.9161927117927684,526664084.57566655,12.180742121588807,5772.9772388149695,38.30099133951344,53.51411675347503,275.7849935929793
18669.558501922125,827392834842.8462,2.4816664431044373,2.9166157093087213,2111757785.6793475,17.619523463441787,5158.365481126495,70.38691926888508,46.330965866839634,239.71668663476814
11984.602776841835,336544339343.7472,2.4070338303400387,1.6699205186832218,32596990.940579616,11.121926654004993,599.6793409417069,50.77697845730094,36.9305179393945,243.27538682501387
4245.489492095232,667095092460.9034,6.124497252141764,2.0243455063005484,7378871.575659795,4.183666206299694,5683.088376722328,74.41872854705991,30.0,343.0758949737363
23056.313527702412,366192100771.1583,2.9406470232225717,1.8079533580977547,164588090.80838904,18.50733052321432,671.7501398909374,35.77051722450041,41.79362242586571,252.7350368228193
8863.983150852328,42724853856.53261,2.2668506371926433,2.9471431276324256,558588600.7185146,10.068688106157566,4146.076498071297,41.08528515334431,48.28926479227253,192.7244399999784
1727.6138975748775,378015729321.2416,7.992665983467877,2.6578667826202897,1372997.2456956161,18.159574084532384,4981.752408341032,15.201245792344125,36.4947221684399,233.91624869619173
8888.890081860402,950034513169.6714,3.1894572622788706,1.6289572235841254,32880423.248644862,7.893260032533207,3996.8945408802756,35.738259550271536,42.67816475991838,302.98925542339236
19964.197247149168,483262998825.93494,7.324314050282859,2.4202684708032143,370642.25883097795,6.7477000967143494,5981.772838409899,22.57999898353842,30.0,324.1611002302517
15756.3642522111,108231328606.43134,5.459708699387463,1.917005856032091,1207157.8597434747,15.331526906356698,3090.6773093021116,12.298247479477933,31.485602736651774,273.2929792356213
18895.545326249063,687827141549.3965,6.1479560842442975,3.4353971959648035,2566223340.6842003,12.707186874199248,1711.515010462333,27.903333421286973,54.20611434970595,204.14103572607763
19944.066904628246,963379386339.1715,5.14597292474763,1.7158358946181038,529248.8379789353,8.82251245280321,3896.399776434007,44.34386473974035,30.0,358.83491279393434
5692.887971473293,907945338599.0106,2.6752727678897976,2.6961103507280706,1139570659.683361,17.577852030209787,2744.473112518276,27.315043163304832,65.51369365999238,169.2492489714401
23132.691244282916,571961265847.3009,7.005835214441917,2.4636944716936364,7294217.621610236,10.355703439276512,1218.698036534999,17.636202402527665,32.973755116144716,263.4769411950482
11230.745271549129,376281368067.78687,6.881822982164097,2.6561689939967614,207781500.2630056,0.3051829969709443,3773.956750756779,41.60738263451589,36.543741270579716,375.04887511479353
16155.834406972033,580678087831.5719,3.7729555247767386,3.412985701412294,3561491057.4527917,13.87941694176885,1619.428915843383,20.349312461390166,63.01430400984519,175.44603735515616
556.5649283751791,815931246268.1873,6.465029526674515,2.1825637556329722,802589364.5446346,1.3099755943757556,3767.6666488633864,16.019524884204827,96.88178454503483,171.31119643223172
24837.528211073863,861237480781.1122,5.029761679238781,2.9975327464221575,1348048752.956112,9.647990704549642,4744.298895710735,77.21278587153586,47.51998696598053,283.08235760988714
7381.9614561218,818844066098.5563,7.408819413640421,2.3949329543510274,2021833.324824044,3.881986581460614,6259.758895374591,43.31693900068683,30.0,315.7205271564375
2020.5461102338031,455476922965.35925,6.718358413475792,2.821523229451071,6432399.627815544,4.877570795007924,6826.796215931065,66.16291410858346,31.8723208643722,338.4889243928893
11727.420017644592,118858870712.2404,1.7664725037132,2.2313150926091554,461275196.6766462,19.59731323777203,5348.624830460036,21.954884050712515,46.652062770658674,218.2103749734134
3661.236400960023,569173857565.3496,7.215293819243179,1.9542444105046313,769436763.7763392,2.3139122934593,7149.402138014303,42.30849181619446,69.36547420528876,227.72390483157398
4232.004398860605,156429671604.5372,7.795681716860184,1.6672327187550349,891787412.4497355,15.166258736317532,4466.735629410271,16.294723763265324,62.504497163282515,153.8219274543646
15990.928919240148,60959272939.52209,6.324015317063174,1.7035025026417556,501810687.95742667,12.767030281703823,5686.353728781973,38.82605179558636,55.35178232111065,231.89234869987288
10126.721093470715,498668334761.02747,2.279437950505942,3.4188606375270334,1439173.1772879886,3.941101830724523,6165.197223398935,67.84798415642811,30.0,300.94396472890026
23085.38502879738,655373794673.1779,6.747943283941281,3.0769132393495897,2788901.659904952,18.709991748701636,6600.519070100513,72.49233396730753,33.89256960049689,284.6152934710089
8319.334117897717,854147452259.0867,5.708678777053308,1.9899184999420145,5131035717.499777,4.068258200594164,6017.293085066878,46.33042678953698,79.25012786771741,210.86213435251085
18291.41314540558,782835771118.7496,3.7023710638928713,2.558294473674926,58789789.980490126,10.335914795707595,7220.2888661809575,30.048159613859482,36.474774670322844,284.755515395569
11796.936038795237,857240655516.0355,7.246198582752333,2.9284654487001345,591904996.9785405,15.820912706863762,3788.1100325812085,61.342843804941594,41.78433546824164,233.67984089269876
16668.80687766733,760069010752.1198,5.176183474945623,2.205075804004985,99078266.12355374,15.283244471538376,7628.32205757689,54.72498685679529,37.49447728638942,251.4060204873787
15192.536239541765,703239693666.7424,7.044031551626114,2.379976116319569,4192850005.016969,6.428174704161297,3208.289895888603,42.9333581066836,73.00799219663271,206.51656925748355
12083.207332595455,10138559003.130491,5.855739365797578,2.9367638391454127,2207542586.6002526,16.79348370972146,570.8216812975522,43.27544754519099,59.15236001352346,197.00543164115652
23776.49681829871,626102685706.8987,3.3753546740820335,1.9549086295062674,2027094.3201980086,19.243827569286708,1465.102756134584,44.52499384070436,30.0,309.2935148190559
8896.484247496419,120482683657.31355,7.837621523096737,2.552688716933316,2651840260.2160406,9.506695497836109,4470.544467118721,33.74695895304005,65.03036712311123,201.10618107480235
4842.269780607177,58668073665.40873,5.211536061607131,1.9201763433724646,3163710.922626275,13.06369022787616,126.55738284993753,46.32795519595791,30.50367761004368,307.74712505789773
17113.30449155579,156412995693.5033,4.858909071871983,1.506155202031052,16028846.02924855,7.322055846995499,1267.5792394304253,14.016173519317608,32.13147865323757,295.14371164668967
21227.185252043764,823292338149.5887,4.122812583646157,2.8805274711300077,1803714890.493545,7.113952479193973,2998.8780181839184,49.912867735749565,55.00967160684091,249.18471898492217
1486.216628528132,743849649250.6283,2.386237320004968,2.914529719242485,4169609.4344150154,9.420831523102787,4998.133936903564,44.73432249109875,30.015697541188356,257.15045090793564
11516.000866355675,948772456432.8071,5.9603837202350505,3.49144539719384,2843541.6309655583,3.9828052613266105,1332.7454660698452,39.43938620862462,30.0,313.72109446770804
22365.948397339493,978976279674.1519,4.300194787037791,1.862030888789599,220436875.6660548,13.803560359313403,4603.164917664333,32.67955730244271,52.77317152924543,264.16094607359184
18865.656163610252,893284093089.9957,7.574981317311673,2.97916065013148,9962809175.763718,3.353222142792876,5308.533618844206,53.524623856292344,69.09890306511647,206.2010091045388
24799.289054191893,132926918050.9482,7.773131596022838,3.3959348487252754,452152.4677380986,0.15336099207171205,6111.638858277466,43.948270875088284,30.0,497.6825905738587
13519.638384132473,878382862542.2394,6.489665559774681,2.7891606736222117,320112941.85190135,8.817548270608183,5287.225271001875,17.05877367166351,40.0575779229269,239.39161492977485
16669.895110628204,838637296151.5105,3.0762159640664786,3.4262811209401702,43129749.87534006,1.5745846121950176,2008.1613350021767,36.21168817335409,37.329137115459,319.15227133048836
7910.766887879239,871085988773.8375,6.153867925225781,3.4888819705555685,11300234.38505211,11.270653328543363,7978.908039779556,15.35537742200518,39.90041749116644,228.5654915167266
23714.622191816812,151686465430.8743,1.6327413812728606,3.103248803543078,561427586.5937885,10.431362620199604,7107.106938373283,36.54185891033942,43.96816884906347,227.44263170129767
9475.21946963514,116792710981.48976,6.871603268254553,3.498571817411753,59454077.79273449,2.788424736937119,2994.416506001042,47.29823292523429,42.256143139794105,277.41551204939714
18593.5124608224,923808955775.202,4.708520686088439,2.7516489186155226,975114782.3236203,4.957637915954874,243.225398645524,37.372027422662,49.10592330244335,288.6296686265254
10376.935000917507,173827475307.85538,7.588807724253712,2.4941113852273546,523925725.8567944,0.5378217572011614,4234.378716078526,33.91410145545484,56.30638459673011,330.3147801415542
14264.563786543484,368622362420.8702,3.955440268618773,3.335272508740438,8425485192.465843,11.899364404156929,6922.865550534393,29.6804504464694,57.37110472162254,172.4462243544712
18134.672108027884,455985393509.21075,3.210628429144988,3.16191168286797,1133259171.8840866,5.892680583223042,6577.326690895357,36.72407524098777,45.38067612671591,222.52734480583968
12968.886717908179,124443403387.0366,7.967866201914255,1.7202241466874713,215773.93768897548,14.274044550023067,7181.480739444965,14.851748947766836,35.649699755596004,313.72989855357486
22723.61500928296,20635267398.259377,4.949406164828489,2.10544529359753,790490177.3000765,12.61502629918526,7756.43489389813,79.5730526850576,50.321170603573705,256.4439150153374
10772.874204231352,994090475676.6464,7.110686525667848,2.021290240859971,177221374.69946754,7.503072432138333,5707.094847110128,48.87373958028405,46.17527440736914,255.84459965780246
16353.259054511467,876657368177.7163,7.421871566136557,3.2105233187554174,281158.8453673166,0.48337733189251375,1307.5563604158224,54.53230251139209,30.0,535.6168334838549
8887.879615851325,912338017012.7079,4.870046633079252,1.9664907086136074,106523675.41152419,6.437280544614707,300.9409673748386,22.81984565785649,37.2903119778555,279.4492630549965
10499.83837165982,284563784709.0492,4.46214051587472,2.1080895449481902,567568132.3599982,6.531032318338447,1219.7441842277756,74.63833331682639,53.42239870416843,269.2376318950319
11281.227651722034,220102352643.86633,5.093758706020276,2.5375773085914766,968216.6934283347,6.687466229407339,1616.7880042497588,49.98148216271773,31.75199535763515,310.3014260606995
3582.2719486509886,425867132308.86847,7.010306768729191,1.652238973427521,14947144.735034287,19.071196587224712,500.5084914444241,39.00617599490328,40.18993869748073,232.7902200075772
2747.230136945664,453319915658.6379,7.770291505405197,3.4224592852758353,51574074.25609504,3.332964621574373,3633.079281753923,59.92498190329341,45.62086306882334,257.47956512659266
16853.50311709557,5600433264.801771,3.634093710903155,2.4821255530718114,11634925.130126117,5.437688771739498,6273.182928994629,31.304527183781833,38.97597769030869,345.6317421096875
16560.18458940478,779253333306.7203,6.301097483779003,1.8808674480584826,2398965568.600096,16.65635910705343,43.97184527857387,75.42484815685222,48.88824533370709,220.26097068385477
16741.287998147334,996667041474.9791,3.3549341023847363,2.041641475647483,699062.5343517063,18.506892607303506,6430.974275622256,21.85198870925521,30.0,279.9544942552756
984.277910895946,528691341411.2193,5.471194768654785,3.096167494174323,720738568.3890967,9.392297783409964,7403.205630866656,68.31773568138678,64.16607514949754,186.74274547288104
8500.397645458608,388259306753.7562,6.731132323418758,2.7680129603568444,777062520.928898,10.823973273322268,1224.3677965568263,77.66258211065225,57.51734569385367,238.84623898828056
5346.341257850325,392752500469.31006,7.262161110298407,2.4292520484467905,17384003.648598436,1.104524752145568,180.5558071685475,44.421981342725815,32.88718148267821,384.92676702970203
19564.709852328302,96078036094.9685,4.416655197815103,2.1632027347760303,49818421.12557902,16.17036666022496,3840.125900439665,71.36619296456173,39.01882751602746,271.14570577217313
21585.444834205187,266162552202.1934,3.903411936678295,3.3013687260177216,585884.8210484096,11.911479373824108,6949.55638251073,15.00939906502205,30.0,297.8100679585605
6543.66924204061,502133286501.8425,3.147435478070771,3.045129080584359,945775.066702595,9.606250684469194,5897.283058660771,53.441224111699285,30.0,291.7646373318485
16862.304391775666,431848569286.6962,2.367211607718219,2.936224074699724,45532768.842635155,6.086382862581582,287.2457442092023,34.93628423041381,34.056116740988685,295.1846975655822
3669.388684727724,545035200708.36444,3.8719641961838818,2.392001009234466,1328629.5724160518,8.903231152088688,5389.382672963347,35.501796219765566,32.52235774099186,251.15444941289135
7241.236877241977,849065799571.758,7.167855730861007,3.4623203015196244,1077275847.6499949,14.719475036014606,6543.781946381598,41.52543291065551,54.37269761946708,175.8791329308324
3897.0351577187785,225243077457.3093,4.222261855369148,2.9201405935726124,120528684.60902014,1.6614442587059612,2175.686692105003,51.77434640339676,50.47854191399096,271.788099971734
7446.258781681116,27665153242.131046,3.5624055777729433,2.347249449973318,191819.78152955548,10.160943189546336,5230.772684693167,53.12094542069674,30.0,349.04017556922344
17031.045410057308,38226407057.29546,6.304359589811696,3.421104087462913,6157201.148213153,0.7410293963772043,3956.6521869703706,29.479083401647625,34.88003060078261,372.7002984709411
22803.009299538684,134169671138.05307,2.901299065568602,3.2914499930620336,1959429565.875473,15.456446254891492,1652.9762417152979,36.876217322455176,44.958496733744724,235.95755716206966
5461.798994142556,570483414321.4177,3.1658642161699357,2.979930387088667,2439047.398725269,4.259806879397869,7213.060100964451,27.466837904610987,31.274258537456856,325.96922642972595
13780.93635629262,808185001853.1147,7.583406214198966,3.0339922432401636,396816245.5508047,18.072584351730875,1791.8368349797909,54.27782082987556,41.537837851073824,252.29337024891575
17684.081980464092,886806052474.6923,2.0303330020119086,2.3472549993878102,294442.6311717259,9.548086831246811,6725.39864169507,17.142438337249008,30.0,281.7153918620505
23846.60047789636,635113566861.7693,4.1951026715822515,2.5147010072603453,4494364275.152014,9.172411342351165,5616.225014908562,39.65021375810367,63.74745749430058,218.0851172507511
15446.48183073576,403143849307.641,5.248882750566228,1.883094678073686,17649337.446065675,7.239021451465018,1775.0630013484556,78.49411640406443,34.06029407174317,326.9014971505108
6750.119810170827,154515553641.43927,2.9966946514949364,2.690792491067697,28696450.257675618,10.351399969209183,5693.47264608414,79.2144823454787,43.099955317269526,347.2645777571342
15824.21484439144,401418938025.1396,3.326581147525678,2.239833096718144,70656261.73341413,6.793656735564473,217.77929753038845,46.257427739122406,36.541620223444234,299.1287296334386
8352.033461111396,332415801492.64966,2.941994870866319,2.1948766511407065,6563896.100277799,7.230496370360044,1897.80992016563,27.322200683853342,31.866955918437405,314.77302105132645
24415.14557194684,870026010831.2568,3.7437062183941703,3.396456402276132,423083906.78972495,3.952474057333942,2290.386008663051,50.844715222674324,40.528572928020324,298.839114696879
10292.065311509103,486719890691.2298,7.340287408009914,1.8295668663679947,118281.77373947794,6.937028272681399,7114.627590900945,44.19225499462462,30.0,326.01379328698494
17292.97915864485,226196673758.62888,4.305317752715823,3.1599471681870934,647174.4126379365,16.243716231532566,7323.946041348544,12.974069738972261,31.34496455831841,292.2458980938103
1069.0757674955828,288801778014.7131,4.215888607402306,2.062937142016188,879234.2310623012,4.951532081777806,2175.226598178663,79.23662854026573,30.0,409.88942205450394
10301.505430301506,136471028072.52446,4.01277572113353,1.557311258040051,150210717.18157315,16.434298890219512,3802.5219652448513,32.901707548251125,48.772338510406165,238.79661752543882
21940.136526401537,918585530483.6821,7.766752225094233,1.580926159657655,2837945642.98698,17.233188769802013,7853.17134452491,37.94957460807585,58.733162137857114,189.79673532286014
15450.572388614522,50346795890.6223,2.262446335428802,2.358354985171743,208064.84507263076,13.343371184396734,5331.16046099816,45.949271908865285,30.0,326.53726117493085
11376.60071670142,12847235709.645668,7.167190236105882,2.4089218122969474,1829333973.0953126,0.6621442997834234,567.0020459905859,71.62589633705254,63.36038596777952,318.22515961872233
23430.468736175284,182989750537.9352,3.6265469402318407,2.140502256888697,1251895212.955074,11.242618456750487,3137.541690859283,65.93837175205779,50.22043337077516,295.2550057379731
21422.61721560711,810874207036.6078,7.717325346084797,2.837559211128732,241617.45794663747,16.67132061062113,3377.2917737532334,24.388510231381808,30.0,316.11446231685426
8394.284008661987,523467263164.2946,3.5489771005837825,2.4706855569854995,520166.1883097753,7.347377691395778,2458.1093523735285,60.15124157425973,30.0,319.4635322230418
13841.43585001282,625843661533.699,2.038683361166083,1.6482261326623138,5626348.396140422,5.69230474360532,4164.106498609526,71.21952979643383,32.23655653317657,369.79167602755865
12500.694274265337,357732317684.0594,4.880272248291353,2.196142389826551,374410.54495666944,6.461467258999795,5890.8055580462205,59.99847412492928,30.0,370.2956353320619
15988.961252814128,68678916871.184494,2.9811262655144173,1.703925467699808,618629570.5830115,8.49037412413835,5535.090397094357,19.742902652742277,55.995942986726014,243.09393159389057
8685.726040489513,856158306334.0056,6.394433800576943,1.625831387780484,33139547.097166378,1.4498750500758442,2818.8698734794857,47.72289518304373,42.40058361047438,370.35932966515605
6483.022518764262,191895080231.1353,5.772486519131704,1.9166132499948842,11319390.469291324,4.791817731116208,5895.751473468225,68.69905544944558,39.929206302545566,351.4754238316187
22860.459963760633,33060167485.914143,5.9620495264954485,2.9011509223231338,421442302.78571653,12.956354278518894,4277.2509453869625,23.693195741706532,46.15970297717804,245.85480777606372
23134.925237713403,572704563229.0577,2.7576816759691383,2.8920032914514553,2913914.907653235,9.47606062764423,6158.410599940051,47.69761059297766,30.909925553802264,302.30457960628513
21161.410701168486,83290137095.38069,6.1060967217534134,3.2227782542071224,2278542195.697827,4.9844597828946915,919.9732110861501,56.868534192214206,52.24808663645793,264.34262827171614
24466.008553731754,95762756097.98235,3.5236516753721925,3.0128385849808126,186137421.4670121,18.62103919307347,3244.0324809257713,54.47589868452108,34.99312436869799,252.78718490640554
18752.29238160237,800377231105.4937,7.991381182390462,2.570991374522292,5401651.487321251,5.946070586326582,3163.2514205544107,17.46228270085319,36.61798248666777,306.74401729145507
19234.34709976899,491610097708.4062,6.256489809981041,2.1252241760185218,50045317.81577018,2.6298915635460465,2820.904480247052,29.421907444451094,44.5704073966798,318.9743283045944
19183.457253084696,241509210738.69077,5.337674798155334,1.5116229903355014,1982633.2279885607,4.026999905867332,5587.290679702459,48.64930020047018,33.85449554132852,334.52138508974275
12274.88695808651,348627074733.0954,7.136265564901062,2.7942749625755887,8412085996.3459425,5.966866891922193,4461.456866072539,24.613424192945047,71.77960060525281,188.93856200135022
11683.078765599656,729241249602.1926,5.330526048176276,2.0794263752296938,15066821.156359842,10.475053482213658,3093.2775003176325,33.359843504258535,38.1520133201061,281.75413867272164
6385.543765650577,66355078402.457085,5.092874134040967,2.0002002034558357,3046988137.4390574,1.3730975652765338,4295.055448996652,39.05534414307434,82.8684663467692,199.86875305938722
16298.070261802617,116481499452.59398,3.042551418234967,3.4496510815484127,7764299622.706393,17.106094406298507,5638.099456570099,10.953680091160262,77.892777013447,184.56450778389004
7588.343334507196,616262418728.5347,5.907727969615262,1.8484803848125022,47748782.22110076,17.555659055066176,5404.268303980641,45.72960633533515,44.58978879874954,265.22463542222624
6816.306037707684,606972127495.3728,3.9351887836214994,1.5648694796987939,446660811.35818535,6.40109431159477,6087.786215498296,79.63295942249961,46.45302272947778,232.56435886384057
14856.053665353342,972462212073.1873,1.7800370807788473,3.398780790384233,72649718.30834372,15.517482882409961,6813.285955255387,38.57874890467801,39.30020543264029,269.9734540457358
10544.568511513558,374550106705.9684,6.804401676404725,2.112013444112869,286971.1009673983,12.013870011058868,5917.741039297335,29.200887414123976,30.22866594041877,291.7313320790325
5861.986915468489,65078562099.88869,1.8371755832168222,2.286840101241301,5782162104.720709,16.916607954845905,1449.3116898628548,27.70967706847009,81.73695774642499,155.017290266482
20493.37241044436,537537897312.19305,5.869950798463418,1.6618698078868435,19194740.93989467,5.57547768403957,6774.1652539541765,46.062210188421766,39.30610550758598,316.67999567259477
21583.96302271221,638347173414.9785,2.5186857946519488,2.308130428906642,2953354758.7141285,12.224203024478951,2662.865608391411,41.920730672878655,62.87993200116505,244.8501060909139
4608.6382321056335,139603646183.4633,4.311701857710615,3.4444425815371007,189682266.21068794,1.5002614092579278,5331.144472737561,70.33896057388927,39.96480557501839,311.84714338864495
683.9223035999968,552862420673.2231,7.084095780553684,2.888039435676153,335702.4070017054,0.23856845746544175,7927.84820944901,54.74713192930873,30.832416958716102,453.8844726385994
8735.184228969656,197767923891.14294,2.113727069241953,2.4476496896663993,12169279.188426692,17.500222810560423,2364.1900520574973,37.905650518048745,34.915968207434226,261.13134436617884
20039.015474178435,844730213151.0105,5.836479410592036,2.114943292024706,953324.5420267651,5.926228218108617,2168.985348732558,37.00228066133463,30.694195889989242,359.5602937183932
21059.75972274095,835161660622.3339,5.482021826159555,2.232087918562084,706804.5269821055,8.935944639982202,1465.485980196779,48.30334134702825,30.49326733631495,345.84743339049953
3889.062217843206,429629666369.34576,7.138943351315903,2.722456299920397,376221593.37302536,4.67399871303846,7872.782856883922,27.735764449382064,55.06587397848644,240.93421168517602
19471.229578984752,966743223769.6135,2.622776663606434,2.0089001252106193,141286.26246292045,17.542308752150138,3421.2150480332434,39.59919247108519,30.0,323.62216460756827
3334.7520990810217,979773894675.8672,6.6986187801327315,1.8038950509904002,6771780063.322471,7.721457229598128,6273.085031137616,29.95280763666807,101.38880542405518,169.70454944164808
10056.533458834965,129251959696.53055,4.425787778818633,2.892457347887296,17767113.623299543,3.62341915048131,403.42363546693196,46.08263419239601,31.82496129606814,395.19643116092516
24965.933117791938,367714437118.6628,4.286185431206096,3.2389395542376986,28105311.643395204,12.179458070249343,1451.5877693994387,48.26216617292345,30.897261977670738,257.93150731993654
5218.47516915729,600321869725.1746,3.851598280459187,3.3030778168416273,3141553.643201928,4.148993355360043,514.8436050603752,69.27664822840606,30.0,439.17751610887757
4272.107773151847,84838724743.6348,4.006231950273467,3.18283706375602,267966.41376392863,5.250763230573521,6526.923876475987,27.582401077037193,30.0,351.1631767781053
10858.60814739644,382656121158.63324,4.879737571763963,2.5611993633998384,87340041.07068399,13.472261338890089,861.3624396897734,73.33074514138438,37.505916669767096,352.6362486011936
15681.878886261606,261172822844.50674,2.194198849002528,3.077661938008168,5293860.49544716,19.186427973197056,7386.061032008081,47.468784311871566,30.0,254.2961740306813
23356.069169124705,952050268916.4832,4.262928154174226,3.352711463534773,131935929.24667646,15.108456868461454,5313.422134740954,60.878343685538326,40.79327446350242,276.7733188913261
24530.118065559338,411586411245.64764,5.737877897886899,1.5467251792142684,60096480.55279744,2.526640483676206,7277.207911798295,52.81701049417171,39.208132464019506,333.5917728343847
2206.1955964891686,762671095876.6539,4.738250297349045,2.324196435416384,1214938.3306845129,6.285516371074621,3276.7806020760945,68.03272047472169,32.663943021041355,363.23911320708186
3880.9391750236805,386705976806.81024,2.5778915475225483,1.9082509591403898,20336190.99353879,15.93748076872215,4210.006192464457,56.41977728803475,43.21839698111944,274.9527756416674
19873.08036045185,131812938606.76505,3.859836061645608,3.493537570849046,3469884.7238785736,5.539189840097362,230.30253589557614,10.775147230050315,30.0,320.33868728817976
7130.487730636081,863151667009.3173,4.3792508837685435,3.3591320192663483,1579866.5577015579,14.814387593598275,3732.5882250826867,37.31927031188988,30.0,309.3462873679183
22178.801957905835,417916486.18695575,5.847686295114293,3.104371902151973,705540252.9999703,9.46225920997237,4729.828334734892,75.68549585765429,53.670558196272744,256.17322288235863
16754.604802112626,55941818033.57605,7.354981096493735,2.091759610252331,114691.95615101236,17.693950122842022,813.7147419965377,41.60168173001654,30.0,306.22165050190847
3240.197658326591,364385041512.6373,5.0774408318208195,3.4042045290902614,2210112.0534550413,7.215024456458602,7850.069813307244,67.98692478028107,30.0,333.22470649052246
20896.967480638174,686898568620.481,5.896392832762867,1.5585008801242886,45230190.651389934,18.694700560687075,45.08420462551382,70.82718608900089,34.62368759621067,288.21705767532
4820.731310197858,341704953586.4804,2.0017325653561286,1.8760794130351512,24028681.570193212,8.178321888022687,2146.9303806809926,33.280457239494865,34.532687684928895,275.2357592237603
10875.637169651518,66313751308.15734,7.704035690759355,2.7337475084618528,5021421001.112204,14.538402434309038,4928.816431261697,70.0407296324773,70.9912096992814,172.26300355575145
14028.530749703585,317840715894.1151,3.548856487310899,3.086013424116617,1653055391.0803907,3.944131420530872,3986.1300407060726,36.42044969499611,49.950493277294015,246.2436651233264
12768.770652466817,244981614009.3033,3.8028963729714893,3.2672617062311406,572813356.3932176,10.639249538043304,1921.1974919720265,11.775230030698168,52.56816560596974,207.93695620734653
17310.991432571183,5420794398.398139,2.948478074169832,2.1010172214025173,37186959.119658925,6.237193536917286,7894.1618759874,58.60852368703787,37.342025243715746,293.0916595496196
16490.825004296752,534802378378.48865,2.05035546647607,2.2816092021391388,13948697.690202031,0.30389466153996236,1519.130454007349,67.42024972067941,33.7657447654848,422.65331923605544
24805.029135437344,116646798098.27132,6.635304135922032,2.4096548039074928,152351.88883027507,8.773611420914193,4551.131657950597,41.61252608737742,30.0,334.3585386070117
24985.8367759926,287497001300.3773,3.0631855310901233,1.5539476370678298,1283338573.7285483,3.491303403852487,935.913783564343,22.1386553675379,48.16191258975831,279.43405649578153
13153.255364573202,641190189032.5842,3.3374702797445353,3.2279385061042043,14241788.135665221,19.173775673783766,458.5565878244807,53.069934753692294,31.513938725323055,273.1941497913373
2832.3776305411675,725115963707.2883,2.681675797940772,2.175896830772363,4025658.7601429857,16.18134592698536,3908.0953767460924,61.677976272283104,30.0,268.72835072962556
18332.1608247336,263456363400.39566,7.8367543219427205,1.8985569075107305,107937386.86925453,14.803526254153537,6439.553526150754,55.837186660409955,51.1028009696373,281.38926142659295
24428.269916306435,329194341871.5629,6.576726182314829,2.318394126199906,589778714.4624265,9.09397403233898,4255.20707806655,34.90548480897205,48.112684197217256,275.1856393675051
8298.996496910997,246909991218.2271,7.544347724874553,2.9211267497980495,41234107.86437685,5.219141242207769,2356.107179843282,35.7830579377581,36.75948897927108,306.42317272270617
11799.617703020558,956888643427.5917,7.101201885847818,3.2418311587876216,559649.1872290449,6.521042853462734,143.67024761662597,48.43681967155433,30.0,350.4734789769032
10907.034657978671,190520536467.67584,7.3909291970442,1.9307529324312451,4057255461.3806605,4.127065061913019,7524.851463374398,23.537557280033216,76.42863668867743,192.0656378979483
1759.7692866447692,183181420453.07263,4.613721337019754,1.8452259340707915,366646.4206813955,11.060178779751647,1702.957902587374,69.23235170589476,30.0,320.77135585192076
16970.478564974397,445035850796.2362,2.608519342821153,3.387565935640686,7044629506.462765,16.23496417139376,4600.829125842499,17.162333201937443,60.67537471284147,177.96287174333654
9156.77352917746,189307169894.20996,3.6247221733240385,2.6017860383271354,16307429.499594698,3.788846996807423,134.0548007579585,44.05847756431188,30.0,297.17663909163355
19792.864928471805,156709299577.15186,3.4009348603810734,2.2315440379838467,5408987416.91547,0.14072161823787213,786.6644700720237,70.16073171216274,57.05302568358221,334.70477178240384
20886.94184440866,95880441821.54778,6.161369944408817,1.8986389101282457,3743249702.051515,2.5558500077095707,1369.654421584922,47.059259792316844,70.23905882414273,282.33868030671175
20620.154271647214,640171607937.0013,1.666872460997726,3.4904956443968773,10748214.561234605,9.245596378994586,907.3877943282562,63.26646177975808,32.13946243719113,322.86927986642155
10708.316951977064,612082642819.6411,2.423274396966851,2.938368574183103,1000291210.327403,0.4209908302695844,4250.721832756239,26.770427772514584,61.83496078806112,343.79557429161457
8377.869214902039,650163241715.0743,5.938753281656596,1.9357706163543305,281101.1738195003,8.095194157094962,3182.456785696627,41.18587291915094,30.0,361.12466424279626
18846.109101842845,773300234709.3882,2.3023752997028692,1.6825188896543057,259221.69517936575,2.2676035794771137,6412.267285152609,59.91420818413473,30.0,390.4047417754127
20134.041129146714,326358686434.56305,1.8138970300076014,1.8985646879364917,6022586.115782986,2.199940056946402,938.4713395277145,72.1831160182556,32.20767972060506,374.26470116246475
12535.807436588471,918423815188.1879,2.2098985699727405,1.9954852078151561,111924587.05085872,14.266589786438233,3454.233413755621,55.013193631456055,40.65860434727329,290.61544456068845
22379.259978639424,733204877864.1449,5.989381994780126,1.7221712985232058,111328.24148228031,19.989969326663186,3431.7249089203656,26.993655353726812,30.0,319.70483086088296
4025.7630539246775,804708783872.5983,2.4056141861305504,1.9593027414274733,37659593.25238897,3.9299082933009175,1854.1862818050527,20.24049703792563,38.08968489859279,299.9842309757754
22037.18510164452,720962442864.5474,2.450978347387129,1.7335594098658618,7555000870.978533,4.6303028870721095,776.732262266451,68.90778752874563,69.28391398534345,238.70904564453255
2854.333207811091,358456286976.9164,2.9969512789341453,2.255463401773125,1959869448.7477968,5.9635437655728705,95.19587721332059,48.782512203791484,60.39245573771222,208.01290819076337
4261.375290338041,283033205030.14685,6.380919577277397,2.472390518339684,1453292.7224136246,15.71293136887878,160.43481078682228,22.871044358730735,30.0,285.8370512542715
13579.08032521203,422517647061.9446,2.802293929695044,2.410569945161836,43686153.72455002,10.14258060190493,3195.0140093953014,43.99737149601251,38.69204533119345,279.35065488531166
2154.202764591668,97031263502.99792,1.729940078707347,3.1584201366981293,719521.6159345824,11.435006405047696,443.67553317692824,18.842585436221665,30.0,278.7416402616726
1793.7739843027036,451281050285.44556,7.388111811243614,2.007990772669423,2071575.3603820903,10.952817650801244,3162.5148927589844,17.362015410230427,34.67871749469374,274.8025339532661
512.7092320597852,43141939954.256744,7.196069757890998,3.2741876477766922,4121014972.283775,18.75055849668992,3504.9021982026875,74.39838471559656,105.31966042996648,130.8581063936822
11189.758162509446,3946956081.234468,2.7013235058270704,3.3162456370576043,9747442316.705423,0.7453167462312917,3568.6337686116685,48.12390204631031,72.86752001915568,239.36100529247702
19478.28509165963,931499007975.7533,3.2247268335274573,3.4195994240072882,1632318.6421777438,3.200416324210876,1541.3272160598742,27.423884007434168,30.0,370.8243793188202
1353.5395818579336,689337171251.0323,2.725624214383666,1.8619664677697696,1149051.1587480244,7.673153992992368,3994.7351850959503,71.68867524817678,33.397364647308365,293.48509227994964
16480.311358413455,561847385219.0219,6.176974503251245,1.9915022924707426,8304177.464693917,9.786217840742944,3144.6150865255763,79.92189665992935,30.452814821536233,322.8599357598351
20666.61927669657,341102698321.01843,3.1250577472300085,2.747664554714814,16954387.76677934,2.3230413520620083,7916.320569915931,71.8941414545288,30.105387455592187,328.44193165162625
4616.020790157842,570538444147.0594,7.554423422960264,1.7817832664101778,279410.89609930286,17.86873470391097,372.4984539767648,62.33139135464537,30.0,306.0873839313085
4098.161503124404,891575884762.5554,6.879666658493198,1.671242660672849,547700.7298873975,13.573285275579087,440.4892762101809,77.34468359040618,30.0,316.2294587565351
21589.623853703135,652380481563.7307,5.324607329202876,1.6473944240628955,13308721.501928069,18.648254989299595,6597.993768547407,23.81710615002206,40.28880282533452,265.591791726836
20666.552943777322,602482395471.5062,1.5580984606391357,2.7122992693324974,1503497.9501744194,18.81898473712523,2135.4918646024644,71.43855360384123,30.0,257.12956350189097
13704.073273472579,460205042767.17505,7.243851141708333,3.109356284019973,1677543719.4517574,10.275034435327706,1478.4539318027341,35.11176318310129,59.61904112688221,225.92473670848324
20570.397042702516,345697684953.82733,6.230450702461602,2.0177713253183773,572443740.3169154,17.067514360628593,6997.13723900115,12.256653278222391,53.49924547167928,215.3260156963796
2772.5238969001216,698547415374.5978,6.621398077516542,3.367067774251577,48049863.07300137,14.748254103287547,4266.505496074946,12.266455974579001,43.71561109155692,203.10688076094897
10164.797189499483,980980960034.8732,1.9668638297179417,3.0838710157981017,14559504.511723857,7.242138026588421,4930.1594080298655,23.148404549131673,31.720834630902576,287.5838953418992
18576.040124606134,424758268762.8966,6.105641106420524,1.6549208107301425,1428693326.3248255,13.164118131938125,73.60584328459797,64.56422029328861,42.40488399486654,225.17740127656378
6807.573003437103,392205811808.99677,6.729831578556934,2.3146062570496295,676046.7321731187,19.057310994149283,2093.400524500532,72.76702438051451,30.0,309.54377734057454
18932.058403622043,428114044251.5701,7.7181298150208555,1.6360297320685175,2734886417.289308,15.291980299815274,2081.03180896806,18.957360759046566,70.53562929676428,175.66558416871644
12852.37580757494,425544542505.7535,5.273058073085831,3.3303883155869896,175949.04617034236,14.20277176730854,6089.528657766745,69.17678257951228,30.0,388.75382334091694
18881.51670473171,990624782743.7217,4.802272037995265,2.9856042889452907,4139732786.2285547,4.476336293737891,3090.562489295411,62.883070509660925,56.94181672077474,264.9815530505457
11884.651127504574,706778550731.0831,4.265079134882427,2.873090260709434,494367.8979226166,16.631013393484086,4623.707900977401,13.655687025473778,30.0,283.39761043657285
9513.65633543453,359185090026.14246,6.058369926270185,2.865403693228397,1149463592.4357345,7.823811821583288,7455.909632299525,61.19726859606548,72.0194967954957,213.7551732606629
5870.135803726492,371503002324.34875,7.485338480644989,2.070365003791487,123090.7426569892,12.50035446129256,7877.570420120657,12.686546171540702,30.0,285.13379847423164
5605.293865157868,430797493947.131,5.398407816654232,3.3670783104014173,1189572325.344375,13.570655695179934,1027.3614439677792,28.380812190434305,58.72956187461631,193.6343615322658
18911.5248589992,36713150868.262115,2.977343669804209,3.34555331644079,83244177.33003911,10.32906646210925,4451.378178738306,47.16365799723131,42.800889232918315,276.7238339683476
3413.3035268320323,527816874204.848,1.6142306770096488,2.978977618748462,124500.54559382396,3.353425740554473,5596.144127121518,73.64812558947929,30.0,402.1214553631494
2606.5675777181555,811381140141.8131,5.524235268738929,2.437860414143586,743102628.7191952,13.964252248144199,6258.6017696589715,17.37462513686766,64.45021433659781,174.44070357344967
4819.1384430421895,660568132639.7174,7.119886272123843,1.5942314615814304,321948.57356734964,4.9824843643038195,7361.664469745901,34.38137522731029,32.66721247549474,345.63652751915663
4795.9895306210865,198421648340.69482,1.928839304227161,1.5566227002740713,50064182.56534237,5.3440230612985715,5829.414393387495,50.38417940205941,37.10795121270388,271.8766300152024
20666.136758769044,728034513344.1285,4.0842128582487485,1.7762686658477356,4571089.263294564,2.5794903339416946,5522.582227386424,61.81436776532968,36.87550699722118,373.8806527995473
10263.412275118204,719458886873.424,7.610305019525868,2.6915293873861152,624944293.0854684,12.417848216772999,442.2404067690496,74.07720491954822,47.76912308853329,238.17137397053483
24764.51720533182,262539953109.78143,4.760900473069234,3.096198758409388,1845473691.3077164,2.392244539684377,4363.1050805226705,42.819508236593435,50.240383914174956,256.8507369475384
3861.6758158700036,622875033982.2782,2.934278493625855,3.396931520547238,20959624.847058896,6.937075654851662,4794.135759814042,68.86296211910269,30.522392137815277,354.8379621502424
16511.72572949426,610949422172.9031,3.798766676497515,1.8507241585522936,616170735.1560491,17.795967854358523,5575.015797618478,53.19151874571617,43.826917747549395,238.65059887196298
11493.87292643064,839787784068.5577,4.152907180266241,2.0510557615923166,3829346471.2899384,9.08866729211287,4671.072731095365,24.28377799453559,67.41206634312739,221.37012864593603
10126.495329078312,136073175761.12943,2.262381843709149,1.60820057410883,279256112.1277661,17.895369095113452,3281.5063062440013,50.57113309410597,55.531054329176094,224.4023967596539
21939.562876825017,194839309673.01822,5.795149585014673,3.478094333761759,4073356.5870907353,9.879703469767017,3904.785180005873,31.967232593210387,32.52196610206247,355.54014158106946
24402.09332279579,485970017798.30145,5.349068139101097,3.061830158422146,20728143.07947884,3.61773447669053,7738.883520496315,59.25496908545763,36.18851837790359,332.3592892112445
21885.04448996738,44146104747.158134,5.710198706126253,2.461428258380055,1412500.794166266,15.190368150911874,2639.539707820581,29.91786141291397,31.424381357372244,313.2009525035982
5211.366636360759,415594782007.509,5.470145196421221,2.6511307106048907,19590327.5767492,7.101276400511031,6277.811157007959,28.399090988640914,47.458410416131315,281.0041149791704
5909.5490696188845,788219253780.6813,1.6083684438742079,2.6243488226661835,1696103.6755291692,19.329891569546344,4863.44654438333,76.17543005456297,30.0,302.14683179976794
16573.81003782905,148715245269.60422,2.6340085221810776,2.0087215062863004,1087047757.0748765,5.279478047668024,3556.2091836707286,73.60896125030263,57.98333907022038,258.99077949724045
7582.547750135696,459949276987.7879,2.576218012648093,1.8707813885868392,112095231.00900134,16.451841080632477,3320.4048898392216,41.62216547357171,40.937858883166946,231.58746607891663
18500.765704124206,989769243613.2112,2.1366846609369317,2.093951433244264,146632395.16148847,9.90251399395361,4302.440751807078,63.582723103170586,35.938118196715166,305.5965195967226
14377.305944836295,505920507504.85095,6.280592525788797,1.9943070995922998,355890.53858096804,16.850538707425915,6400.342085697317,78.74437610362128,30.0,319.2014097538037
13997.264828014871,498324325798.2664,2.280891894110196,2.6150561797287217,101695.45359266373,3.701572805117617,985.9797327070667,16.203758364409786,30.0,385.37010711972835
20799.39965855025,558794024930.5844,5.843261477427237,2.116405611679714,882944030.1065223,12.691686233633593,7286.152466729307,52.431567469973515,53.501034278123555,257.5439672952366
17908.052907695608,186005184328.37088,2.65953701274889,2.9578895832313523,51467382.137471564,2.3080538977629965,6195.43332606577,27.74482756525256,31.15710798531757,350.3493423454798
1151.1552424336464,147164735522.06158,2.269016158611521,2.635879465714071,4547438917.504232,16.12004113217259,2798.7358542411016,66.00105274130019,89.34595441110119,151.85791729772643
1711.7488600773843,677354951760.4794,2.556445316004516,2.5645275308280944,48550778.14686212,4.75128982874421,91.35081846340378,17.098760418883167,39.14237433517996,224.86001211655432
15238.182085172384,395767414138.96027,4.80462246749713,3.402587534178493,1184111.56162709,8.580130789002196,850.7535433441551,65.21673230288854,30.0,332.87008996494893
12411.70585274575,289907338308.84753,5.695636314075412,2.1448190707606427,310729814.8633379,13.136710355021515,1163.7187884589189,24.04265293783034,41.283497681218286,235.15802638397437
6874.524055903289,31392588528.277664,6.777511590374639,2.7705397264798557,319826835.91472536,9.590381851933946,837.6044211493668,41.9213551307721,47.62350555342703,239.10131516104363
10757.07413921264,846050651127.9852,2.3356543355200987,1.5001012540548573,212648.8413826648,15.588993787812132,831.2040461459233,66.96745466460672,30.0,374.95125004938575
19068.802808955083,32329833515.9669,5.505213858007896,2.9738472945545382,293937155.17260367,13.779001667027272,7681.559979110944,14.722444102326826,45.94680022265476,250.45198187408565
20751.981374119285,749983374100.1953,6.529957396173107,2.505087858033522,1155157.2618282237,2.651594781121881,5271.0955395567935,74.97188425470968,30.0,380.08708131393195
14249.965163306082,381989177010.022,3.5306336148012485,1.9167699145689194,1873281.649921207,15.480583079557462,6566.903426144263,25.21438532752658,31.61239003599708,335.8044095502813
9941.552280999023,598688211816.8396,2.0181512658883447,1.5030211128572344,143573.2334260515,8.498472181881079,4506.881960620273,45.05096649847287,30.0,329.6724019872926
7132.070656630122,247678753012.16162,2.51364875993234,2.913887928007507,137044343.2181778,11.975266615381035,4959.682740940805,61.41984158240466,36.22736686264126,251.32019739793904
13287.00253384671,155400510832.4069,2.095131209142969,2.8254014071011477,455666359.75083584,4.370635332798684,7049.176578428966,18.64479666455418,46.58449655726153,229.41177674963274
8211.365654827336,533388467446.9466,7.266877551647407,2.830814232959134,1420555.8591962012,8.490677267912417,2103.133886282299,52.61219437418622,30.0,286.6586815434619
14320.330857656962,695617999336.4486,3.9485608443415248,2.3749096462409223,917687171.6957599,16.352364322154166,5559.251887907463,46.08972060696508,51.66695016703696,201.09179550071892
17077.983371486123,195494099451.85162,4.901765933382609,2.7785946515398976,645886832.3519853,18.528914339803247,7195.478742302605,51.00839601381874,46.02216255650268,250.76055240076522
2118.9406675251735,436359511073.61676,6.496472986728045,2.6426695802121207,11190024.588938396,18.776982055890198,7490.975188180266,56.374671957646264,33.901066267719905,271.2065331266713
526.1528930573073,444655525636.42535,3.914739743784705,1.9777900892225373,219344.02623426463,14.016772337409222,3557.945433281736,39.44396265697411,30.0,279.9089736750932
5700.789901598202,215979933100.31372,5.7191672550794825,2.537536082936857,2517251.668342178,1.6242621779538728,6855.13053393005,30.913844694230814,30.0,357.26079669727625
22415.531694110134,565049881202.6848,1.9984190459198452,2.52918558923779,671654.2151766197,8.880534472541656,4035.8379054224633,22.869743079774146,30.173205054440327,327.8987447907507
16334.123699099699,145936540846.0139,4.625886709195903,3.1472457764667476,6224309587.262988,3.9017702102526117,2070.5089726951896,75.7346191745346,68.67487111041343,204.64469571458898
4713.02862245706,509749663569.40674,2.1273732801069998,2.366978045341472,1226651857.7220051,13.96741056303789,2015.1629793279765,38.0963052356383,68.7333770143574,220.0332014243926
22311.46706467866,113432397934.48813,3.1138469144214826,2.3721708715325542,246537.1420210977,3.26935429339192,3619.6144532922176,29.755703626925946,30.0,391.3457005267025
12013.92053703983,485542923312.7286,3.4067153793705462,3.4688089425496327,36923269.16279617,19.552645540394373,2070.5293105197875,13.678266299118489,41.7339728859906,258.5654232017516
12164.248038627185,311599743276.50195,6.164294725265153,3.2889277457178663,2159890.070320473,3.9309868926174056,249.52935984205286,62.584449613065054,30.0,410.8044410821879
23420.77762414505,452246839835.2429,5.88167721088015,1.9845719800874835,144740.4380075344,1.1016387649864332,853.3204729391834,46.94219404343641,30.0,381.20330786215186
1957.4239584918305,433749925693.8147,6.356020578051928,3.3205861893373343,4087957.334243906,16.878760710136447,6795.268883856357,23.367494527537644,33.18878490294202,254.03013974852098
5771.867728403604,907933214885.47,1.9014078070426785,1.7759333126920656,434436.6629414961,4.085312209944863,7061.244917555774,72.53616887137676,30.0,407.4566567533056
14851.397466290699,489936110020.8628,7.960442379124805,3.206782117480001,1299152.4147939999,0.5290543324316744,6985.620401810199,75.36464302582868,30.0,454.662496496798
5289.4194847591,818499085377.9706,1.853730186613498,1.8666467534600346,4292420.987376723,10.98414688046887,4434.1616148834555,71.64734178201576,31.536531526641568,327.2610331637886
17148.411725619466,225653167259.32233,6.867360644354501,2.3512066977967283,11077767.622390842,19.386213743844586,7482.38667767137,49.26797267738354,35.84731379760191,303.2057858334495
5745.261088749645,352083442551.46423,6.311748067623482,3.467843262536679,21989343.623286616,5.386578064682734,3997.7499689333285,36.12958281864889,35.83486834696604,314.48665727295645
2929.3457796709513,75090305543.81029,5.346451638196829,1.6940978731044607,39901236.73691404,8.204023453434267,3705.7322913285298,21.33200156081366,54.87714107051454,230.2165052752669
5571.136411200574,420748374073.6988,4.352571573442416,3.1795756399360107,7079520.15027453,4.7814797688335675,3800.313430254336,36.40703187890404,33.067742133698374,327.54343030367266
10856.983839665525,668700218375.044,6.4213602962561875,2.4894678990553194,31027583.62531894,11.18179991390426,2040.3543466263882,52.851944094271225,35.48757500105392,251.9618771100492
4815.388329740457,838167195942.362,6.3090757212475,1.7219827315502207,12282656.23610279,6.48964395262028,4911.891917799411,25.85873588906074,37.6374714441449,299.22480372492856
3799.954610622009,565915345884.2434,2.391659180683729,3.4049827582100054,6640409894.016485,11.847702306912744,3597.119570882949,42.477390532789435,76.48333669296987,177.10802271825034
21576.90621236405,640073029520.4089,6.652111074245656,2.598462736278452,217873.47132900095,9.586517615207462,7797.514758289471,50.11650088285728,30.0,337.81454727919305
8349.731488134043,177267900349.87054,2.010620483327274,3.261282043848671,85066135.2472451,18.581859667920963,1384.1313556685743,61.20041422290649,33.181729940612094,292.383168792584
9338.587819697213,37207001027.401146,4.753549923835476,3.2382138839735015,929471.0274100008,13.416849062302362,622.8670255820177,16.394578143517442,35.54320033905806,293.1247854990607
1854.1250327800772,791688353489.1708,5.693031872686762,1.5292691658813957,7536839.489185259,13.667751437227555,2815.607157223767,70.68973822315814,32.7013941043533,276.5445855773813
9255.555775800327,167039040403.07895,6.84097757293898,2.0296814071316716,53991954.53591955,9.755012300688882,1732.2438025065233,41.925208551199376,40.75813796376678,323.2777262450614
6987.775844378702,91170444363.21689,4.510216417604849,2.1738431592263048,629574656.3778785,6.097744377237178,7935.317632987959,50.73517346903604,59.408524319027116,213.17396948956122
15456.884149873818,937562383344.2744,3.039577504173444,2.56972809108301,7738478119.102137,6.313566450822491,4473.040294698288,75.82217470151433,70.12413082158807,245.11052755761892
5532.062292973964,963521400537.8125,4.689287500467943,1.6437320196821614,29383824.11600231,10.104630484307684,2884.143865501301,21.758509936806398,41.40605714938865,289.972083511911
22264.953600039593,616257675345.203,3.1263527178412804,2.27793379665938,1927061.522002734,3.878628023090447,5145.501685266374,71.91402150808625,33.67873413760548,386.86358900779953
23276.8322125291,378637894050.02075,4.9367149794649645,3.1292762472461932,907561555.232979,2.691914445545953,3630.3609186404497,66.31012971751147,46.36106543935849,296.52366372069145
2945.8609008313597,833239707724.511,4.506303190192366,1.8463822300145332,1281923.913879968,7.478683405350019,1678.5128623574499,79.58191564390825,32.24656889890385,350.0108559088086
3131.3724290701416,204720754615.4531,6.5732791443775636,2.9025529491527653,34610140.402057394,2.6529854229205108,3162.2092652836923,37.51295991957138,46.3396308302185,278.9420505491881
3325.4977337192054,429392898037.3545,3.0605857373764382,2.4206588187745472,1712207867.380526,4.653693609168401,2297.9713164706613,18.8792974522538,80.77784733895867,181.79536095836002
15679.446779602644,357017941983.30273,2.7999036972372067,1.6414102377929696,10447022.854739176,10.723724435332441,5104.36469676102,10.992330767306628,36.007146232691525,265.97875512575314
3488.2396231357607,912700078041.6909,4.582204707185239,1.8547481312579095,60938089.338227816,15.81239141525615,6534.3831282989395,65.48171216290291,46.831540017169196,223.4287386051453
21383.366789291525,919777495584.8583,1.8282783737405293,1.7820614634677092,396050.07089675835,4.534193160884807,2107.9910138249475,19.56173347179446,30.0,333.0324619523442
18979.652115978366,650886275437.7401,2.9907140848307883,2.7394356926375063,190475.38820047842,15.843706443303267,4974.40011078361,31.420848239043973,30.0,278.6036755749859
20585.317026831588,110741029532.55159,3.7990819422199973,1.6746487977656435,8539104996.672765,0.3600552224435276,5670.754097710501,79.11205262870266,69.80624332254199,316.1960641905627
13388.482908707512,482193307465.5128,4.669593131645916,3.146093561554986,784293.2197655999,19.940603501493264,2966.386421804266,40.94664642840791,30.0,333.2219488588111
24918.59168221926,245329120895.69052,3.2513386229648664,3.1133182618737942,4761515.306639175,10.362932071276422,3905.4098229370006,26.184399224464396,31.24801578438463,341.41719349056103
1582.2900221319512,884915778268.8187,5.144137215604641,1.6601239942415649,33375242.958162654,9.543952662907303,2876.9452260035473,62.72634905560026,50.78465986371795,224.56615011571833
10330.991622559777,138403660613.40286,7.209695331893615,3.276394395460367,7453461.988751836,13.02858925711224,2989.5106966829426,29.008757898214093,30.479906919031606,255.85882228507617
8436.448388972087,54311221550.431496,5.0342284988244135,3.4183216513523975,306686.9525714238,9.529759479644708,3575.2701699534064,47.17153127461454,30.0,322.7497604425047
23741.814718459704,704429329121.0447,3.3644568912868067,1.5869361963624902,965096.2308248248,8.190044610713844,2370.4291765037788,21.013239120979236,31.71188405364905,330.147399806389
14633.093483191025,453286621682.0779,1.9028763180150468,3.4006591362736636,29325021.52164291,7.45111667363857,3911.7564320734723,42.25830470676239,39.47496550405916,290.1692409859017
20251.678653395767,838365049238.1969,2.3883309808641036,2.058924338779372,15631760.018465122,19.557768562581582,6020.439325950905,17.60323970294598,33.494629525509595,271.6198643517314
4673.359244633712,74630556539.68059,5.147912895556739,2.829523881606381,979420565.386866,17.23685953056278,3160.4388601766964,64.11663003445128,61.3428433108569,208.0085705791978
24476.536525560754,801076331531.7098,5.944107447678468,1.8496314924739334,3621927.779044217,10.073091129149049,7564.048033385829,35.559731433165965,32.92518501765767,258.450153483198
12716.668898469721,37335715509.40548,1.8228416331014587,3.1349116992092063,5030088210.212751,16.737229774241847,1751.784274080492,32.31625844287136,70.79779463138415,187.166767287513
12594.965868630821,28070983843.945057,2.706073893137631,3.1838266831208477,2594488.713357585,3.0243331214405873,3601.5429426393916,79.56500636309097,30.0,331.55141309653914
24286.67584937058,461316290415.27795,3.5740282593977084,3.4566828103929907,4534122.911542979,10.612427077573704,4817.4632299007335,68.07917684619073,30.0,301.18122333165655
9827.942849820054,221292068389.36212,3.578525207723265,3.485066924341665,5579132121.850087,9.030916067931031,4350.682727512704,48.77476788013052,75.4685034328048,193.19594181247697
10239.363101597328,593719113287.8236,7.729645592156746,1.6517154155520561,1593737855.1327887,6.531398496185026,7576.055951821504,76.0948565721062,59.26949662111428,245.1275266627541
14826.441218720947,25817968394.476223,2.824508886625747,2.815927202556149,3844499.6828807886,18.372876895071506,2601.3810085679606,24.797911202653026,30.641588832882817,266.5381306628655
3637.28895842078,35390506973.43617,1.9063822716142078,2.0460923543045846,9471602.326009972,16.658240603563783,3027.2814644868895,50.14398020976067,34.58693933544606,264.66120356233984
8366.597847090445,727148769023.4442,3.794596390530074,1.7511555712622904,1626677189.0877783,18.146364740774185,4769.495740569076,75.03400776992208,69.49604872666308,239.60053337429073
5233.603899905698,210165952327.14917,2.373872811692917,1.797590837430196,269430.75684678287,12.722577772580141,4774.971480306765,49.87945709212648,30.0,296.2697472617542
3030.445238122715,656417467243.6099,2.322782773382629,3.3728744778568105,2974277.976296586,7.5556130034030575,6301.653370119111,31.559284793656026,30.0,305.88008141359524
21720.54285510999,749922411578.597,4.148429297261334,2.8672984766906904,45475814.81669089,15.148410767777433,6358.180814475985,66.81592087066159,38.15549746475206,295.8412414385264
14938.613570123163,59332106393.80171,3.491542405124666,1.6009219019380823,1394828730.8995852,2.2159111550831327,96.8589579541714,19.71670887992579,55.52916074714085,268.3700168316705
9287.483392433825,769754184710.2848,2.096224045009837,3.4684601562921853,66540087.878491804,17.06893761872414,6115.953060047913,20.64002087105049,40.1564683554054,226.64559315373734
10512.399745484465,268421949540.06808,5.4279722912784205,3.1156244727214295,28112161.31384775,0.6241473520384209,5745.770706131094,61.17874229670305,36.04439693347805,371.6783388447708
11072.215590340189,389546568653.79004,4.761048479132276,2.11835861130145,6465287519.439441,16.37333706852603,4690.3037385238995,14.853229465913286,76.54860908486874,174.7321537200323
16012.15496254538,86640105656.12439,2.001147848183485,2.441733387211401,381989.97973239084,14.093613061366106,2542.724142056351,13.544154792739906,30.0,313.8053722732957
23205.850091480337,838630144734.8694,7.107839081091938,2.953151958404084,794931356.6941139,1.814785457974732,7257.377972454352,36.53523050339554,48.964066888164716,303.39809410096575
23353.10068159607,560729225596.9777,3.3506348783801627,2.852064171678893,431692.285403809,2.9826070662656505,5908.374814127114,37.853454827432586,30.184190058025834,331.6203576548471
10091.553498501253,504665773181.89435,7.748975102156666,2.4261617976284713,461463333.00161016,9.075209506939164,2065.726353905098,42.87552216685545,44.587964470707135,245.60288032598532
8566.930260145355,968554842347.9447,7.555001111616116,2.5247798013981337,51933559.8436127,6.032504127195393,2448.7093975114503,61.8512508110074,35.26909202240716,351.26532893048443
11550.639254538748,334506425434.9108,4.321628070421893,1.586415360832865,2104897.9921931583,17.35248850840126,5686.541118341217,49.8197069404649,30.211422294797043,268.6097445806615
14414.388645498067,890779395697.4095,2.9856851128491773,2.501266488973897,52081734.13006843,3.8970303155559334,7342.05800691451,59.948400408381744,35.82088408872594,312.787993457566
11814.538830518832,719688161376.7231,6.926542631446447,2.180493783448073,2495056791.229596,8.370745223725878,3929.4240150723294,13.49261826866295,79.24521550610876,198.5736415855718
16639.45854050917,928528207324.103,3.848357970545904,2.0701024009499127,22957170.531614304,5.246397023608509,7034.80552584595,32.09922771892816,33.70515985182736,327.4047057076847
14082.77607280421,907802144960.407,2.5630795153634383,2.039244849536372,107868.05038014133,2.5872841612818256,3063.094774899784,77.64848387631963,30.0,404.5836202103725
8357.530894004864,991029813996.2646,5.0854501528231175,2.7978937947128966,191879.26239940265,5.231841291938012,3167.358343776407,39.94356766464951,30.0,371.3518407718182
8970.404741184499,131677620360.40553,4.681115877558227,2.358515241442637,145607882.84691584,17.20674257649158,5490.6702020224275,25.574416983934796,43.30645649630774,257.4286606300391
9775.523295213407,796016596075.2029,7.025116212290716,2.3516048168558488,245277555.70547128,14.324227807883231,413.7961017733482,79.4460335468632,44.72343935343182,237.6898341245933
2818.674322110023,804494550453.1483,6.240328968955659,1.8183739827029575,10206443.571310919,18.289088206211222,1119.9854282002186,38.79226980163822,35.801231999349014,238.9848705758258
4568.534494142341,644373883804.9586,7.194906664438899,3.423727136487234,1636446.9676918369,8.13532261058651,5830.115832774645,43.51472980176599,32.25872077501564,310.8852358948784
18216.28815256196,278861679377.2438,6.275568930517934,1.9478524049011028,380043178.07260966,4.846233113171614,1944.26308148212,25.66580343504243,40.74357956741193,294.32843294343513
10032.869432290961,965148306480.0435,5.67413724421068,2.3122184132015695,3317461.356651317,0.5750348468486823,1408.8816789819896,55.94471517182732,31.11247635742498,456.39713143977633
5756.204827723519,204422933468.0717,4.751151489800582,1.880409528359478,234454.15255549495,9.928400697243935,721.5312678631311,24.506105126718328,30.0,349.53422012606666
14285.474059084003,499575878783.06067,7.919096381726908,2.9062857047782957,11169987.76771508,0.8425804547324185,1806.5872323819594,52.69464987652011,32.5627512162535,353.51657229641586
19010.718790598967,521487591332.0734,7.73457135600112,2.3722574929217086,49624137.98886941,0.13528599459423965,2011.262561663334,63.020747147927196,33.28822681112868,498.20813250801393
6806.8478774616,161830183006.694,7.017544379982373,2.327299878036203,6731998129.948094,12.113927399038392,2735.8788372758268,55.667848272286584,78.98062843856819,143.86516835090603
20756.35210713174,722529099804.4186,6.539574889605931,3.2501897707781344,91434177.84490468,3.33827807979519,7507.253132465703,16.326758860761053,44.94379793842526,321.8062434388227
23223.869060813715,88868075313.07559,5.254137075770329,3.0189596995869064,1100527.0729266454,11.217588107672727,5160.501868744109,15.58418674679265,30.0,314.6575584833077
15136.165962309098,693098085748.9321,3.1883968434203442,2.539750105778362,1448664857.6697552,11.491777910904421,5549.5756504584815,68.96460831965433,49.67016175518977,228.6688020955209
16889.217645293702,848615647675.1406,7.190353676071771,2.437180808082274,2866882.9317055778,14.49059125204135,1070.6596310670557,73.31913712373316,31.072652914053133,265.0389679325814
1788.1117629148566,349397075685.9745,1.5703048767132253,3.4198027955941113,6257356776.027135,7.693416612276824,1549.40684185015,19.496225789566182,100.99455799034236,151.3284073861352
23665.237330036707,709421099178.3916,2.978359784160566,3.4129243293824736,4232152.742038562,14.117852345847176,7190.3820928919595,36.282213108101615,33.841876789957155,312.5638789310863
10115.875989491124,156774851373.84167,4.124260893049054,2.9095417358197753,3528497201.1982217,7.351010995617714,5078.129924008056,55.78468029301892,65.43431808856081,220.39312115739324
23135.559813363034,845949155503.8772,5.3100215090214675,3.0202958529728656,2481817490.335108,2.000852588725354,6479.111452648973,68.48366660939463,51.85659931192756,337.9792904334011
14684.949356380943,952031746521.5261,5.145715582342314,3.2981858163076314,2089121688.3456366,6.2343022581709935,2866.126434763671,73.62896463199334,52.68476050659147,245.80336840183296
613.1605716615264,152694540806.0834,2.6428028715043506,3.428617511741475,157371.61502865813,0.2009682202252373,4621.882916706448,58.907792877986296,30.0,600.0
1444.278983424175,691859782112.8582,2.1811882987879567,1.6645495325416466,1775619239.9768643,9.2761027685704,4022.6388187941457,20.32321628093144,81.86847112132277,131.86689156895548
17170.26073891309,505831590725.42926,2.945138029304318,3.4946776649411637,404110927.9358542,14.819207792466205,1651.241961203849,63.784567264105235,44.28747256641945,251.47412863424023
14285.36633888236,531499800333.0468,3.7666071278271436,2.906044429938797,4693441.207084138,15.70571375098889,6599.9083932754265,70.13174536824246,31.002231675652176,268.3261664073106
1150.0447115488214,706490012110.9696,1.5913489714805604,2.685489708383255,28215784.69884442,4.680329561157953,2676.7123577322177,34.591417920672924,42.02208180125213,267.7373002232518
18714.76904994844,488741010595.9379,6.000962833574063,2.3263342506537956,158334370.91296607,2.157580365197307,3740.430766056717,44.59068749362645,38.98497523929514,295.92535143638673
21377.56075819495,600326791691.3247,3.1102283322936946,2.172779787372075,5220172942.676817,3.7493299356084573,1072.6148452159957,21.646782637880456,59.62360553168814,249.63522975897683
12662.228319763053,230901788510.3578,3.7841288375643556,3.1084204170479546,795101254.5026497,19.675073956408593,5110.469998592059,31.316364975116148,46.03830277692186,223.8863688546299
11911.057288752747,378507217982.0338,3.676860988795347,2.808870113093225,13883651.748318853,6.276450045028007,6331.172194840947,70.8859730576615,30.99698583772706,323.9248133726895
634.0911664483733,865240484831.152,4.826893705710392,1.901410337642988,168695513.34546018,8.614224879258924,3289.002575844592,16.219306154720055,81.0050922946685,171.66675057773102
19772.91795609318,109903401745.87396,7.088698193614971,2.719822074268012,849873.675245422,1.5587499814833332,7825.27476035384,63.36961860306686,30.0,369.35825249266827
8602.543635279584,597575663358.3789,2.471034697786018,1.7823322034429308,13173827.68917529,15.797139549823688,2068.095827077439,16.83459518448084,32.32101429345297,273.11956685515605
22029.70868467222,184287877947.82797,3.7147262360032554,2.493749653012257,904704325.0348198,8.997382492863439,6985.913800375826,30.48342908549363,51.58580501081715,230.62803215885296
9639.9843951723,846539751383.774,5.998187250256593,2.6669152756692966,107881896.49766546,1.7935879825397354,5772.51182005462,50.76886840688326,39.41969894549942,356.66449822126003
14344.408810452287,579044374809.596,1.7875041863228391,2.7713681414880647,824604571.9026749,9.48519135332073,7418.820394924871,10.231937107316845,52.86634723799635,245.1400844952811
7123.373810883524,403049379621.48846,6.894861128554454,1.7905243794468704,35406555.382482916,14.279828708280515,5927.77922541695,57.276074468479734,43.4438628580967,268.4978843349894
4434.413658330508,249825423827.1443,7.751863413233273,1.6911970573015407,7956410.3098411225,9.487105907629056,3963.8696990159324,32.13366177085463,33.20403591925922,316.9131477042347
19485.243632842536,436845262344.93524,5.449641816782941,2.0174163319507157,516062011.0236053,19.374223557582194,3313.6290036134974,62.39992170197036,49.22402712734545,249.6912769764485
12666.466731733899,957612368309.4164,7.717304411699688,2.714059664309227,294289.178319229,17.439691861969504,6636.901899225521,78.26657282759741,30.0,339.08123698890586
13643.954131930142,509209780534.3308,4.18490189130636,3.3633656279418456,7816893070.287305,10.3203994580799,6724.504147113854,39.15423637364068,66.65355322445184,173.9212630346352
24152.69086030252,469490062210.3285,4.19770624925839,3.0582470618007074,5519107713.207425,18.813128785139963,4715.342303120931,12.099712616652331,74.78394415882715,175.2476070847149
24107.707849442766,746274067226.4956,2.1906179111873434,2.991421050344855,2522568864.411776,16.237186562514587,5619.97336941398,69.42241037812869,44.69351238666085,217.52174458406978
21463.231981708886,379047691784.8359,1.730405077498503,2.1604646891154315,2638702899.2737384,7.396986716284811,3708.231713760456,29.22048443279774,58.776130884101924,250.14824435383264
5096.427672743323,427424522456.8441,3.0892780678744702,1.723414759550317,35915391.304279365,15.43962624674742,1754.7867403867433,20.403153889363466,44.20830213304548,237.5463984784718
15059.681010388707,336948394623.8875,4.60783627115746,3.283878812240504,30883648.595993716,10.1417540633221,409.34402662072966,71.54483874415003,30.01405610585717,328.3265664164909
22014.611904060668,150920604409.63605,4.799935540608779,2.5017070100332575,1260116961.7758167,10.805278908905475,5233.106004318144,26.27707922324475,50.0229631988213,225.43934386328488
9674.366442998975,713809500393.4364,2.9142399813193167,1.701021692408504,2607849.719312802,10.436389353355569,5357.012130853771,52.369970422389486,30.0,300.64303727240394
2977.1010654218317,873031040852.7098,5.483236885299279,2.5699374602343585,1776515074.5496066,16.0833868809638,5325.45585805358,27.778855171543594,69.4480042271768,147.7069394300803
20368.591104878084,905592743650.1163,2.677838186449521,2.8508204853305124,1010185.335022768,18.375560092303868,4503.635649479274,59.87207364883387,30.0,263.24923904912185
12303.207008373205,880803057234.8416,3.620372411749151,2.139800059204677,2486201678.88652,6.424377841313577,2745.782882488588,55.412261451161065,63.17597342944915,223.7386520373044
14327.620668799875,451784350654.1904,2.7721118487306287,1.5184978633672717,50748837.567983076,12.856325432958924,1943.8727595226708,45.64177493362469,35.44949687764517,271.8591305322935
24562.535259787186,284066908137.0041,6.028313399935894,2.7432139242955245,1644580506.9041247,12.586756864578332,534.9815510739872,48.85174325966649,51.78499837818715,230.11098158323762
15376.680047104766,637924111677.0739,4.857721303445027,1.58019103685897,29222267.896069784,17.75557028810489,1192.589775392623,25.907047149494304,41.97956766271002,265.35619394586
10911.994948819483,954704957201.1198,6.284657143972001,2.3655865817423747,110194756.68776481,8.971873153346674,5030.102492676504,11.534876286023684,45.60765452648756,296.28060154323435
9564.617012256345,727050921117.9568,1.872113102345723,3.149550456253694,4304578685.1294155,3.843702611976833,6146.890050863003,66.0496233152933,65.95401757664474,259.534761560307
10731.672670024118,494849066741.595,4.264853521528419,3.4976952646849604,12332787.87154277,4.101563286915495,7261.90647271313,72.25108993867237,31.660034758516726,335.51877684409914
3400.7775378773845,688808885704.8738,7.785230763379234,2.240605827968335,1263083.146149332,1.0729659402913347,680.494923900976,64.45085038519858,30.0,431.50533896049586
19971.38868123051,772538139916.4845,1.8485268455913635,1.5402538530003942,285037.2978898375,2.0595334718398175,6514.069642043171,59.554745562201404,30.0,427.0645846430914
21024.06302558251,919269342058.8094,4.219461483023753,2.4858062038775444,89103613.81746946,6.059330458592389,4783.384031328122,43.03468897378719,41.76483708825255,298.79178925961867
7467.729797048517,763215990756.4001,1.7625884225615336,2.0525507948639845,113612365.34517989,2.096130341225725,2417.517928738525,50.873217208759044,41.26863011343115,333.95990785699126
7943.01715104363,433191122445.35,2.4532465863101995,3.2855500271783846,126918680.02134334,17.42827399134129,5809.084033537198,58.413904380728205,44.16883985053077,258.47223966249385
21921.189280202925,273607244858.96564,4.506421935224835,2.9230063006553877,153401.85234150753,7.272269961085164,7914.938724340625,11.835971679680188,30.0,316.0894311265171
1087.2737104349087,499882164847.9266,2.523837084946342,2.3086465376119047,137112.62156102865,7.400923131581503,3041.546954533311,39.65693739323477,30.0,317.4079610548918
13251.207372297078,328178616427.52716,4.87191026226498,3.024056461836339,2999750264.2676554,15.162252146250431,5023.228900385944,25.72805550120338,71.62173515396451,197.49879701254793
11860.055009696776,942764649923.2213,7.497755938005453,2.182411737845865,300268597.95842344,6.061685626704484,2094.0524694080264,35.51143645024518,50.186223767209945,221.23284347773063
17408.105854672263,507966335484.1188,2.8026491282832735,2.5435271702275797,368626.06470162194,14.317886417824704,1648.174356054336,62.446219822419415,30.0,337.556466772156
4503.096653661634,472056863907.67236,2.196712313129286,3.3455705595983405,236147.83520716443,16.457338960702263,1201.5589025170248,35.43704448654408,30.0,260.52476608107276
16874.103149481267,348196869958.6448,6.864297652889188,1.900314532474059,644592.2363709286,7.235551866713452,266.907332607491,61.73663226043179,30.0,370.82905960450955
9729.983192934473,639407350884.61,4.4917540081894085,2.1261160038134124,1082916323.8471208,9.582348126812082,5793.245589970718,78.02820413938774,59.33388870766715,213.20713758015353
15658.51206515623,520051758569.6692,7.236972142486896,3.2711868250539187,412505875.4463214,6.478467624935522,1176.2121216218757,74.63679532176863,39.34666875951202,325.4361050734563
1482.32774188301,129049793849.33363,3.489801415325017,2.4237567206208235,156050780.4256558,8.492126015241992,5413.420745553412,67.94073990416639,50.97841125713956,217.5544822665438
11812.31633102048,869207941622.6837,5.5789580337160825,2.1357776573471576,159938837.67290607,11.635905622622474,6958.1749100699135,69.70935665658911,41.48962445677323,270.6299055806107
13295.146902568116,359013473130.96625,7.501538102960818,1.574597340367881,1969560532.254955,7.025312321915621,6774.3310317227915,37.57526236887483,79.42112098418929,222.55616138751034
5750.996869947172,432578997379.72424,2.616022696411388,2.337906075173802,4648295.101006153,9.309453121776837,2398.730602590197,61.210767063944076,30.0,292.20472963427625
3920.779527388457,205667850996.52243,6.704735635485122,2.5012022227376183,4084605.369313983,9.94966276931981,1004.0055085276667,56.690956001602025,30.0,341.60931330408647
5117.620423801384,553398654219.6815,5.604858873993328,2.3126657346421746,13400905.614135155,0.5388506189601859,3550.0852209546065,78.80245039586426,30.227453487428576,449.79799373385305
8931.456412552026,702055360373.5205,6.784153840075847,2.0549184675411176,8879327211.981869,3.3147969018232577,1458.5007758603847,50.24289555495776,78.94289892942932,202.97423662411202
2871.8486579718005,881165439460.6189,2.609506742195203,2.2382603471077323,59496951.37115692,10.85041848061345,2994.328100098048,40.08362626030696,40.913742799165625,220.70030017935295
23709.33499537531,51608613364.59769,4.3215620571905795,2.7848895971074397,54263234.224483535,0.1028807566077834,4554.88273805429,68.60867881113379,30.999092470293686,468.2678796984266
10422.354506647524,973331936367.4686,2.3374419851001926,3.282559439926005,1116783353.923967,14.098663158503227,5158.332217972913,62.47013441419558,45.07615882928145,222.032573573079
20319.75526141535,703818038202.6147,7.74053370190487,2.799351645155004,776823.7539104831,18.11402653517678,1754.406831923265,18.74031960207191,30.0,259.31865363764814
24373.219516166744,284299400112.833,1.907496199240874,2.792324871947532,10641553.699548671,15.103654005428625,1826.0959226708005,51.73961323844507,33.20317024016404,278.7711307345828
2478.014360067108,204475550539.21106,1.9256420869635238,3.1337497239617553,160994867.48982736,6.317316511980923,6929.079775725088,51.46146721332575,49.19720010897357,222.6858057149959
16465.901964407356,296088622566.67926,7.338015249181065,1.8302855554665327,8711317488.20889,9.024327354924605,7559.6531560177,54.21373982517412,80.80394394868347,193.11504668595842
21849.52262515974,875725875940.6907,3.4549539628948875,2.102195258916277,592035.8197435202,13.031800081605887,5143.144166428035,75.90486627433027,30.0,322.63286144647776
16038.743632184844,291390881805.7772,5.380630213506476,1.601181965949742,18202619.930122267,13.62471692568058,4459.017385558062,52.14249350429755,34.19719731495617,292.8013336512865
11011.139973256611,462821671736.1012,3.368590937897494,2.1992755937464814,3372166506.5623636,19.551063150698084,5268.005306680338,70.90131987413619,61.832237098051664,194.4147548368017
11061.370762129487,705738348504.1783,5.716929441578955,3.497647564533011,424282717.6602861,9.88496794253551,1037.6775870746274,35.08665704019059,42.284020585421565,257.87614042406443
1379.5227071802933,871989991734.0219,2.751050900255177,2.1586247907311518,117192868.89696787,5.028219921083375,7177.341940447095,14.016526825216477,61.649579658517894,208.972511759043
13597.718406587244,658571503774.9418,4.48265147733455,3.219545992051814,1929931.1463878367,7.275727254423259,1676.679396664942,36.26559174358077,30.0,314.7889867889534
24841.803421277764,753109443425.2261,4.967699136072564,1.6715554278608649,863085.202931923,18.452736996901773,5360.748070779324,47.286858544325945,30.0,314.8728452314078
23988.334386312385,173327622969.1593,3.6686787868663453,2.419424726671999,7431243.081912754,12.672556050804001,1783.545620878903,68.33249644702133,30.76126852559333,244.8943989066108
1489.781106632998,877407950283.311,3.1360539732481882,2.2029257307632735,1885990.6345744773,17.291815533098557,5649.274351316707,54.229416605142994,34.20088838186369,278.1711230566768
17792.02658892246,275719907898.92706,2.4113433398629094,1.9031657264628312,1102502274.990434,14.495507531767688,6029.9361768587305,40.95414483165064,54.81438327158423,209.7510234457904
7893.239234074805,128379035678.35164,6.089938186001479,2.245012514113728,401344336.57403135,19.310335399341785,5930.957294293893,42.33108254240081,59.16646330422741,213.11976877281606
22623.23425845035,976244314096.3789,2.5938376539637513,2.802556222827894,1499652391.493789,10.049539635239437,3435.3012110223963,79.76600950434153,51.126709451045215,241.89349000705752
1605.311269877324,201640723814.23553,3.3988215427229402,2.480616149778186,716822.3758656112,19.000609924732768,4860.189846678331,19.894068666318997,30.78416075621279,277.9972472040668
23428.915499271472,136652833426.0064,3.689906970007363,3.1886680624169235,3546882.420848322,17.723509837895016,4787.929242767153,24.38612544899312,30.056761362507345,283.62129859603135
21018.155722800533,626021274080.8865,4.4533841803678555,3.3098932136966748,696237345.7613506,16.86973460339342,5765.29970199776,53.76970455815662,41.55308729404349,219.01623743572296
3378.8573651887373,318863830632.9458,6.066696547075435,2.4637856623388896,657267.3859123223,18.78491019553509,3997.0169146141784,59.09838399566142,30.0,304.1827259225382
1965.6962642738301,133350071831.28813,4.281643375249086,3.4634526283022393,534595.4838541149,10.534475953361637,4063.276747339497,37.648544176138444,32.09074301473301,273.283250919358
20950.33777600993,601121516094.7588,7.162108539330642,1.6440415270731679,8228002.267156978,14.869440924490547,5478.423636010199,12.249226543509597,36.83098474370379,268.00340108396864
4316.062938877195,758985468237.0083,5.918606703031199,2.052678442672496,855429.926776394,11.128948605755253,1369.5057561817807,46.5408361435433,30.0,305.0321474954678
13605.004747908828,793198581008.7823,6.95016365484617,2.3334225408171516,248035.18397804713,15.536406115624997,5223.313848944896,20.105210331370174,31.159425507947812,273.4563948611202
22935.749018028382,155513445499.67136,6.156300748651114,2.6654030207166546,3663301.1540280916,15.28686228945186,1194.3654256667714,13.923381807652536,32.14368887714956,236.0444173657333
14402.478781958422,556867511072.8743,2.4661066989411475,2.591859482626421,2387797951.0591035,15.180163629596308,5801.43177888019,34.133174330258555,63.64670412691509,198.51244718609254
10232.21588608419,813678557003.09,7.856527462116586,2.6359535275641477,191718.77403906515,8.597560280645366,3117.4157891328978,19.49569025694377,30.0,288.1821010767017
11402.89334392281,161087850337.17383,6.612810727494376,3.2925014452172623,67690169.8147334,15.935943092806799,6718.2658870712685,40.72978739578822,37.798883069370724,225.94936673561065
2046.3706822448398,207683044088.42313,5.222691496121081,2.055130383906612,65315975.81736186,17.535962278139372,716.4108943821996,63.31861245629812,47.96089438676876,232.1370028914559
24234.43187335917,2412395020.280188,2.57400111479782,3.1337074911772573,45102727.31008777,12.743287736021667,3689.582433369427,13.29322256604246,42.342920171516994,263.065634506471
8111.027534486528,524634631761.1317,2.622424215763334,2.6160011082553183,33693305.13601892,9.120326049551217,1346.0673629682651,44.99240567679599,33.71926175470958,299.74150116419605
5139.405545984919,194682502180.25406,5.493152636590921,2.4809809658453825,121950.15279752437,17.072302699569455,6952.216926642745,44.788628887306935,30.0,273.12259155838905
7508.158895089685,724242851484.3234,4.205281364513073,2.098826851250938,172685.5295559096,15.58008387546114,1010.7316043308805,10.124275794000612,30.0,289.77037282226667
24127.143274841234,962213893403.7501,5.893086753348447,2.108137605520006,35977838.111601345,9.418521884164033,3886.7102864786007,61.677575194898374,38.28134551353634,314.0482436382701
2810.008310456172,208756280243.58127,3.9207802118480672,2.2769597428897743,6942987183.495318,11.618387616968345,850.957317600602,16.281513621749287,78.01371146703008,147.3122207241641
21748.924492278944,649097362666.5209,4.8334936144678675,3.027020976199383,10961724.998196457,13.732213798665576,6383.722506610418,75.24387320834344,30.0,303.67446107442254
17842.17541283547,211835249624.0499,2.721727246765753,2.453465775184542,22995021.102790456,13.7820155768419,2263.496210442757,54.755516372458736,37.67565765335766,274.31759878017414
20835.46988939619,18007840972.84502,2.508807437909873,1.8076673705125,8134213677.338185,6.255190886147384,4756.53298172168,30.147129223691138,57.66286175809679,192.3611080775529
24409.48973901346,758554435660.3906,1.991690964040189,3.0197263546855995,786261530.072793,5.889198792554789,1369.448144219134,74.76967093199522,40.34324474330007,278.96807259162676
21132.78906016336,434005242646.2162,6.82765548184059,2.8267599758317368,708841662.6598939,17.752570576986574,2819.3309845297076,38.032236480389,47.72508336504794,247.43271917584278
23612.867606307394,946786914727.7915,5.110010635267798,3.398477536802334,33394676.07426795,18.743372243279182,918.440410979443,28.218240767606716,32.782046517506764,277.39659092717903
3609.9137913775344,534286347857.52344,7.656416759393305,2.5588282032390866,3087189340.252394,8.07119928102271,4411.1401130423155,36.9150529496943,78.15461994256165,171.00180805441244
19996.819846590766,157483711492.815,6.3716608288356325,2.808844284915608,80515876.85604988,18.271869036103993,37.5903255334708,52.81108587345239,34.00891459597789,304.0586140043851
13869.05450498567,449774992022.83606,6.496960541621711,2.458660545522423,192081982.52074587,9.440310557681775,7944.6412156831075,60.651789090637564,40.94036120979357,244.4142875876405
13815.642079456586,202892591914.22168,4.8088798222806,2.8615604165559287,866518025.5539968,3.385687477763881,3336.0681131658603,56.32754193020926,54.15918407017653,270.44343183953595
22523.578619852582,878029394657.3018,6.800450587416729,2.372234126400367,10787589.217631184,14.670964913397556,5039.283104622799,74.48656868495682,35.320505431583946,265.09006961141284
24309.193556844428,690903489984.3439,7.623412394539809,1.7757129574716488,5839174078.594246,0.9654075259206293,2301.380226150657,76.9319874888611,62.54354443941226,266.86299194257435
17768.538914557932,341239463415.8989,6.191311640180345,3.473366472598262,8710361192.047266,2.322631587707094,2033.4528132070777,23.79439664556338,61.79451108306811,205.0974368452917
12331.990542058706,527820794986.8176,2.186328115765509,2.9407274055917108,86236110.48800519,18.82306130300999,6770.618131700371,73.87796809612914,37.33968951026676,251.12941730556508
11681.89451859521,669480518732.8402,5.731629085147791,2.717251650459703,1289071.2909515447,10.376553676971204,6067.881273564285,17.46773060280774,37.69164123650358,301.17995441496436
9965.365701967954,782857933787.7086,2.2828158795670976,2.462841500371039,749048755.2038326,5.364208578076637,5149.903301780245,76.98242474175667,46.44827753644161,255.74192806330265
9359.176224530234,80148129723.33182,2.0019457457213408,2.9228580043773302,4080308.6630390086,9.634169120487982,6020.916214329075,28.154139295704493,37.630291877555806,270.04764444726993
10091.917621268569,22519819476.40479,6.003852633253597,1.7535498442703619,76827642.69910541,11.584643777334325,1410.7520922953288,28.6052407192987,36.275310144110215,254.46158374509375
2698.954263654284,114453582717.19264,6.92610530750625,2.1522267962833883,271342.3627082391,12.796364053299332,7473.397055015533,39.50818857356981,30.0,255.2098334863223
2397.1840888807365,394996915176.2528,2.532469689740883,1.7493987015257717,1088813570.6597612,6.997035288248063,3643.416466127642,22.72196019394381,68.47808982287759,186.59755109231367
19606.811174871636,466707143375.48193,1.9819659517792907,1.7520501921964082,6243596009.24682,7.778689053413846,6951.006225964788,67.940305662814,68.94268876202284,179.4740252269698
11428.78587654554,136462493752.21817,7.262398812248286,1.5426950897544016,295874.5586900381,11.017776547990499,5891.094800928773,18.731623610067757,31.05842388142737,279.3722197089484
23301.7699693432,411153726746.4674,2.359360690440648,3.011786830283101,454983138.5684419,12.551957754483722,2294.5108256286626,40.75021625635052,47.03424476954021,254.65731268546062
15499.414710551835,441623344739.0441,1.7280596093342915,1.9546172492503584,2014625458.7980058,18.431061343372917,4558.842024185891,73.50092075339336,52.58555397396204,220.62839712446387
1361.811563518284,109090854587.52301,6.186853396982178,3.164015438139374,352802.04763485055,7.875909043950087,7733.499928196668,54.47723690159776,30.0,329.4968942355838
4359.321862278247,916660043535.7738,7.010151101619729,3.3088690283274644,1713887.6440112318,17.500010074270662,306.3342237183057,52.50153912046717,30.0,306.219364332733
5542.5849288186855,599146328441.78,4.844076719517471,1.8371321193037853,9106599.566208653,19.86470191204135,3417.5890225315447,79.62509567502107,40.53266979707884,319.6067159731177
24405.532597546684,388536141920.75165,5.009514086609621,2.9177280846718823,1526868580.997313,6.813119647102574,4968.111379350428,11.578435767815252,48.33581729628255,270.21265413928126
5858.253540715054,506907676565.0232,3.689593332727961,2.420611456980122,29319484.31880488,0.5943250454646896,2725.769522917194,32.3855579573636,35.20188948589523,379.55830199990874
13136.014069057257,314198172271.32025,3.050010792630512,3.3379223148121016,483967.85033665266,12.107205880868722,2550.1496201739487,18.751275252729798,30.0,292.8723068044947
23436.334825184804,854331177313.5614,6.40900845614131,2.468834387603305,1913618.2104807484,18.07777093910203,5992.046129887706,22.920409527925514,33.122794018845404,269.4476188538628
24441.221882901755,575015466553.4622,7.020348652786777,2.257747772885554,21721469.578346577,1.1151100556716913,7331.451887184938,25.12031489692466,34.6590191245968,332.3959649422611
6290.830666896842,494896319497.72906,3.5880909280737785,2.08913023806032,157152.47704419243,3.983139375954722,4305.650373464517,53.882307739711194,30.0,384.9042558304183
1703.3822718759832,910885492210.1946,3.2798247016917337,3.3072428804563145,142884574.1671092,13.53920107685827,7586.1957960930185,29.047491665560226,55.249521554315585,218.7189063383005
4263.244897175084,837979860254.3695,3.2406461770428256,1.9523586068170564,133847.2590579584,16.202575179414623,819.2167930695988,56.49291560458123,30.0,270.85000553690276
2051.547728212673,812802078623.9579,1.8288702171453148,3.1554295832189734,802336817.2596204,1.7784724706000283,1827.4882664793386,61.664875537485216,62.91489114027297,239.004158820919
5280.543906762242,225609978622.63992,3.3269876614624767,1.8883748951558752,466933128.1635718,7.306570313260861,710.8184376773441,38.13389615345811,52.504336388764095,256.3801737882091
14429.958010241517,153123958345.2453,1.6667309602985325,2.7867937085069827,2124222281.0716813,4.812833751215555,3489.9189373473496,47.54290920785516,55.680527608391685,247.38130727799074
22854.995509243225,690096829616.2279,6.624649546044424,2.402131279448392,614559.168918503,19.299285037237144,5017.450607338219,19.246452187177002,30.0,287.338103568363
13661.86265051133,468642787699.1395,3.16352438870124,1.7092173500333587,103021069.65348832,13.665253128351742,1611.7706452260013,62.68475554789159,39.46655851737395,244.02003222430497
15836.744139127479,683713029244.1306,5.986008730783864,1.7518660086341047,803781336.7129297,9.538988090497819,3593.8240684717143,39.338279862395716,49.47587847409868,248.96907157035503
5445.747664433758,760627471483.8843,5.030724506013615,2.0630182998313393,37909137.44600744,17.253928173894028,5478.312814185487,68.42446432458242,35.5828066450025,287.4004845618603
20114.29870650933,295314212031.2436,6.943513594851791,3.0333033699081406,450839.1632456012,10.776363361732551,5119.503329221245,46.83536637872655,30.0,325.7035653213978
15635.82825838679,284651148472.37555,7.742461729120641,2.9578800045313036,312340.3433581677,18.231115558288714,5037.96276662512,58.77352503762558,30.0,295.171025283654
21671.352315221757,490832075426.61743,3.8873954918395723,1.9102405028147347,107025444.37100028,4.814227255873055,4852.197801898989,35.10078854164995,33.748539589759034,301.1724258296578
23746.65612164171,273550039977.18384,2.0742153292826417,2.4524043891337994,30763662.72598913,0.5954010394926744,7893.016466259655,36.02387403925495,34.90865576750009,349.350417199415
9023.56900603651,667295608720.9235,6.372697468508498,1.6939739253539905,4444272539.550741,8.60333265536564,5714.232807516377,40.55559090949941,87.02412695643228,172.53460076831516
2719.186934118264,746730699150.2709,1.638465120294692,2.9318925723664053,1476399383.299485,4.125331002632765,7262.307273476594,54.52239439808023,66.17313008988415,220.54626575744558
6035.259468961171,472039474014.29834,2.949261674160601,3.0866040700348014,415667393.600486,16.722834849431283,7614.324402781285,45.45735070224138,49.13608112519801,232.56046735338418
11227.118359058011,723800041798.8777,1.8461293450754004,3.2870240000740543,8165519170.157989,10.681825780036256,6878.833802354443,66.29935144572758,58.332087109998305,184.51999275876415
23669.494469699595,510438058633.20715,7.3379644155288,3.2714919327803473,297203156.49978936,5.808839352503339,770.3930493304966,13.835816758248765,40.2601716691724,245.06004766869975
9768.590648148675,712872009095.2872,1.5344310310602198,2.175784614292012,289610.0766032041,15.482799190003208,4238.663710949179,73.03799076791974,30.0,302.7105087873266
19383.943734801564,224969022827.47754,4.702824072599007,2.0090676668800453,244238.9293629339,10.561363391513044,3058.284726206966,74.8225666394457,30.0,350.1438047652925
13741.678958183498,738843307089.996,4.25599432653337,3.2931787494927374,1200455227.2734118,10.08075417289455,785.5769762014352,27.08529822000231,49.756757113692125,208.79816763728618
4978.814875558925,715124308332.9943,5.742840319562907,1.7920139496390197,6360890.479020223,3.6567561404731994,4518.02960914139,17.05434451692593,35.35746561891364,339.03794096096914
8357.985914359564,266606440443.47058,3.383336575700124,1.6186881433852534,4182336121.6419168,19.904543929150407,1710.4679780677357,50.029935875098865,63.87274870570311,171.26665995737434
16503.201183059056,555971435069.184,7.17902010305148,2.1284859560495493,390154.9984765331,13.19741051831659,4658.080355895347,14.491911940759687,33.71631334797688,297.5758358195299
16984.90816977989,855311812562.7338,6.273247320279056,3.0206000878293255,986132.0176725131,17.103728829909468,6540.937223945493,26.080095326032147,30.0,264.8792750993202
11151.613796821632,249523397449.792,4.309913768949514,2.888399584310927,734239080.6242437,15.206660206908861,3156.7661503688887,45.52962203104416,47.37163842210941,234.26657508983152
6101.817265221809,735980048034.8923,3.827170621831519,3.474110558053713,1727317641.6767182,10.083530565761851,7599.130292699463,52.96680022332407,60.00976634949934,216.1154959940411
18186.71609806057,953966763180.1699,6.803273608734299,2.219067142215871,2167612872.4856586,0.24414515860628516,6134.0835181105485,23.601337824899602,60.280339789552606,280.6022577626866
4637.389519511512,866242053515.6451,6.42089194048251,2.051694629713759,313109.5588220994,13.350070526086215,6436.213863612205,75.29165734287855,30.0,307.48724824519354
23448.407450695602,401520681160.1935,4.0935003771563085,2.2564152184898534,8109825.55401142,2.059849044382691,907.2081945173047,22.692616791670865,34.752805963731774,341.9005157425408
5103.637686393679,607208125780.4055,3.7189171069658267,3.064512522860908,170581435.77207953,19.231227449208312,7535.565936400448,20.75590579980762,53.15255749886075,199.17566145108847
3129.1528893967507,991770142482.5696,1.7527719328065239,1.9285999022422762,3926251211.4418406,5.022836024349589,285.8880271120451,21.3623989168136,89.90329174174101,194.7703929107531
12692.36870795178,568437842938.3071,2.0310970953609466,3.395495968492906,1567022.2218213312,7.37829256239794,6752.722679061127,75.06673331061994,30.0,318.4663633136252
13228.965153687504,115028487402.76414,1.8504699611025255,2.52509866505939,100395539.39569353,11.053610816027716,246.90879672923046,71.51397138410351,34.73923911876243,313.527201108772
12950.726412066997,45431709348.00613,1.6587006612621744,3.066289991548939,521911.0323636467,10.077158603629043,1308.034904008923,12.312860497896216,30.0,306.7528531408742
11198.353488801567,790314719429.5187,2.493670483915076,3.1545236489678334,544996304.0975014,13.12020144317073,2529.60730418819,60.86307250971346,54.347932655575505,242.4172143740589
24872.964874325404,423628901773.52075,7.0714218149237364,2.4576302346755003,434132.48417167825,15.679780002221547,5904.706934365912,15.144210491822228,30.0,300.33472436753755
12413.875010429256,246813643816.3038,6.688035519913123,2.9827427608051735,9997984110.625008,15.164997081697514,7196.369124022296,15.271738070850645,65.48015512739646,144.69326494631912
12209.69122812586,347672682988.9163,6.996230010883282,2.2293886478709215,289290.71737733315,18.16630773376868,5335.325119645798,15.321414149618638,30.139739417331793,277.6102700262455
10833.268536506752,757373109173.5858,5.554702349265567,3.1218560285464085,267107314.02753052,9.424833706638712,5824.870722813443,68.07346848209261,44.87600761553815,250.9729193978488
2137.230990185841,465247870386.4935,5.556410158064355,3.1478060172348608,767704649.4354018,10.706744252443675,2325.284877599399,39.920494281203105,69.43561338728891,187.04168669250066
15027.437463165594,868499624026.384,2.305556352594608,2.632411638876838,1949615.268034852,17.487840236415433,7803.25830550561,48.992064170770256,30.0,278.89618273940005
6085.21041946797,734925853852.1105,6.0432747986755135,1.9362956317460747,1879937.220966505,5.682505879131895,3267.796401790605,12.156956676423603,34.05192256753493,301.33298941475465
16121.420015611722,974014176431.2747,3.320171670658074,3.4404463503607294,95661075.22316048,4.956107673913192,7304.181290955944,73.06241893958398,36.83966974677434,309.6977466853927
1745.4198177376902,888503878286.0765,4.875146643610307,3.3939597403504953,142027657.57450104,0.23201396927958173,6236.241655877687,78.74158636283192,48.74336806308977,351.0580297948098
24543.98398069854,254547957238.79736,7.705696924705573,2.7396410891586735,400525232.1623493,14.782686437361155,2944.4597767761134,26.462499769456144,47.371280356914596,244.70407159313862
11990.624435810469,659059573743.3204,7.159000063069778,3.4677620015620425,79702131.93673682,13.767333904368062,2751.6507172256156,55.956062806370724,38.74996358221985,286.6587499540789
22470.50660397211,20544013985.10935,3.0157577974226486,2.505592592782463,745304.716970805,5.570570372976246,5439.053229281595,57.51620688376562,30.687454193333462,308.76445187944137
12151.248744206901,991106733322.8738,6.288229002051907,2.250968749852065,4175585427.6201816,2.6418136560609518,7524.365687296154,77.63961698574207,66.1982888979284,254.18066678241394
1978.1050550684324,261006847796.48776,2.176589874734872,2.4210060315393256,680860.0910940138,0.8984919434632616,5382.032256495506,43.86363041996626,30.38463236550913,358.29549269542446
20644.23187929827,664795428828.4904,1.6738261573362119,1.59181403637102,67018174.17505027,9.782864613339093,6860.8419518291175,26.6540216816371,34.8659285512828,210.73891490193822
16380.501376844792,849153772045.9441,1.6831327860820913,2.598243696382724,3981202089.254556,3.909971656106358,7730.599702864356,35.21978439982273,69.1648602779144,266.5019726263942
19653.047665561655,160465502263.30872,2.6066021474170804,2.832464881126395,3671537406.452178,15.87827259198635,2646.7210052128994,54.77281971605778,52.0969557966674,196.10660521744956
10990.161655967397,847879494931.1364,6.017164613609654,1.719039947461298,691086.4438413084,19.00317289458293,4312.547285098697,43.07409826464622,31.784820449600662,284.03821917707893
16129.4502340428,12246653545.156633,3.8614883074771216,2.0111951433923396,1559600.9054589856,15.548345674906038,4876.774019944458,15.558520106156728,33.338026687893596,228.4249653421853
21477.610593016885,441977696108.2693,1.6036258532834966,2.942368219701628,102153413.9588614,17.039328098501386,1745.2414788435187,66.51563621334903,36.06088579965387,263.43070368226955
15961.103350361243,472038150493.5159,7.922147103949472,3.0871803567177305,4850892.667563538,19.816306560817335,6382.414649571913,70.4988135301378,34.52452864650664,292.46904545951026
9018.004053479632,374091339168.02264,4.966959621007955,3.4717340986888905,451248942.75331837,14.829168437625581,2101.447254520697,43.4832517158227,38.83661964975568,236.02576165806974
16731.975061971898,586385159915.7534,4.060221398223565,2.006447371781502,40928101.95594265,11.368107161929819,5657.928397243842,46.64292678778277,35.630780481270676,251.61290889669849
16960.427621044648,914842433860.2833,4.872524317817404,3.182878943329162,2140179.8938793833,16.20972403151082,4195.355411112323,44.410129574043324,31.40706975264492,282.33054578246777
24034.38058141231,326989787311.1748,4.879810914080574,1.8442059302283331,11355064.044605142,11.298840737216658,6695.001694831885,47.08223372875823,41.83665189185078,296.90841815307016
9587.351877770896,579260307906.537,4.556537751104459,1.7617567907972849,285466634.7794828,8.678675992532886,4097.324942101932,17.183563695042636,50.8682508697986,233.20700866661073
10914.503304096213,877462648280.7971,5.48416787902231,2.958407162351241,842765591.6261231,0.6984743575901544,4697.471746494741,40.35430211274249,41.98258799792709,313.73096917383765
20397.01254908295,772995622105.983,7.2565730291439925,2.3917447428823078,7043766.4999685045,12.877458840407492,1456.7679480903266,41.35127113299981,31.356378913245507,312.7505619469506
12891.17671119716,40734224072.231186,3.4611389985010623,3.087846996694002,334909.07583779364,17.95548475778221,6467.4122183913105,79.84000345169106,30.0,309.3544955222295
18546.04078133546,942790821336.8982,4.665296048498755,2.065129590668792,5839626.035666287,13.87837206742116,3222.97368835614,13.405722148129902,37.28548938541462,298.4564912268115
11762.881879113005,46647857611.70847,1.5236859752789966,1.9263877541993972,142021337.3689557,8.112718200220753,4642.158384380997,31.84972477715059,42.832084167008134,252.5932806311676
5779.630974411161,588758885615.8552,7.088792828568317,2.5975974876461003,629739310.3899862,12.35714285085793,6770.009541382831,44.71966877692686,52.009031677741085,221.9801420719736
18757.494148134763,575354044961.5444,3.4883752779352557,1.7306209493418616,2502051203.8729806,16.268475659581835,3840.3193173297022,69.30647417816078,61.52507774908194,228.8415027186834
3713.301645025393,786390444312.0853,3.263429839134398,2.057498427982993,6452223629.141114,15.29659068707695,2202.9725078404504,42.286598051177066,84.45958906026502,139.43449043529066
5365.299756517048,148443903405.9258,7.983991599871725,1.8324740229165772,44342571.24454437,9.849009997536921,2130.6053255694,30.370451353032458,41.50328985514351,267.0378273547769
15857.212078213111,179371212692.3117,5.298554101843722,2.140094587544883,2517892682.8853116,7.265455052116006,4534.944795811683,47.46877484046109,64.73196535828477,212.32333788103423
18808.11010470571,752107180631.4277,2.2997810999164368,3.0309974117030962,2043572.680239401,7.9674323078308005,2336.7204044239475,30.791876300885264,30.0,286.57332591568
22419.853228261465,149505602906.87268,3.2259123043082116,1.7414846744156924,62843240.625508845,18.162787458182862,2715.013896209736,48.382503072026935,36.710789448983846,253.9195762698757
7178.369186689347,469445657620.5125,3.7959728237310237,2.7237378383427417,49765071.14977394,3.4385808637435296,1886.0932463972545,58.29021811944628,34.40560828965207,330.92729576545776
3212.7443357135817,731648358562.8417,7.9093903111592505,2.669532140966453,697381955.3573174,17.266442864780227,3575.8318148673848,47.15476482182632,61.40764837329365,167.39623651223616
23923.143158304414,651242277540.7524,4.299040906446576,2.576261258334572,733861742.0854937,3.945910123724336,3733.9967091981753,52.674465131192,48.804193414015856,291.4083040340098
4283.36565654249,210604975508.90906,2.995870923903259,2.4684952069471233,2671251.577323009,19.618750509197177,4212.104888617977,12.710220918438257,30.0,248.61163526427399
5342.841065238668,303960954725.8269,5.203251288183312,2.8277212083765324,2687244423.6657324,8.994441563930733,4746.908254807393,56.116005559549315,75.58158724028121,213.08086597869917
7637.571612182411,968974934266.1377,4.130937777370567,3.203621310911512,2867245743.2983108,14.68193759269248,4707.3609236958255,77.87727762778226,62.532156283253045,190.92448006482047
13470.088173644042,448671171484.26373,1.8572425229221579,1.824073276697682,5510710911.236889,14.601020008337771,2944.342606832289,44.41513278748442,62.54997243899136,207.56847761002265
22129.22636783491,44458431978.9041,7.095977480953115,3.128262644743186,19418766.402946908,15.461994508311932,7206.4256777596875,66.18957626057778,36.46357330626275,287.1508837340113
19133.37755688174,219585679881.43317,1.6019689273414754,1.622951288688104,8651105748.474527,15.798447372770537,4098.135642780128,48.423373819581684,61.53985320438142,185.61655004928986
17849.86006914456,342435747226.748,7.340143632345598,2.464248899685412,840536648.159969,0.8295409071331212,6658.607877563582,59.27991065298991,44.124592010775046,364.6498084552615
4791.92391247209,999489404805.1816,6.647081573411715,2.5229310417817192,184474741.76180595,5.503020548329638,4463.4557392734305,31.69385081992723,46.76136781950168,285.8003002262412
9263.22447238637,302692244785.37115,1.9928508659256723,1.895171663228325,14497390.979048137,4.632704277807136,2971.1994433177947,77.68049034504439,30.0,327.0313746472021
12220.92068912361,26396822386.69619,6.2034720057848505,1.679346210713075,1629881776.6946428,13.986934900925787,5911.797803184655,25.060148768965828,59.575867467304846,179.49478662259455
4111.935860396853,512922064633.7584,6.511120933905573,1.6498219509239462,661740590.8480954,13.68218322777488,1423.911058923507,21.136833601135443,55.9973566084095,193.22119007949635
7199.027702103476,83606301368.5921,5.414995977286449,1.574467970086576,84682042.83228086,5.975818009263625,7757.745757887215,13.186707443959357,55.52074909347074,218.37067179938623
8054.163496844684,274068324628.12314,5.254860201014801,2.647186048237965,9676748081.311247,15.881161571499318,4582.697460724044,47.88333936997986,69.13500635443621,152.6151154272859
3618.2668590614617,992383183710.7631,1.8229656706118313,1.8109492211092117,1767285.962862795,6.266830468359188,842.2836972572816,53.32306373065733,30.0,376.3253046688033
13980.872451752311,704638814291.6355,1.8867264168480866,3.1174094988598826,161722503.77745605,6.891557648828718,3376.652536594458,55.466538112006,42.6726313498956,303.00463358569283
17773.190814842725,50667578616.24107,6.22737622393203,3.297905442066784,4033070.630096983,8.007074651990465,5703.1806150854645,22.056203934141124,36.66338681441804,266.93549979368936
2213.3249711830995,448687269905.0774,2.186173662972914,2.0848163204002326,19463287.673789613,14.9045647015935,554.1966427172013,55.60059640917679,35.27366028243294,336.07054834494767
12287.515993197168,171638340991.33667,3.071986654592104,1.8289328599574173,4951450.830452605,0.28496973206919757,2098.4298917762158,21.557459523811236,31.798320724972413,380.4148070270442
19664.174284060977,122945533457.46486,4.742437859851832,2.3192237512401657,4707344.972616164,18.133981762519397,7395.749586435743,62.849520924983985,32.89205363757023,300.04269574033106
18825.75815933495,587065826283.3887,2.56706387848243,3.2631404025691184,7658267.682884355,13.856495976934657,2856.061819222073,29.26712153966162,38.62507254889009,260.0583975529869
20469.290857359476,505656383984.32605,6.6339571435751665,2.2996383666824647,192042.73497836216,11.752637676914597,1281.7094006966295,39.54321421852488,30.0,381.46511712803186
11481.895512679872,742866841448.924,6.747957154564076,1.7166725920272459,158236.04399433243,4.784766279900773,796.0777398693187,35.70589310663427,30.0,351.3525462476892
20603.648524676588,892306335925.6315,6.973930873195798,3.4693361855250116,421319258.2027502,15.720990694085271,4956.310606057877,35.74061317659108,54.89009560895414,238.7019680688091
6398.4502447496025,246682610749.8045,1.8221927850355821,2.499350942438543,3585442.5225889687,17.462123529374953,4469.483716782046,60.4660437665371,31.24205235416774,248.89283987824314
9339.858754729126,922992063663.4104,4.281175548018559,2.184742942381823,127665.35408831263,10.05585706580105,5185.455621942658,79.84410440693748,30.0,415.0751392925738
4820.711622236132,517992254562.3229,7.004964872643183,3.28724157968841,255508.75327637178,5.884593443848991,7664.7136993534405,46.913082608242185,30.0,325.0592659786132
11953.37121600001,258835659350.19897,3.860926036993543,3.354806987745386,953336.4674826378,7.642039652082512,490.34492652248866,38.07272255646002,30.0,345.0024931007583
10105.470549178359,845785992316.7712,6.022832459099646,2.4936089330173123,174205.26689025495,8.354207701489369,1589.3914352675345,30.55893789472895,30.0,333.38160528261227
6402.714352150649,35530882499.10447,5.330098377235062,2.1134327875868157,5379427044.340775,6.153011849211755,1878.256349849347,53.713476036383874,68.12117376767111,185.52174401239787
18918.62737615415,559509817963.5831,3.756856008596661,2.4652676391243133,69471136.03693856,14.258160911883387,3422.4400667317127,41.582825063840296,36.08044641851221,222.06648941857526
8189.245916735341,721621813408.4316,3.2966313890877545,1.9385639023403742,9335161.783426186,6.876377442999852,977.0004558922944,64.09851078939411,33.59665171966007,320.1421119247911
7183.706088572975,279978407178.45605,5.742830098646143,2.4564761958778627,46085167.389509186,16.4332833217028,3284.8606792502283,52.46823973105729,41.47100292908389,260.84897514366554
3706.813105837129,863492054071.3003,2.3685568905188306,1.9588622113522092,366522.38533183356,9.30063624650886,6531.395083492386,38.834497177995644,30.830912273298985,323.68595455366403
11251.131694147743,240285323073.4215,7.090796374070431,2.744405522157022,323018874.8521345,12.597755597311313,1317.6260410640766,76.71078772978677,43.969911395006775,310.64603415917003
7922.6334065139,839874442857.4564,5.246882367024572,3.01977836213936,7046159521.474031,18.961648748241643,7333.477926350245,10.788520287009728,82.65088415886433,162.89029164885326
9547.18461285373,78545885287.49341,2.2247727833179547,3.4388555765511097,450075.816361934,8.948770742866062,7290.914786364297,58.264161723038086,30.0,349.71339370716487
6281.93293420354,159928431940.83945,6.072929693756864,3.1851409386087672,579429.514220721,3.4484068374503196,4108.767972461376,38.75540198909165,30.0,341.9210500568135
19197.309500587562,380985202917.3242,4.302231574235723,1.6722696896131073,139096731.22218612,11.020950281938628,6882.658888975906,18.51352825830812,43.00293225825733,222.50812825806062
23285.082010190574,854055658742.6665,2.826529199860642,1.9230457598833177,574975.8934590577,9.958676749774442,5694.891510976029,16.488681631575727,30.0,291.1478834354839
12699.330393327748,144586220541.4173,7.7469504040116295,2.563383715757411,426838.85009926563,15.66253684874968,2860.3402550021397,55.452329080860096,30.0,295.1141576841739
16253.461371850399,875438364356.0017,6.177710602593766,2.0151819883779982,225122595.8272189,17.2109792927469,4498.394472135751,20.344120531061098,45.11286313136751,233.89207583723564
21745.7207768643,229732296881.26712,5.354458551631975,1.5287304141666012,123961646.74912623,14.266764405458426,941.7662786363223,69.92532317380167,43.370762127950925,269.7085361750731
24971.326114674637,452508946086.1301,7.017636676885851,3.0095818998220407,1226549.4273169797,19.430521405865882,3971.1413578635297,31.76495904133946,32.92484290131264,247.0099860039292
15531.153875880887,352735051525.9335,5.035153634233993,2.2155440151751415,1305854362.147525,5.420433844259544,6641.532635227547,34.06900025123399,57.34473462763946,261.4597903867578
22299.596930226784,118127108488.29694,4.369558980163875,1.6322000648397237,335934.2053202568,4.821951423826297,4686.067581563248,56.208710489110985,32.445867883798336,356.3715310003991
22760.90204061323,944309795209.4006,2.7314045890946037,2.517672833045273,4601235.86456445,5.861171868387086,3062.424603198369,25.41147176881926,31.424171947940955,300.8408039733194
19890.561451286747,438178852573.9227,2.4970377632681613,3.454417426296781,494695795.2467697,13.434600421966849,5311.841531082991,10.492744677790212,50.43220283723434,208.86074227886138
11792.8190812912,690331571024.9331,4.307800556417013,2.8570772528455217,117356203.37173034,4.689193255712155,7815.074995334083,41.20805380933432,40.65139917271542,279.76440931941704
2488.273010385533,575268101396.3545,4.463834763678853,1.8175322264853573,100081721.21041176,1.813927611151797,549.1774190121232,46.95158448490989,42.60720116191645,266.8560367564638
887.2361082832792,501716415136.2905,6.266531283999727,2.5285911718593947,270004277.6745048,19.555557562654403,2649.610936093555,41.21268713090707,64.21476351563838,154.96367813092562
12191.415515431652,616578006979.2255,4.373552565239697,3.303444909786971,170731487.52112153,6.326484721853796,1255.9546989274559,42.05941934969674,44.59736993297909,292.2719739006186
12610.706071598135,898342407860.1227,5.355534803675216,1.6084873339041768,2351547192.799419,4.486773785719878,7656.0106646069125,56.60172287343332,62.75229522655433,222.91650496497923
10480.378502642821,699312676381.7339,6.9113704064956,2.7757864015298734,69796997.03964116,7.207042594597748,4371.755922442355,69.19821509672153,37.09361467571166,317.34679069270857
14420.10010663843,532480546975.14166,7.956675520818521,2.942545979561795,10148980.353759985,3.210581603995169,1046.0563813047604,35.58538937763018,33.122909763466154,326.6508080343667
14027.986230958464,645186315480.0156,3.596414548483336,2.9080233986290183,676778628.5019717,0.7635678908758902,4901.238767292994,65.30654869890151,45.35677371900357,341.0990680100172
20997.019505300977,606394674114.7411,7.362704014234397,1.8003408370941696,1977873.321240651,6.142402173139169,4008.357317879431,14.387863637174997,37.20971605969943,304.2777183603921
3162.099029925429,433121774365.10565,6.739330667048393,3.314557063430523,628000773.6549076,6.79036556855372,483.9705496201038,43.618259912481996,66.40634695629109,228.80595053471373
6016.8528195858635,624764385366.4402,1.942043487077095,2.1445426654261452,2511423.158518228,16.229773946881746,6917.472164444289,36.33063447243261,31.034598324309272,259.78639195973034
19928.621984510944,443570356594.3634,3.672033050550293,1.6034840467820102,25229218.164820965,8.740953478166123,5676.478136407458,42.615840482712436,38.63056853593955,309.1814946021553
21272.003246979537,757614620257.5344,2.9237792389234922,1.6664418689650973,496554121.7618499,14.748207910327464,51.85797467281686,16.403449947705663,43.57875159011308,224.1456037510086
24873.193233711263,968912514609.802,5.818497770749487,2.4151547635993973,137497955.04205722,14.727466557106167,7677.781292975895,19.718052735664138,43.70169750098203,242.8147354503908
21886.344401483562,959865397631.8717,5.109444385414974,1.5799640041580942,268191.63411364856,15.790391965309986,1282.5524089718194,30.543597216332262,30.0,281.62363103437275
22302.52567327211,820735965689.1941,4.716531841832099,3.0591050355365272,17092216.469391596,18.374252243928645,12.09343657767251,29.14721384182689,30.0,290.5145217473056
8201.524594432669,601759295300.5881,6.463164464749254,3.2316470119406357,1146245912.1030276,9.997695121344327,3423.8997212388886,36.956760777882906,59.25405070772372,230.90680121091768
10340.710033229721,749332238738.7524,3.666506522777892,1.5267463500426097,9634404181.933771,2.123868297797376,1134.8518984610866,42.00812139839189,76.65551395619569,228.45410897629986
7068.0850681035,178049117209.25912,3.9878899210962264,3.1200270066544875,21576942.72069347,0.8213257085119877,4565.48195259511,25.482076122106335,31.62560027981165,388.4463703267242
15354.335255721533,479018978295.4653,7.12662066346542,3.4624129381987956,268923.41199467407,3.7788452727234003,2498.322625393159,53.34543055188673,30.0,368.4829340346202
23500.73117807244,257305507686.59937,7.819355310190042,1.560736322211499,6775300.3448073985,16.59277235458536,1489.572911568545,36.30750931954499,32.739327147449636,302.1181173408838
8943.701719534634,3495977614.365986,6.54632271499091,2.949934489239233,28158854.789592545,11.508272505678073,7882.906337960363,14.209469647298274,46.52642564807392,230.8028074402409
14146.54365609553,966737607934.5013,2.9109613360519706,3.498188157595274,232885.6031231244,2.84535897409609,2668.5048391973964,27.058769778008642,30.0,355.037400070899
7759.340946110384,863848698003.2795,2.2322356090650075,3.0942371725879085,2095534987.406354,2.696092946994544,3323.7187851498375,49.21031056970761,56.17493399540714,245.05230331301868
4660.099357431333,513699104771.30835,2.859833460477713,2.510714006070275,49426006.79424021,17.835483611806275,2360.978708796643,52.48140105604584,36.94758886189749,270.86946663418877
5282.0454805570635,254153033966.7187,4.247948872648827,3.2696459441462493,12038655.511436747,10.424605676441425,6697.525979185958,65.9762608888185,37.060308617160445,281.05369154013675
1919.6609411841835,692975517224.0265,3.0385306803596484,2.9158648498050717,9681051.335531723,3.479358266709447,1582.3047811042711,27.183506201879425,39.00413470514224,318.63045049815946
23757.691313726806,434801649748.84296,7.356767462468076,2.084903300920793,138529.63317745875,17.940114916627124,1029.9836483289366,49.35504622425579,30.0,333.021041240472
10370.550408436926,803349730073.166,5.859698861488361,1.9486395641545395,39298693.017799884,14.42850712742897,7052.847496727547,43.32736533707811,43.78949920865433,273.0981737222996
20935.96185405165,999518110662.8392,4.208740091089592,2.525088785409241,23871538.41444747,9.58148577090412,1475.044534136118,69.39606219062684,36.51150816392498,288.4250564797448
17192.572080897433,349083258407.2626,3.2797762636001453,2.2459810480432205,5363228.311782039,9.328055462488468,6864.924687240187,61.099421477074046,30.0,298.7575448616537
5202.068454571592,244403799075.00427,3.9742965334162683,2.158935981616003,196510816.22300112,13.469403259056495,4629.640311639118,19.238982041911207,54.77560564458788,208.4136516015811
4798.825041187652,267383221412.26944,4.594328869883746,1.8558496334537697,11354322.51014237,6.79926844892854,6588.739940990091,77.11419058368054,34.266223495635145,321.0527483866635
20393.71093700835,93347152334.42627,6.139845289142237,3.1905720063433956,72247033.45867129,19.99820776569193,570.5629798901067,34.86502473924334,32.91885499794525,241.08718742736713
6985.436910178665,394046802453.95886,2.080720128487713,2.9100290012897534,2662024964.3502626,15.701863766025392,7709.331066964221,76.82139721545569,61.114340140473935,174.91136173241193
22875.487000698406,17426035291.85659,7.017414108628147,2.162642939317487,6598321.987374012,12.83714910839115,2405.104038104013,29.965473346226098,37.720846333226355,233.02202420469493
3931.3574148925204,114396443005.7182,2.32914020234617,1.9753341631703736,9763807.275620217,13.764676187812599,478.4293064993291,42.825717751420974,36.38805433132303,304.18313424395575
17103.861054134504,271696475576.92303,3.2059255328208467,1.7562758260172717,2135599725.35508,19.92187328767881,6121.437489237521,48.53246700539391,51.53227786724993,217.29862091669565
20454.60996275788,159863616046.7048,7.958334322521795,1.7250259093447058,6172621.556581091,0.26509380732560817,1435.8453810785363,14.451419200184382,38.151159273495914,359.3055942366252
6263.781516183302,732159367341.6257,2.736356121287632,2.7509563704341797,15733106.965863049,0.5053521468077389,2815.3838791785997,60.09659449577653,39.739653674403236,422.30153569121603
7267.080404685868,105605685263.10944,2.157424220611247,1.7176343561338507,1009394913.1895858,15.711306008236102,4761.303526171341,17.329725512455347,73.69448309116231,176.60503581036704
24130.71271041044,865994239030.4197,5.649634462472189,3.4204252479539345,91061439.62578467,4.2273696072261755,558.2449773532454,21.49139439781203,30.0,330.308631944395
6982.641330980878,221115282596.44916,4.055339019032962,2.058270203224134,4671208406.855592,13.71907297756944,1623.4491033812833,30.316954262874255,88.37824193675483,170.63889333514126
11033.947722551171,108591508380.95071,2.0969303227453064,1.5516097211636632,22558732.833682004,10.091641801315543,3917.687141847617,77.25224060948938,38.055983957137244,310.25561364720096
11096.63203443797,10107634324.614096,1.5243257842687927,3.2106594476863695,24838881.861852333,6.407469005023477,3381.004733327745,78.11813970279779,30.0,297.77697722559003
6699.351373277247,715205289117.1421,2.0145502464796055,2.2351747917006004,163923.739787121,4.665233300429474,4465.011378954739,44.25215095754931,30.0,340.40859768236135
19506.881617708717,256617489321.79605,4.897781262017393,2.1859317659499196,969428.5781569361,15.546080579750454,5831.776513421715,47.33247743852214,32.51596461458172,318.3386718743022
19410.3089091143,509499095639.1696,3.0008041433511248,1.7372412236327666,50118328.717186496,3.4610891990210058,2830.4082571397635,24.829018214648194,39.24803322695634,330.6759320052389
9768.791348482748,111616935056.10907,6.554088873073174,2.820844116437817,862091.1462131186,3.216484174648757,3241.2014986071235,39.26291518772365,30.0,318.0590157262567
20960.581881477974,985295937940.326,7.073806114966329,2.2175867431788667,18531773.28256582,8.866555568880337,2186.3270803667806,78.90927920472916,34.19854101710318,344.63115320253837
5720.335892775558,125385613685.21622,2.441414615149413,3.145989059133446,2609671.848171458,2.429572088770781,2724.1790733506396,65.35544518133669,30.952102455399885,341.1062368287405
605.4915038581269,411926514715.9516,3.690629159774056,2.7612366072602583,127076.9122140454,12.848161469173839,417.7230923637541,58.8179294486605,30.0,278.4835008311457
14493.600370365655,851649650684.9636,2.4527318155432836,3.2598247051879325,23743631.186865926,19.839817052241717,4645.191819788724,29.489043994604284,34.83358278045298,254.61808047025013
24854.905425083274,244887703593.45834,3.363502573282657,2.7451223159761526,170353049.093734,14.970870154051113,1390.5020159942046,63.41414743613016,40.96290411462595,283.96902139812283
1446.7855907586727,266972518374.38803,3.0548287218787133,3.0585564594394974,4910983.582918325,12.08453734077193,5733.1310349056175,77.65877350426832,31.83348202990721,252.70207440648338
5595.952805857284,808499707391.217,6.614621856091713,2.8930785698094503,763193754.3764559,7.9230379517740674,347.1257952413682,79.15672784153072,44.639639050150976,207.71663396273104
13213.408740933563,273340383852.3555,3.74561790709143,2.425184849281332,537365.3436062085,19.76039368222319,488.40875300862706,51.98545062763552,30.0,300.77053203720436
20343.548042899332,2872308223.5018835,4.721171191837146,2.8773479839211022,286061.016213873,17.60486785501203,2284.668566096144,21.251243344895105,30.0,268.9128865264505
2681.5291243388037,427914292576.2293,5.88031818557438,2.8272340351166867,4722886080.836005,16.420786358598193,3512.849918320894,77.48490398041238,75.44760453175559,184.6433913427785
10183.24901709291,12536197143.265312,6.844668219489213,1.513407239852249,4057726194.359857,4.638633259542133,5551.93073344531,47.89651244579931,67.27671738716704,205.3679304929346
18803.357115432216,909792374037.083,3.4578590870959367,2.8972758774557033,10782544.086705359,2.515434838411363,5540.545409087331,12.683840352155322,35.5604383319204,333.7363521235983
9602.80860595586,641813582365.9967,2.8599343400761246,2.024319003645692,12579385.899562094,3.5999243815589166,7787.29888598821,15.704791790098241,39.5775268334493,302.9062734823363
5126.492301653155,583014683206.976,7.859946929413139,2.583645644000062,1799607933.1641798,5.21084743360214,2819.639448084932,50.40805546565917,61.749455604922304,243.6359171723614
5289.64777121639,201590309272.85223,3.58095904020873,1.7226647768217098,44937156.731859595,1.6798916007619085,484.21422408355284,68.4705685980763,34.83993126158864,326.0254665548238
10546.19527941736,699946485482.4508,5.861942644675691,1.5460450031446802,385095.9412244279,17.774025466899207,6891.502484678433,75.90649995547352,30.0,312.7576469410553
12245.718332744333,677254966423.702,5.905966764405727,1.5302394175511405,375290.1911988103,3.744761578343741,5847.794967364172,76.11052776510277,30.0,334.12864212518485
21614.453236492343,60464513461.791016,4.841191396397017,1.8163890247458718,452536.5812048812,4.570861284643597,554.2941927282435,50.50301176883251,30.0,394.0977923633784
16235.184254915841,880846649964.0417,2.9849083956496205,1.5397850132203033,801356975.5608418,17.768759197150732,675.8741269579431,78.69864476485435,42.119099468180785,263.46220837614146
17414.847885629784,579413783516.4426,2.419473236202146,1.764794841702037,102207161.67652108,19.164956858554007,3818.321437289667,20.47172658848661,38.47653968611371,256.21237718419604
24583.185702629722,792467088571.7291,4.665604941943802,2.618347210717949,3153776.8107406213,4.474533457426855,2739.7431541770216,16.6267355469344,30.0,311.5464597645654
10590.164287373856,262914809214.7721,4.82104198862395,2.300545663145992,646200.2207116442,5.918972655163012,4775.012654859133,12.119452105088152,32.87188759385287,271.5729071630588
10382.182879603643,122048677705.65439,6.526883919036185,3.4614962451813067,414302.54696131736,16.012052799858857,1761.0957063275534,64.1892475292915,30.0,316.6991853553237
23122.0007092824,702449870737.2114,6.113917385689258,3.1173887204344046,509257629.2295705,19.40676455690588,7675.119605671924,74.1617861940692,52.80215080829001,238.47029723754622
6523.951881623936,793882892372.4758,7.428268312433134,1.793551508977261,2687279555.2620153,13.011038140878751,4101.959047702552,68.78835955838585,73.6688644381425,207.98140448132818
18380.473534420235,386034147585.75775,7.810593652269605,2.3335787869221107,45226391.03054985,8.879564448369708,6008.2434909324065,75.77453333682107,42.998604049903385,286.5925841703935
18987.041886344297,23693251624.035923,6.231033620297015,2.3619415931266414,730382713.570036,13.507861867703983,1015.0179654582319,48.364749487679816,46.69966311526225,234.22120696085437
2895.8059374133554,818254206399.8398,1.997323117396647,2.224233557902571,2604006.2661281386,15.616656040798818,4939.231082644134,63.412900964379304,30.0,350.9214708169962
11971.669439492809,206094700236.53433,4.133269009911167,2.491179561351072,84784988.82664868,2.2974852784862807,6922.786525691832,33.569691130679544,41.07454900170534,331.5512379175652
5413.780547378074,339032602865.5463,5.4572154039644385,2.8397490908909306,15495094.857097968,8.734202183295558,193.69515242910293,63.660522571370706,30.0,347.91732951334234
5041.6941836608985,628231379546.1224,5.336267964424724,2.781779431319306,274454.8823098602,17.153176168203984,4324.489700935799,62.71321991295789,30.0,301.73185438123465
11863.788706340467,99955619256.58351,2.6793846078988883,2.2141983282671065,27342226.232116252,14.123222248618488,1981.6253747178928,40.49220141945308,38.969732329676184,248.16686085683256
7591.027833947592,71996694142.697,5.289140741430664,2.9100912462970454,1713695849.918204,3.1177974648002715,3832.3264931822173,13.06359547054593,66.01095147057491,233.75811208968207
20003.48096683384,25704745871.502686,3.772923301229387,2.078970797326865,181515.02889521862,15.116503185493299,6529.8010851179,28.638407109952052,30.0,334.19230475216153
22736.31983906682,916639943599.5952,3.7030244914841535,3.1709356884527606,24295726.2104829,13.365450226424347,5523.664887198156,71.96295263920348,34.933214445577526,261.79619601129167
20166.65482956496,311383432885.9114,6.9210455344580355,3.4287440865280514,2324424157.164562,5.329742935045316,6038.448047101194,51.108666115569264,55.46660510230572,238.16924718494298
7017.756379230798,660659154458.3168,4.2425655313434305,2.0894733088977904,891989305.3906473,6.912857502031984,1701.3459871415953,38.35652735890962,64.07913394812843,207.4497597166699
7216.292645370905,989235259782.4932,4.928073701418942,3.0693771055408625,29325802.022140693,6.322409573736266,6661.834234107007,76.31767306193545,37.39493027610965,322.41349158587775
6740.844577877951,669451124111.1499,5.158673596724112,3.1268516077154542,718990.5732039694,19.865308319204125,4915.797007769354,35.650932755850405,30.0,310.22096126465874
3808.4333533777835,525095270761.38416,5.1594790690355055,2.481526749069758,1748360481.3536036,3.7152414277680093,563.7239177117342,32.96580505567025,69.18505015138985,206.67412048422167
23623.060018540924,520920412597.305,2.8852898395919184,1.6754946233060883,583005.848916034,16.596835250373047,6903.047697586496,63.93472150840722,30.0,302.8826797887094
10350.171054848199,376917771538.40326,5.396446860468546,3.072363780198568,2421606.457153466,10.63617662249915,455.4843711508762,34.87132409238592,30.0,263.55223874058953
6004.892126373907,599780056175.4293,3.675053458136777,2.3149564764650394,418192.22796240536,17.616407611918863,239.877244226263,41.236325540898264,30.0,291.6321133087443
21243.440737451965,958791430754.3148,5.757631914875103,1.9161425510035042,19726297.206475105,19.638129648072024,6671.639948585936,60.57206226026348,32.27399216947853,309.7112269393466
10280.284915115866,788044245654.2764,2.4470343932772263,2.753300465121559,139955393.56802976,19.22360770404787,114.05941540955983,40.108412694717416,32.24308097448272,274.3756116660403
1360.361872186831,424227192806.6205,7.961751365118852,2.3738762113615284,1366443109.319108,17.092348353259833,716.5884135060206,32.56015590611423,74.79727691882623,171.0042268320029
4467.568471115964,332445496587.7042,6.518281394447071,1.6751448973603642,20262267.37632818,8.300765661949349,145.45448354784392,11.077218537697156,36.40327394726201,265.98559615562203
16161.633338726166,883531646091.5918,4.212134317647999,3.4673492581334138,7138407855.927464,5.461875190259241,7043.427152741368,70.23987654493953,70.12915644730471,221.17800083160276
19681.17921720724,135786689840.76817,3.458787030617839,1.9893237404882906,95342149.13873635,6.423972984178238,367.1169528859558,46.869265510883885,31.621485216658424,303.11355986323275
5667.892517973467,849585407379.0448,4.020713226315998,2.521930110959291,105208341.96530002,13.080103726208575,2987.7117177280047,69.59323108255509,41.52170104114682,264.9214719602064
22976.191937020485,255077506265.571,6.187853773030187,2.8345765234620472,752385.0338224036,6.870118097149373,1743.769035795733,53.248948823386506,30.0,384.7217545252344
21349.42944127803,715629520146.682,5.760150697299673,1.730178728797383,892442.3530197399,8.726028445039553,2739.8714925752456,24.04664672112704,34.59442251751187,292.6398874825975
21285.328474496484,806220774554.2493,6.063601328003818,2.9788201877215177,76406584.32019499,1.6407410457259157,2331.834989583135,35.42126657079822,41.44942204278594,334.791852403072
6077.698096580746,476997040266.9553,7.278494770435005,2.796577659678251,402158283.70145315,15.431681871675591,7104.095089068267,39.20807232300301,56.072548186938214,198.53984404386875
1738.1317219264138,192284783858.2982,4.46591897101766,2.4875057946136034,1055682.7817393655,2.273813710626431,6151.957389670445,61.780819063138274,33.1286604060351,315.15530553316745
21751.8767173233,844767898694.632,5.8518874649098205,2.556659983337362,26308033.63663216,6.773679719189689,7081.284838405632,48.372123472071095,32.316899475611386,323.0242170488736
7992.105604094901,367508977544.9697,4.369801707239144,3.409590054880655,6039490.556654085,11.829157745930555,5763.140497923589,54.55524546240841,39.04169625101308,337.9409281822487
15663.451338751383,320680939802.2588,5.647637507779197,3.321795674537928,15624955.185744325,10.646938278933652,2649.481240784073,62.71561185789118,30.81770787814065,318.61050859357346
19119.188650667886,510016672337.25726,4.586353640259157,1.7239666477425746,1290193.0261325743,17.867954720339906,1494.9025052548593,29.170292732904358,32.52118669320021,293.21277157660353
3643.184833522444,435086806017.6766,6.548313577696305,2.237504106133801,505375.6584275978,13.190828334154931,4242.938048347946,71.73942587842284,30.0,371.1346748121936
19630.539685716674,683052533986.5072,1.5341908013442649,2.533542863539237,4004102.121306063,15.791443332613055,2859.780149795124,41.729386497541014,30.167364280615455,299.1629782023307
23493.53074454611,137198671174.85701,2.902121212633582,3.339951691803563,2210972466.0092854,6.1037462120094315,5150.869853053645,56.27853242276195,57.723990656901364,268.64821994744165
18345.18666078702,435690218358.21893,3.42684456356109,3.1331266589080915,1062010468.082084,2.6885338689288214,321.0714109643998,25.27416090975599,49.651405063888944,284.8859724004128
11309.957337773672,891701919523.3927,7.645064290632256,2.2729654059888285,322307.690752242,14.879433482073336,5706.726410449971,26.336065199201315,30.0,302.3303125963426
21978.61439941672,36063673377.01601,4.795800384284966,3.272420811021291,274816.3463358584,3.113900611484948,2403.477824212399,61.44925824755561,30.0,382.6262163812622
13422.711936777694,457338875814.9932,3.868287219987918,2.2563155912642467,29157893.415530264,16.69161576425574,3703.301632569071,34.52842537196341,37.07779020331869,279.4197342988231
18746.887731510476,660532305853.2438,4.128028751488867,2.042385871608619,2437311.34884017,18.863197991767247,7829.125506580658,71.31704374244137,30.0,270.8856682731904
20602.3956245358,887711199330.8983,4.436844842311485,2.719785253115199,1309570776.402377,5.694410793952006,1732.4478024379973,56.532296274476806,49.12064424956647,276.61554963999964
18859.145111625647,593786633146.9489,7.1408975357408115,2.2118035096296067,26971549.54715601,15.2320504929167,950.0681060118652,56.58002426821466,38.16705268722871,268.44156182688465
7552.444463179772,824484446755.0573,7.755183126920896,2.744815119845171,1834588649.6509252,8.774899454919808,1686.4127480775019,36.61871130763885,64.63836844298959,217.30492506148488
3387.1755721928616,222691796268.2675,6.987070158311499,2.319368150090449,347531.43467693735,6.014997047524531,2818.513169969779,73.18692238362084,30.0,431.07079058433806
6339.293969370473,352810083418.42334,6.970768962223165,3.091538279253764,7085742791.5934305,8.65130950093795,4294.519962875862,76.12476253411108,70.45183566955944,202.36215390819322
12820.435956018655,942132331795.7687,2.7935982212104977,3.4086219467478265,684710062.627268,12.953007310659007,7842.007623324139,28.055747474496762,51.219791364024196,245.0036182987395
12879.284596180849,885975227117.5732,3.2464074664546594,2.040618357742858,456439073.691256,19.76196205064544,6960.368229411798,46.01937995751436,41.224549722458995,241.17885026519053
14774.786558206171,557953424735.7218,5.374319673627644,2.5200201684885633,5024360656.156712,6.035872486828755,5722.501998958239,73.48522932256348,59.275521734810305,186.3545004128512
10179.995019923326,475488862306.50745,5.764893187368521,2.948864870605177,22465376.48662033,14.133566737319816,5767.031063502437,17.089638156534885,40.54086815511412,249.5395163692034
19778.83884552568,451067940387.0671,2.8175849273995284,1.8170381904142994,555193.7523417638,6.730658558056465,2277.4293374442345,30.83052989923963,30.0,341.2707993228469
22872.266883506592,58790602777.35447,6.350832172852363,3.0918122961547367,30514322.31105637,5.065311793449641,7424.473433188509,76.80985629817773,36.90761470189736,267.1391360657019
6544.763810247046,892377211579.4629,2.7997630939773144,2.665943923290855,1191569002.7969463,12.655250728042597,4321.021764933548,43.94815117627542,58.91206371140055,198.86897969992438
18544.818833696256,818149690265.8271,3.2095692028311924,1.799481047824163,1984791058.7733603,15.237696650897147,1308.5397435277246,76.60760245360598,53.14093375637474,227.46471787345183
17110.310387353595,456251688476.72235,3.4941709968804693,3.236459173608175,27715870.79843505,14.361851332802729,7602.9171031288015,36.61177950760374,38.81376374798006,239.73520867468326
13315.717232343217,279440693279.5007,6.998944207187061,2.3534025190516186,458681369.865787,18.854584287936103,4057.142064689509,46.924974762279064,48.49302076425157,212.08293241176997
5118.990729916925,342921263505.92413,6.258545329660741,1.8532386918492976,1716973.140007278,2.1920149570137597,1252.5420490197473,41.788602167767834,30.0,411.28326353736105
19983.190335276384,123161462712.3036,4.9494553322071795,1.8907927286773007,1421461.8539549385,10.836240098140335,5884.505008691441,42.00499200762068,31.78938709131295,227.1585927643876
24035.343997906402,721790019515.9813,6.828370437876819,3.07101279953265,85368521.89073303,5.852333677460108,1877.9829510094958,74.23990492151081,43.95877145163963,321.37703781225184
18184.99013972353,556670299885.0011,6.784033607683503,3.371432321169957,12845642.871271674,16.3482937185011,1509.4588434918644,58.62499799498655,30.0,318.331550088059
22987.569917330482,234104188721.4721,4.033915123666702,2.2564998445082987,638648.7215068635,1.2874297073237146,2148.0558921176953,76.20120333934298,30.0,429.8836403545988
24612.538991225993,623005949072.1177,6.57934236866823,1.6576561506144656,640932750.9888246,3.5572788666472017,4630.428820494652,33.06724042776293,48.77334448482044,310.4365331990516
9125.241518861336,979230235024.7605,2.840578018010774,1.7016461589077148,45786478.0776351,15.451969806855141,2347.7897822247437,79.57257219572487,44.23418008186608,273.70013424518623
16136.477046695254,122396013081.04372,4.770987524710811,2.808957018387702,39990933.05668246,7.125094343191748,336.09965534303336,59.53651157371467,30.525057109315018,292.11461887144
12111.35207213291,458485552140.31714,2.2685712475263573,2.241503421179351,884194.0709968106,13.651912250556446,3106.101466158898,19.19171446134364,30.0,285.30179845607626
24672.404298149137,494159326763.3058,4.274164156343177,2.3522629946915874,1605843.3638377234,19.970188270246005,1882.75694314968,38.90601740843592,30.0,280.48852760357306
2798.2916881892606,166798047026.5886,4.8823775034867385,2.1740947562968778,290763187.99280334,9.223989606199797,4096.46426221804,27.406745935292978,53.435654183369955,191.89440597484145
10603.185400282004,531580679417.10376,2.0194693264544568,2.431077131979156,1817671561.5849,10.683035595344187,3681.8972133623183,26.482154348451175,51.87283386671431,199.01509306510943
21950.706590917285,605977652570.8315,4.506982951256374,2.7870989057601294,769238.0071371286,19.507794861065225,633.8837685548623,75.06869863603355,30.0,302.6566065982551
7459.257107899628,157345381473.95648,5.735858529240865,2.582278327809572,1152732681.0011218,14.940550102721197,1970.0592387787526,77.19646458842692,60.23991347143026,200.8032837270822
19800.92484065238,154724744284.9774,5.491573525840796,1.8284828483029552,871918383.6051577,3.9753020996063437,2259.059384482916,10.991669007612305,51.35989068681385,224.15267365051577
9878.187488116264,856348859285.0404,1.8533002712918705,2.482577303887608,1187296241.1510425,16.09578930565466,3883.0456911799997,19.66257171252256,63.833931957042445,201.43596189794175
24509.474227308878,311388125282.6082,2.119707958403307,2.421226118212683,81043664.3963735,10.341375312964896,6579.528473578182,29.44916294798802,31.895352212744204,242.0351299037566
22146.480992380835,630333756745.2439,3.7838155987084168,2.591474496107282,5743942.628590214,15.75801978663453,1756.6355617908957,69.34147386672505,30.0,274.14578848507495
7882.3487627340755,626773448902.1384,6.977457198954687,1.7213400620807677,716315927.7653227,11.991122871197078,1273.9115078302575,52.777402400403375,52.16724929284639,204.20955519368533
19369.73128167745,839171036411.7594,7.153414345587856,1.8070542460854704,25103085.64933823,4.5852624843918575,18.162404365734112,49.579940402929715,30.287374009228344,360.25044846054834
8752.985323915083,739894891336.8922,3.512483653101519,2.5604883562158935,1286235.2486140353,16.298069609365495,4855.960481493308,51.87920499726769,30.0,314.3848953279776
15355.88958528061,840576592861.8444,6.172798554069467,2.050870085099267,10278596.102400186,0.09042934791537938,2611.862449486612,76.54109140204919,32.360509715820676,564.3893701338518
16632.77882563565,625215164435.876,5.25303885028568,2.758063377422694,19434984.848947037,17.766202896185554,5364.5412665907315,29.30533071215296,37.96680105881944,262.8059605625297
20825.08752259977,449457711056.8335,7.892244681936312,2.2455027653583204,33629914.560692474,16.38125405325699,5524.237731452441,18.632547640133446,46.45850438043497,259.49803521375924
1099.0456016093644,393567127746.55334,2.115185429882996,1.9414694953308715,3074807112.895409,19.40429283586138,367.1811596882573,52.54707577171328,85.86100730127711,148.31185594679815
5893.868333231342,379030387631.6692,5.0612248245616565,2.812789576654657,11371691.331847519,0.7589779271388635,3353.1094602691164,77.82083546378435,33.57558672415774,424.875683530591
17941.986359420178,418393679516.0599,5.35149471766315,2.2878153392850287,2654936.1759546106,8.780808332485156,7744.18175191238,59.70029843400496,30.81300517605828,327.59855944723915
14306.319305753665,129310122844.51816,3.499845711182255,1.8152249410194492,6482459146.502356,3.4241742706992366,2208.3989386752723,72.44814528452576,73.140575441142,218.155773992466
12642.324415928006,423958947044.796,1.80519610869456,3.1176179585405803,1620843.0183334104,7.511091239274926,4241.107973496322,72.73328915858522,32.76347253259037,307.0717064460563
1852.6439393455212,389445517757.7139,1.8386794819708692,2.3635174238812287,113653.14388094693,7.227838626107559,4307.13042939053,25.347996362384656,30.0,359.653980915441
9032.759144805677,34572628746.56815,4.4485173523041475,3.330140679445287,1774618851.320118,11.97134319429154,2091.8045465414675,57.99189189908304,55.131668880704595,215.22089367774362
21694.955681810883,275131480195.5847,6.001079631385474,1.886801857030805,5918734429.454896,8.776728375948194,6236.258387596364,70.35546243887632,67.41638764387206,236.27076492322632
1256.8745073827886,751907222833.2421,6.051142607720329,3.2527004692129466,257430344.19688663,19.313185610411505,39.42607895640592,17.09386211016097,56.13675333563882,169.68953693208655
10212.687766437897,577945993464.054,2.6763040231918573,3.1318199413981382,10920644.53078608,5.591586728607609,1822.0561496184166,55.60348050889055,30.0,313.8108959017349
23656.13304793393,806167690588.5334,7.076818916537611,1.7078316481764617,52332734.23502625,8.404071671615728,4744.292916038353,29.04022151232316,44.738659427961906,246.4680466031122
1746.5779963528585,542688501692.7205,3.951555768803342,2.5633626313006346,1445465915.9794493,14.02806326640432,7339.176396966782,67.51693568255604,75.82296997852833,181.0853632279741
18867.7909005936,854083911391.502,7.768391362820716,2.8073657202928937,2671170745.6687884,5.567039850691646,86.1539134602827,25.624533053107612,56.89504238172669,234.26409328345704
6811.509096459893,796067303534.6172,2.2680376237666393,2.49096438945451,325558.79590621224,14.49003133203854,4810.934214931966,36.13943493640045,30.0,289.6707273256973
21731.916387764973,98285471857.67697,6.936955541130632,2.280526168371871,2187678940.8999543,14.188814236695155,36.90003706731518,57.371981394260104,40.235626374562614,286.3536127799969
18778.665484504443,977006391009.6244,7.4041979960954105,3.3876842547274073,122109395.44374473,14.259152537170593,4986.311494953763,48.90783115596151,38.7586200547431,279.0969990314737
22199.77668602989,14748432153.881886,6.847390919934254,2.901641719484439,145008.2664574552,13.5177746930377,3298.647333073725,18.398321297542246,30.0,312.67084888867305
5790.157365566017,596838441091.5806,6.757467417797946,3.431739755128982,348681.1846606614,16.358334083385994,3481.289845248072,25.770659820812213,30.0,263.56021379539686
13516.672493055821,792511716805.2529,3.8485151001321425,3.192460621706383,168916.1088905332,19.89888734678636,7740.401895808747,72.00880441761801,30.0,274.0790592686209
19592.113617582618,331894807956.7636,6.136730193686325,3.1342627964323118,5530862514.024649,1.1539622825584088,5461.148285800975,79.21457139588139,68.51656220573743,306.3291004875106
6519.643703377034,598570193727.3656,5.265752679073453,2.9512645806000193,13570302.017771313,9.96807550542103,1579.3529151337023,58.5780428057257,34.660591192408226,252.1305577052591
6153.284479046815,362123168724.9174,4.25911435430292,2.7921584842905336,378510694.2001956,16.270964553890664,7978.7243465241445,10.683527082060394,56.35679320769682,186.5442721207836
1165.962270690833,60615914392.52689,7.955226024348918,3.273724182224724,101996.83760432809,0.050941836092968165,2060.8550776041848,62.0380460493817,30.0,569.8073752808864
23983.62470239858,8462510627.811815,3.387955667943279,2.7268195453261264,924399778.7853608,10.925807227867377,5490.395513052465,54.997790940984466,54.78581465339415,228.57553342171866
17895.41356133827,94862935249.15822,4.185436144220597,1.6505768018503832,25714432.04923332,13.212974401311133,5445.557013614672,38.827424881071124,36.70264315385044,259.20044636192944
16071.228673249529,98410495710.45268,7.368596742697763,2.665127037986603,4149667971.809684,3.875266337487502,6799.3028889321085,25.963206875950767,68.9213293651396,200.41771516387186
18727.870706027275,610890166503.9725,3.378553814125782,1.7056703031735494,40224203.78773369,8.046369041189035,3196.946333168163,21.598849785078897,39.48102615059536,248.28555595208124
13524.516508038265,525865705097.2823,2.4924274238354958,3.3986021402448534,879024026.9975798,15.799551311430406,5570.756459871714,15.847580353168645,52.56106579777403,211.82983159582267
12165.278616715053,455463844709.8419,3.514998372851653,2.7933379522025725,140389121.62952584,1.380320284713956,5011.269180298524,54.74892628548566,45.84907850407368,375.71317832546475
11513.539907526261,691921783680.942,6.4355259011616415,2.6112925668267133,40058286.02620834,2.7405913260156427,3496.995408770688,33.60922015062415,40.4646542967734,276.85165381725415
16190.760696539211,16827120186.311382,7.089051063064729,1.8956422654661755,5510879873.396101,16.3704859592841,7328.499805012621,46.2609281373934,76.70135279988051,187.0729943003093
5437.606897113388,270984210432.2495,2.243892419545347,2.531534099749561,30060493.81494017,16.19364981185723,2022.9174509004133,46.76458575888745,35.06632008552673,280.8809384614682
22257.438027864308,777392953894.8966,5.541132426986373,2.1850620076586846,2896955505.292481,11.828547106492504,1801.9458748986212,52.511173865356405,57.34305022867104,235.05230460598926
20387.933094871994,909977196540.012,5.187364886365829,2.8507723360172816,151491.4598424442,8.35292371175555,5046.802159088463,51.618220764393506,30.0,341.3338577249759
9064.30848057483,438337157900.98535,5.847185605836874,2.7088195949187144,193684214.32820377,2.1577523142926975,1530.2304398441806,46.33537203466346,43.765004237680536,296.57572887383276
14675.927771906847,81484898654.48622,5.861866412324174,2.4986141800141173,3616661775.8705435,16.238174012237394,6641.658506384389,20.858243516311482,65.96270476782178,192.97771167444935
3955.168848775358,798728940499.7488,7.736538556732434,2.0054820028887015,3136004285.026018,4.872819954750054,2724.0052963859353,11.893021464222477,78.94111325102477,182.66197474056924
24322.48307437315,885170548102.3003,3.7524398547738054,2.551486260802243,26623684.15839193,18.26815760871038,3374.5848067016855,50.332936073600905,31.52839769309843,234.3715071789149
22620.870846941947,413660857033.4488,3.4484849912825624,2.423393771490449,22934317.99180305,15.527967814077801,5461.70370215826,39.625399923795385,34.61577466760857,263.77220913592174
23086.48890923041,243356010565.0231,5.277964357841864,3.2025317549246513,1128670497.5431867,1.6646699649244039,7081.962527075376,38.70830608423803,48.48018361581013,297.64720659591967
8637.994668734565,43972624251.27707,4.291219985051301,3.2886746827255697,4732377.9869014025,12.72808744409228,5522.840171781335,40.10459599200975,39.38645450202115,257.04789518530407
4643.800330879965,591083230812.034,4.579402770031759,3.0184983082168184,4850730268.776036,18.416488765138933,762.6997475231718,17.94794140838725,79.82040869799565,156.85122010219877
5688.418004924603,909869580693.0087,1.9503004577792031,2.139279913224622,1792340.8486732356,17.589405626714854,2711.1072902250294,22.548757335141698,30.0,284.3845005571024
2705.0340806047016,677888347632.3002,2.4635741501983546,1.5761790208363073,235499.0375472123,12.286389940355606,6003.002696710835,56.35081053326396,30.0,299.6408242244876
3442.7104374839164,317249280646.1365,7.579937087853602,3.350671918487757,723801973.7570392,3.4805823255613215,7262.927632460975,45.96470315366268,66.7647001024193,231.75141456144416
2246.961087528712,642888681401.6426,1.9438944358557912,3.4840245033173387,10558963.231088385,13.620824375271155,5074.278673036385,52.67636315685971,41.381835418299815,252.60920051833665
24750.6651955194,832068575379.618,5.335946352424036,1.754041524645016,6010171.19639764,13.339534060885953,4773.278684744402,19.053843590825252,37.2048388315261,245.4342468496196
2314.413242542303,475830583519.39856,6.404737688616287,2.871232047566405,4022997.603832081,11.795257628352005,3039.964266902757,66.98977350895734,30.0,317.9572287839838
3747.280983309634,819748670249.3485,1.5771129348653787,2.3502930709794407,7983827977.849926,5.351569920217844,3829.6327611235956,36.08478078844256,88.56902443618762,190.42106342302748
20767.737591973044,391910284756.6774,2.9478629615670013,1.797040809678159,72174413.82247443,18.01092161505545,3463.498098428512,52.91503914650668,41.3755687970597,240.40376534433844
14715.885310202106,348506330090.09204,3.950968200521014,3.496202621931134,9111129363.993681,10.076409207194509,450.86004765811305,42.59572537760294,75.43801162941968,220.25061810192247
19473.221511948643,582989042889.9282,4.794313405946346,3.3664577089235483,5222818.595464546,5.9774487312875735,184.6045663576802,42.78261494610568,30.0,337.9612015004482
15957.344190430047,464686953008.0636,3.720369415911793,3.4652177525654273,11744815.35104467,5.141680375186677,4943.056635549515,64.50063293815877,32.94224325521267,272.9592474179765
22113.289223059226,977111943349.1627,5.718495177968825,1.7877925087402902,1145021.102070235,5.656305721575863,4083.6118822042677,17.72442065545782,31.984683203337813,280.1735875653125
16142.454430236145,516389907138.7512,2.9715838621296324,2.483849050645989,14184713.93341677,9.248828187643085,1966.677522111378,15.235315385865995,31.963284122596143,288.5088704149753
13292.064776127198,385172643743.9926,1.6656390867886235,3.291548326642728,204186.35408378165,4.655487353565813,7143.080194904651,17.074081241863826,30.0,289.83288011428584
17962.36749715184,394934148194.9931,1.510211830318652,2.8503168915580814,100644.31762519419,10.37242057457196,1660.6932512603298,79.67100969512839,30.0,343.85584205337585
11461.122418906682,547940402673.166,3.7458280776726225,2.3692036065831674,18423298.151889514,3.880868623558473,5606.98561564872,74.9003690479651,30.0,332.11422122555996
8978.563661166,354912683096.15735,3.8508081947626067,2.5333884817591557,537179737.8850096,5.4554912574473065,6309.019658773694,59.03874331396117,45.02921606874107,262.73993315302226
11957.485085030206,722906879058.334,7.665926763012536,1.5772032094021124,15322366.012075016,2.437325802672722,6723.413532417095,41.32820683554702,42.23194903969882,339.8983539970841
4657.995574914737,380663547038.7132,1.791074631381536,2.7230343536285844,38906932.88567142,7.1800234639305005,6717.844208932234,15.954984748315512,42.657130402926036,290.4305866874762
20016.00738016594,384145002380.85657,4.945422890878676,3.2194310334005243,16907503.181836344,8.149094939199896,6355.512226428906,67.46269842448783,38.21226000600708,286.67025982561
6887.242642730644,616973632403.5553,5.255786542715001,1.5055872530825638,43054782.496117145,8.10416605488687,3667.8233838438077,23.260981966164458,44.26590179656927,265.9898185267053
4261.522885257663,60847811849.137276,6.045287577335177,1.819929355295448,755127416.8707556,14.51150561160592,4995.05336411228,29.098943406882512,68.42248027824567,188.92380346632015
6535.629923689056,655355262760.228,5.651774900914293,2.535980244010643,1044555338.7253566,9.693055425920392,6863.113917837383,68.85543594311147,66.39486616262133,231.548658733982
21130.718718419874,504972712186.47,1.5529067092056286,2.6219286520417313,1549851966.0627992,13.875455861183715,3368.1121717773503,28.013408496785342,48.7138350686208,238.2201260239261
8589.931742144418,453026661260.52734,5.607074877158576,2.186704690332852,1153850.4940480683,0.711145004384665,5370.131252539708,69.12035423056099,30.0,422.637892235691
17308.221802894554,719253271454.9607,3.5955216080482586,1.5558689599890816,19463560.156759452,8.759943533638712,1284.695284341546,65.0156994235826,32.83393128009056,328.64684500074884
21482.035951065613,758256023749.079,6.523648248760712,2.987200191099678,1428987668.4026742,1.8414660509356258,4521.893966321642,68.6103168539531,51.95148127978046,282.76896154849356
2404.7443396635317,846261017151.596,2.724375009882044,1.985850236490286,5121475498.781498,9.268934987248725,1136.9567671447096,57.20038413837397,78.31469863506783,168.88426260391293
19243.09792686205,374803746014.3265,6.155336737851666,2.7891546038016024,51870079.30818262,12.323230226737996,5285.725034676801,34.64880751203471,34.1386217954245,275.8928883262255
8037.803926286236,327038365215.68884,5.565719668978896,2.618293482155295,29174262.751200084,15.944950679931601,3020.8793163823957,55.721751247800846,35.545923539457135,296.5708334039071
5807.247922509046,714342387152.418,5.739890754628587,2.3616761649198508,665233108.3692852,11.026871301247416,1830.465045390096,68.03754012678013,53.96291010259948,236.24076657868207
17378.08558509782,581805277335.5868,2.6436599660691025,2.68057900655673,9088068001.994955,7.6210703540358855,2892.338547666819,62.459368976017245,64.13490691204875,214.55139942515973
22790.017256964227,631801914550.2703,5.849631008661005,2.8900774879413236,13479102.993426245,5.32602558274644,5614.32280944617,70.34196423491133,32.10312197026827,325.2129665151787
7727.970613453687,555523351582.9282,6.290359656172447,2.644488635891924,669111.3413461528,19.150984323854903,7265.1870584982335,78.84716839238966,30.0,319.42450906518985
14436.428231915817,772693250510.8313,4.681166698045736,2.6150508642053643,1484342100.1051664,4.00579507836792,100.13478007914384,58.31016871591472,39.56203540243109,332.6492342402937
7600.9357893125425,190041698451.26468,3.712376939419044,2.3721554937141733,356554598.88200957,0.8962063538084926,1351.1050955988308,74.9689043783311,48.245800278100624,353.8363433751305
14079.996850297484,555712577029.264,2.582606520373143,2.3600690449442308,531347.767231648,2.5612938775066914,5648.809388750297,29.024446357766006,32.301909473480976,370.01319117710824
15735.619751031343,158102630841.84085,3.3847434132198133,2.4819319700588274,4145209.4894023114,19.95022673078641,4554.191545266981,78.1437918593115,30.0,260.16522268401707
15453.217025359405,407252532039.0526,6.464884355941386,2.4041558243120793,58360225.47858541,18.127094593782857,2560.2725492164673,73.72271965950223,37.62643389486116,256.6377401260251
15776.886056247275,663994159422.2515,4.161104709550663,2.3780491686140284,454284377.1081554,6.439144555775517,5217.58839203032,12.88700844755305,47.76106729563974,235.776810452427
3809.45490932934,493072115242.5621,6.067636072956175,1.920740142420827,800263331.5630989,0.12679108361811686,6938.828625465242,51.33134510054031,64.78436120878877,351.4115251869973
17491.74150487463,379592157080.6446,6.310593612490163,2.949675842111138,600698.9172641481,15.355760236008175,2071.249593524288,45.20801864268025,30.0,286.8691203200152
17031.38373131547,884970116445.6047,5.8821064568078825,1.7659049378190088,1212699.9309333581,6.045698333126721,3890.5206966868636,67.09236768307044,34.852592643932404,366.43613690950446
17223.40899431364,772825941671.7639,5.877999753939165,3.3174208453366463,525548223.1806655,0.4918791986728198,175.9310569635443,18.84380935896442,43.02504829361197,364.15683633296237
2314.7285420983053,526291258709.58997,5.470253328119335,2.7496924215443173,380681.5806219825,9.159261574171751,7568.507876558183,46.93474913895598,30.0,326.9576220956296
11447.551639146739,950053205622.3322,4.869742861639137,1.5978013582465496,30960017.295334224,8.511911318052872,6415.133424478399,45.088465735671605,35.79728874563732,281.9751424091731
10521.360735120377,424365865069.7044,2.7858084646567534,2.817997399496508,53698329.06784991,7.267083757187953,4045.6733893356413,37.68773204858745,37.86993253857635,269.71257178391386
2624.4313492583788,788073139515.1783,6.978222014992026,2.2230285230116342,4974766.895126665,13.084679585955582,7936.063947570245,79.45279287343338,30.0,273.89629237427675
5948.014233471862,167937071865.17813,7.76771712116937,3.359529688761291,958696342.7796526,14.533986269774237,1769.5468495766654,47.76824772547427,63.29072402216963,217.89235402217173
11303.5844790519,285793191318.1199,4.532146426401081,3.3721509729794157,189268.81094040623,11.205716246448805,5954.324686397685,38.92710828903631,30.0,316.16520658771026
18701.204591523016,338086243248.3735,7.566051913250263,3.191856763705693,771298477.1689552,0.3290361308523944,6158.357457784448,69.94823686069725,49.70288144567223,350.07565432916806
6308.020886124248,105821646883.77058,7.986964495201342,2.635697803947904,169888406.01327276,0.4971989219374961,6648.537939285827,19.73380802532644,54.11941170954017,323.86999440701635
20828.872798060333,501805313271.2528,4.660273431807834,3.3383553826104224,34362747.29973812,17.640788204856143,5483.919465632164,30.129361036782974,40.54371579287015,335.88367559330203
13872.058000616855,192260941866.36154,6.208309929374792,2.7996163781457177,2300718514.5279646,3.7695308577947495,1532.818913905462,29.522434437506575,61.305319644203266,233.30180683935643
19130.331287023128,634186255263.7692,5.684637198628397,3.250258110942221,1026200.424966885,7.991384207480592,739.7596148932724,75.3590479717658,30.0,403.18712427573837
12077.621591752999,190093169480.65872,3.042221304004857,1.8201063985422847,1008951233.5068475,2.115369417848318,1451.0540908234489,71.62308011988516,56.13581909012208,230.83434521529776
12730.258522844473,123507133833.018,1.806081384403072,3.3083606268624077,868705.7653455411,4.624554452526989,6867.964993302258,52.4679045209316,30.0,336.7584383628225
15683.125039801185,969086758512.1969,4.44680952263397,2.8231813891309345,8958400741.848637,9.73280549199171,3221.940875184933,32.37405997020663,82.78600957170705,208.0552567720468
23235.279900062695,658240647570.8004,6.61683248307577,2.1065478462774463,145822.26828100297,4.749154039637545,4373.867050307037,42.7672640339187,30.0,365.5080143932234
12549.408244616294,936450978257.5739,3.61337530748303,3.4956270543618,58342669.402465105,13.198698891806792,212.73023060477786,49.98025772302454,32.545210589026745,275.14756721498884
13452.109683653129,489888302105.43994,6.598851687755698,2.873767934708946,691964.9091283234,7.37780262702553,3936.5139462977245,47.806078761624455,30.0,331.50910322570195
15248.925606424473,33403429660.91118,5.756210932759211,3.3168321160414576,10961634.88659339,15.779911996463497,3280.061453982661,27.915474125661355,34.797862269398166,284.2909052340116
18569.12086379428,574371596060.2734,6.0210187868143175,1.511171041954035,549203.5690452068,12.058911525519585,4281.136349659187,19.134132281421948,31.302931123395997,349.5220249079037
2260.3332194127406,558329328506.8217,3.357315774453035,2.604676819098372,931380.7529282249,5.116602885900665,3008.4347466006884,73.53454501782203,30.0,382.7371967231706
13134.342243788316,14976590960.988035,4.555307988479806,2.925065247145406,201791.3489896925,16.17724017286381,612.7831883471467,54.85931400625356,30.0,311.121200114283
12298.993935548066,861242183159.7872,2.6810747001639115,1.5274737782374228,109652.2951429901,18.645137052203577,361.24295214423364,20.15646683988586,30.0,303.0717537951018
23081.282113820474,619971060645.744,3.1027734325182217,3.0251184502456994,394938461.963351,2.444883765371138,7598.877799943497,79.28904363875968,44.48166841592982,317.4244036358627
12590.911220690357,744691424684.9767,2.0840252801006987,2.802896386335294,18505578.400952563,13.409786425179977,4834.511067597251,38.78941213010672,30.93049178957974,255.43406235636678
11973.853100011109,493921612236.40845,2.3240271409253523,2.0495193071853928,169028.88470432977,12.63437002379695,5150.73621286412,61.30790826657008,30.0,327.9122645262034
24073.899719100198,618402819505.8251,2.8683376154229374,2.877889892695497,4952780651.763819,13.410769056287723,7324.196205337579,22.370030480060137,54.54982360608283,192.55976845855884
11539.123358221597,257470635758.63098,5.27152237394294,1.7618020779938877,212838763.55556583,0.6721557224074025,4411.383421592458,75.29359875379957,54.83422830092885,328.73471225804263
4931.668542891213,973757794010.8794,4.367872277059659,3.148074397537613,2095876.364888679,0.6111109347938938,4928.267167456242,15.544511486428533,31.431497581191476,413.49441959952145
5814.445008741814,400720606827.6576,3.2351068316761533,3.232450234517008,15612618.065170603,5.93148942615571,4189.078305076851,76.90751502051997,30.0,329.7903188138929
2832.0946892558663,162327459011.00775,7.097230904834979,2.4709538605569943,27946885.430874653,1.6506498583284952,1416.0359413898495,60.898581420631174,45.67020237769275,316.9837375754817
513.919166844139,55916362459.20895,4.91345999372291,2.5148843358966433,70735768.11308618,7.35325565222155,2498.97215112683,25.907120343700605,63.14301662684645,191.93461966261629
11082.668694511807,636172296913.438,7.500211578632658,2.304108721732703,1937543172.8366644,17.454792981542322,7075.875893598327,22.66340182887536,63.01333143448788,172.00949834251287
19346.443241806424,983379867796.6046,5.62727225480419,2.1906679704076,89022833.57852769,7.121003810197646,3556.4759951934907,68.59706399544135,40.741021343340385,287.99970246230134
18469.92784859598,895794601051.7848,1.6026193774366582,3.2457965577068952,7827638222.160453,7.8872826424558795,1641.154786827677,12.794676594573708,66.8261427427535,207.63744164903775
1287.6526511698298,702104865381.8461,7.437591991602019,2.109746351575079,430571665.0460249,5.387064582781026,6626.042754645718,17.999608244376514,78.62605847390549,188.9659791141615
14464.581138053807,990597938394.9318,7.073511681925371,2.3057000237087832,8761651832.770468,8.46098404542178,707.566055138822,57.09992556669014,73.53114946582242,200.83780915497596
4279.936572630162,722828539213.8445,5.629262948075845,2.0998325928890247,56721245.20619506,15.960367019373773,5119.84698547872,15.415689487398772,47.42094239701672,227.68796036442112
23556.368976735084,339251784150.2726,4.976028112250317,2.8134255215854527,246743625.84817284,16.626282121811382,5603.994602388461,47.887177654150896,44.94010200436492,250.64659088762733
4600.442491282392,601218531842.04,4.444019476570803,3.128436662223165,489207222.64182866,8.450126386319102,2437.1087164154833,50.18369728504163,50.301212067380945,209.8089983923429
15852.660833588297,79767562718.91905,4.6341364974844055,1.8286716538882826,593929877.4161905,7.967368211139163,1343.4094948329791,11.25100452561487,55.39954593077521,226.19160113383862
8492.839873019391,221683268540.0506,6.499934165475273,2.0094850317904633,132479.3356838564,3.9415561479860437,3591.859203527915,36.401422655924414,30.0,374.93470967549496
16218.25248612663,417540818388.2563,4.835420415331457,1.7082154170574884,433881.9703132807,19.513252896444545,6042.708114997062,11.997144620290424,30.0,277.91547313752625
10600.335613369842,201819291744.5517,2.6441605415658644,1.8203679140537843,1375979.3939390641,6.254356591040739,7094.66554784057,77.68197436432494,30.0,295.879277727555
19111.254781506672,953501061327.1558,1.8781541866244527,2.3137632489114304,2277573.7795872786,6.885720619940049,6524.5418187459345,25.072520041952934,30.0,308.33668567472
6151.638570532517,995597531147.1227,2.320210795862331,3.051752579418278,3363883498.7086115,8.62563607541622,885.1382923920218,58.27970197903547,66.18507944102234,206.98651515659927
22691.900396399375,370936549185.7453,3.1343672074430096,2.5832358699378295,410219326.5988146,1.6546485283623047,1789.9849132166141,57.16359375406609,35.64050836543756,289.49129804107866
12755.136408177126,709229276848.2125,3.890271789358093,1.6065525557743268,520484.80189054523,6.604325655199408,4939.716023272551,64.05623181130177,30.0,326.5373338148363
19024.282118964897,407771322892.5099,7.300704079138857,2.7501734993679565,13544880.113008,18.615164852162728,5682.18178792967,33.472930472721146,34.128123792680896,272.78464053670365
21318.389689330063,139510064877.002,3.054067009297842,3.09060833777664,1642887.123124012,1.534913944108575,79.81851300950541,22.907860478007905,30.0,438.0753131822011
24971.30096839272,336927510775.26086,3.577390627016476,2.2869356031531263,1410321844.8218918,4.847680860768292,1149.1640937812067,47.13515485343955,42.44252149691175,236.578684654832
5986.668807051977,233372465343.9645,2.94959450692403,1.990025202744333,3881368975.1056943,4.394132467666903,761.195094687201,58.60356945365219,64.43634402803758,230.7198185547969
7528.864132304644,328078892329.19934,5.0473218215898665,3.0278754563941757,662904.0679018839,4.739637081727556,2735.462862736578,62.871093721295956,30.0,308.23676731735543
6635.610624931262,215022473376.0281,5.511063525914165,1.547812477921851,12101909.750848617,19.094584602532883,5449.610418481361,13.424078155046503,39.192293402222106,272.0275082432157
6940.347637914675,112346006713.12735,4.958828957331544,3.1311820488314672,5810117645.827818,14.185681945079628,7546.121376469397,62.686182271180144,65.85601712860638,176.39331717792498
14769.896167714747,217429211933.98355,7.687068232910111,3.1085191630884,192951079.8572322,18.399845279615437,725.2912372404325,17.87025780306766,39.07897802054624,225.85004058937213
24841.301817073152,905757126072.8109,7.969957114751808,3.275971861388415,2190202859.9005694,17.159331178217744,4053.6698380968473,46.725207481024675,47.18048434129932,231.1725856310496
24761.813133772484,85222590554.85295,6.943073933736161,1.6789598812472493,6144246.843221416,12.513684553502582,2986.0081012076016,48.87877390431085,35.40830925805545,271.68562558917006
13405.944168376538,324757318998.59076,6.734424941786965,1.7155169638092498,1118180.2859779855,11.21818258166801,3192.589245457999,18.893513502083223,31.613196501389535,301.5460010822135
16156.166651484507,528450366052.74084,3.879343048872456,3.245505647854287,286100518.5113701,10.206543066454413,553.6900836830831,77.47985480337508,39.59041424819968,286.90872159478727
21569.278320689347,354513301665.7006,5.268592790052989,2.450525534324398,486554.7025715022,13.806185903356551,2313.6839088778456,54.66114928168645,30.0,236.47953629301318
23356.869732110878,517607577411.79224,3.7845707231677537,2.28467701482173,1583104136.365145,14.051404747634612,2027.123408493182,25.672401069053596,48.93981388137092,206.08786598471934
5494.585369573826,43421016814.29373,6.5983130001293055,2.6465871302607313,594546441.7411265,12.009177179387994,5749.206172085874,13.56283744147074,75.87102388211717,193.34322431529222
13449.272359090095,648569984794.7444,2.616902404096934,1.61716614031288,3346055.769182941,9.006381212033713,5138.448074534064,64.25163971954049,32.096588175090275,345.9855068120857
20904.50783920705,563479238077.2587,2.9083661429151797,2.7874323397921614,31157140.922290456,13.52350265558998,5094.1204728159655,68.89209493064209,33.55596811857851,293.8077241056981
7928.450877547495,680966584888.4257,1.7515114606570075,3.390166307178796,990762358.0111067,3.1758491701266114,4158.873440990834,16.344104563891094,50.87875546725735,253.68220378144883
11275.321540771434,567258248569.4211,5.458107876696951,2.851439788334104,4726629910.166833,11.053097034714622,2743.260651861574,28.020148661053867,73.85691592000414,177.02856151272866
24647.716987044198,437904144522.08075,5.9754986821282206,2.429070224618367,5765042.050879339,10.410032169854105,1957.8984693561865,54.9664515992205,35.81528152481549,328.77806931430916
24633.64406966134,350142192152.54016,1.5218548605039621,3.4217619772229773,891166991.3108332,10.716763421625823,100.1575542903214,39.32839950405146,34.62469376396671,286.7795102590598
22699.61686374695,226435963664.5861,4.820107465962629,2.877032827806827,938286.3653998777,10.240833607803793,1191.9450791277707,33.97586019788426,30.0,275.7259933440018
20061.98444828741,500068226738.8858,3.9496845001835306,1.613920871420133,3293826322.934706,15.017753964275974,1766.8535103287898,39.71158993401041,60.76714100757321,224.21915009659986
7093.697267708741,26053426325.054596,6.65047508182199,2.840093063626263,269929314.0135883,15.16198318853287,7804.752628856132,45.37131832694121,53.794481330324196,228.53613420170694
8360.826814646094,328241499858.4977,1.7527898489911822,1.6193917255058852,580358.8351481089,6.6251759504205046,7763.908734338913,22.92638124210615,30.120084189414857,302.9539684009053
13908.42960951943,677872615692.2358,1.8156769773175105,2.114459765579936,500201060.3685364,7.04751879594339,6143.652625586525,37.164423941371226,56.33732089230009,242.44102413686198
14239.045676769298,108717930969.31958,5.5313591417182195,2.7313669608054347,417146262.0647056,0.3788964971300819,4886.504930197929,14.887780780132449,45.670666770872046,307.10356968137376
12884.81907424814,62892179428.28626,5.345652554768465,1.9312320323737269,514620739.5603961,2.310257194528389,5353.77915034398,10.423894846176015,55.929268829353084,266.6094820313332
16098.4218579495,652178953112.76,6.902085149487067,1.5763783691885982,5301357.439195554,5.28338527587451,4808.386936556048,78.26353321644763,36.021882286827804,347.34981587473584
10503.914054508226,397775323367.6291,5.349734779522848,2.7359073775597738,500035973.7729353,15.325921254309915,5178.172843191954,13.836550247590463,56.36225481904708,217.91205464403774
18854.76685423056,801825234724.3445,7.670910385844759,2.071714565766022,1357845270.8505566,15.96789246564165,1761.7028994172313,13.043452635112782,53.388795802695576,207.19263302385096
8671.973198719706,937311366660.0199,3.5435001745237438,2.565928448678396,5440571.819861114,4.997901892516871,7813.848313946358,72.2973382982528,30.0,339.59852479728977
8601.586425185636,957040496692.1232,4.086489141631201,2.022291157809242,1095943.923166346,17.401617448109057,6055.541770405131,78.32257671919317,30.0,299.682848254933
3617.036066349786,425593428301.3253,7.854885332268958,2.8728576938576245,2750423737.069222,7.545174482832742,1881.6073870370535,69.11743781688108,82.9022926050387,215.88603140842065
5123.449145708521,264327959947.808,2.1989075819165578,3.291402782319408,126902542.9699083,15.971136429312724,4114.047037533773,19.768531690689755,41.671307002246934,230.5795571366332
21337.761533573263,608614130128.7393,6.673381545775817,1.6731296055912839,20041759.449602764,9.363732660326153,6315.84630940938,54.76721688961024,36.434981324817045,299.21133458127906
11433.917295220817,628193297735.3104,1.5751966452928619,3.072637370909517,2504491313.299905,14.26638113916509,7290.169258835881,58.784716689806594,61.91251738554844,204.66739558652299
6082.760770544428,622345313730.9606,4.66233612112179,1.812190110240698,478661.19188984315,7.158445734676496,3076.9175516571318,64.01637538294034,30.0,299.8066833495867
19103.856950548492,321779291940.26746,2.497115192896384,2.1588195743586223,1129595696.9061732,1.4586008499982612,3875.0049516458485,17.902220800967704,53.62514174701576,234.13879089051835
14072.537582513056,63752672665.56661,5.392601074232423,2.2147305916499134,28451579.368762586,5.118328143430125,2485.9627124566,37.35269117234208,31.598462374583455,291.70450460075335
1018.3222798706904,210005628820.76013,6.688104803100883,1.9126199780365218,163162.85937937372,13.956927171510651,3018.8690375768224,29.326784664623403,30.0,329.5897520426877
8250.855704749521,154420273602.80573,1.7147749652794673,1.650468681726075,7295640547.727006,18.363242055486904,1829.3976988962308,55.81612088215253,71.99700054249857,162.4731383708261
4836.534572472856,123901221882.96443,2.564522722846344,3.0369729605256257,776843817.4697282,12.584416698982398,248.99452420779315,34.05210607081358,53.14713153096136,197.98750909924607
16568.885094079596,926283394788.252,3.726967477552366,3.0872550785465513,1185165.8234666933,15.39062226779057,3336.483071726797,45.617582231757865,30.0,279.1281162363829
7238.2604954411945,13848632126.321953,3.162693278061881,3.4936665807560474,4154109116.4076195,0.3317620124564134,3769.9229615486224,53.85062208732779,69.9806857140674,255.5854481281251
2091.196090643619,601858137378.5824,3.990929283740658,3.3692084979906545,4750373890.882383,15.213257630152517,6241.376331289449,70.60674200826281,81.11591545027163,149.30225474891867
1845.907235342897,947473848266.3411,7.6871439488134365,2.369284846769645,1005374811.960307,16.718973154025594,4185.74628672883,74.46417826924704,80.84477032700435,182.25481499376693
14752.318799988516,360053767441.00037,2.1578398283615634,1.7667760290835466,432366.6279362408,8.282392493271793,2617.9138225378047,58.54134881529553,30.0,328.72900188333296
1032.2246647501956,527098562074.3733,4.251333706327518,1.5214000160390504,854882.9710176972,9.90313231299709,3711.310190691733,20.94739191514782,30.0,271.3328654743981
21295.406771834172,695783967691.4962,4.471093915449289,2.5630350769943004,589066973.7198228,1.0948430305556378,6371.1011197751595,72.22420005635354,41.29045233674804,327.70668763774785
4307.229421803253,317170377488.5442,3.3222233368895577,3.221132821665696,3707053487.4112225,3.5339813435071386,3852.7980936196545,24.316090149059136,69.94022548927875,197.22281689846182
15360.87521228803,477652510055.2614,3.310292624969203,2.0358074791610408,1188750.436656057,1.1767193882307339,4445.912257028411,13.72318036212646,30.625060931740087,379.1885130859943
11394.856686263269,817103033229.9016,6.145889051370585,1.8978827359761383,20143696.81124836,14.64079827450944,1392.2615666960914,40.60898059235059,35.055529774842284,239.41297799101488
11349.862270181611,745355919924.5983,5.515984977231388,2.3779067435416446,594250.8319502678,16.007287680168496,71.00591894544144,57.924677197698955,30.0,317.45830062274695
2259.0299878211235,808449603043.4292,6.783408128265496,3.2870656019044686,24549305.70995204,2.2179037050460217,7438.116396310955,20.455504303131335,56.48595993894516,284.06921800508667
20167.430130199282,987340176287.4923,4.132975946107339,2.403347663540889,163172005.05587152,18.43584065919096,2151.0393375012304,30.955600390575775,38.24812415499251,256.84719022583647
22379.785876454687,370328104608.7041,5.443621675367875,2.945425811995429,123815.33642793316,16.798556894312103,2787.1243298078284,15.604195843195818,30.0,298.53748097502853
769.9083509135974,747091515844.5101,7.3083229144368,2.4250524203493864,163921514.70227906,11.546885204815197,927.62407094824,53.27444824827512,60.22336599511674,208.4244863286914
4875.802304579384,602784964317.4158,7.0336350661565055,2.245917762885888,158033674.5959292,19.566847696769933,4108.853792592294,59.576646877743,40.05068959890193,202.30787480194073
22645.65262548923,666605100616.4291,7.480152051249733,2.381824108992285,18838331.472941108,17.655229450969887,5899.4197832818,46.37807220454271,37.17930604058235,280.0900435471182
13962.593513601425,739874164959.0297,3.2483376464334617,3.0368010653467588,2999240645.4251947,4.4917035778129435,5491.67601010006,41.110246173779984,65.35767381996276,273.10763636155514
4175.969667081148,749731567214.9978,7.905237699458781,3.0088121117560194,472166.40950330254,19.083011954478774,6846.260897199113,69.3391187020445,30.0,306.0816227614876
5468.366088924392,885745263549.6703,6.806534450564208,2.3635163572308007,180534.06134323837,8.887040109729963,2299.695045133574,39.34300252319788,30.0,335.51713728909976
16669.6629838093,349322325914.3802,6.666250739268471,2.0352348508573312,30140871.1130075,3.139574943097706,2524.159609110033,40.923874697893574,37.71185299004152,338.30569311762486
18258.01214504839,653481702630.5544,5.839260906231285,1.7782540781674905,46256482.06836505,4.041790641240118,7724.9326083365195,50.412966840303675,37.88543573424641,298.94711678762906
15185.956810208414,280291151306.42426,7.891241826918425,1.5027393887504634,2154993.3345680535,13.699680832857595,3658.2323856249855,59.26945967401761,35.82283367480106,282.7399841938826
23852.135307856883,594569110548.27,4.370160982302123,1.7265151661465794,6428927575.269729,19.751790342392358,6677.764603829275,64.39213839651465,61.876054286979716,197.85105062903577
12604.558289713537,751175388996.7877,6.320005480955669,1.829310530383796,1856248.8598836118,8.933170303796205,4895.901299658502,12.857397825697412,31.30734255331619,250.2142355759317
7856.661847491904,791001295160.5542,6.042273371925389,2.8798755819621773,2242896.0374583094,11.484037900541018,1455.1097572210133,69.58096035793993,30.0,331.19883132694576
12192.206294407013,420125082864.61975,6.258577891905927,3.135831753857512,1134833830.6265328,6.0397797980958785,7659.930799859425,41.59252907225071,53.85481863912761,248.61222608288801
9311.824194831968,508720714481.1366,6.384521292100168,2.9738913324624177,4112618067.698895,16.916877482802935,2602.2978967776753,73.4110726986233,71.97423891247983,172.5602361309076
5998.189370529814,333850517320.32166,2.739913292287887,2.9464655344047106,47940077.30627192,2.3473613289995776,5137.9142429063795,47.5440244238294,39.73132716488524,328.5307538110486
1626.0996088334316,169037177503.28397,3.768834553065615,3.4886412294482376,124528.83773970479,11.665834694830314,2043.5800295725066,43.30831737004017,30.0,316.03246105171803
9129.206092345543,260518144675.127,4.049650972868382,3.425195478641981,5986519.655790631,11.745098662353868,4609.588201533201,23.677051236377935,30.211117495836255,307.99707661636575
17929.529018888687,912137092762.8195,6.3619987908697535,2.037694390258473,1317343.8342088978,0.07273777489678038,4333.505356138669,42.8722887407332,30.0,600.0
951.7261704422483,308970233439.77356,6.155611842175478,1.7902014990967134,35899651.83380376,18.814219617618864,2095.695420180628,44.50507638891169,65.19743598907675,218.2610864708009
11259.873573545401,974759358786.2766,6.916880334032175,1.8065964758713764,258737243.10351205,19.488130588270863,7910.279366052157,72.61348006997558,47.21308881095817,264.77525020495585
16278.230335521775,241478843737.2965,6.625374526287184,3.2912133414225657,9166033.222880293,9.376095126758969,1134.061323035653,72.09603217571356,33.388945860350425,308.2843499349028
15454.900674770526,723071364409.9573,5.37422021603117,1.7046936959115684,48618315.05804402,14.526549573730692,3549.6702126768814,44.04902666612314,34.462846549662665,274.8844693202506
19527.88667927354,573903719668.5421,2.4096651621683765,2.180288337762841,629943460.81666,16.981803236512235,260.7061308425716,70.72971551217219,36.0379200199974,255.23278945308536
20357.73303366504,696870352654.749,5.630459185010373,2.560693056842145,1701120.3594811892,2.3782643544811846,5464.953396286758,69.80735149621208,30.0,352.78595556567177
17936.792612525,643958302651.2344,7.265885343643614,2.726901007366375,954639.7003998682,1.7381470194463304,3702.207688917404,76.38695518008835,32.45762221237585,410.88921635366626
3018.543555546361,706748876849.0056,5.6806333620332525,2.6914652756297492,1067025342.085295,13.801730907223545,4485.139547957786,35.312231976578474,59.93553320976048,179.09239363635936
12138.049878106836,905547142888.4105,7.321571785755321,3.0728154442798497,153150.39427475858,11.211871629515791,5591.0725291083845,24.855969397724067,30.0,306.1749023001538
15283.445958446411,563469932592.9854,7.993844617889846,2.643386527085534,566217.0184437631,13.603903820228258,6114.429841446444,76.07471418394923,30.147333483136926,321.4292188079285
6516.3679508315645,67849715055.2123,3.834814514652964,3.2020930786628545,115287.89969357634,11.461330329049234,7726.963252754033,50.940294316964675,30.0,325.41443546434107
1542.5195323460246,270826163621.4651,6.201383013261031,1.6692604481443696,59830683.92301743,14.541515865182928,6913.328960119119,42.666031985340354,58.216025038519355,221.96668155031233
5977.962861463149,708219272189.7834,5.009731111903285,3.217930907120288,100098751.117661,3.1404397035810145,2597.1995189454738,38.80208027845819,44.365452586539696,281.3653271597351
11644.912842449652,494075133901.0454,4.457316704603076,2.680006321554007,45201565.034391105,4.3515818749138235,5820.84521844411,15.932645528474733,36.746451274855644,254.6018758859787
10641.292816837722,548552434067.7042,3.0591360115009976,1.945865131700701,11785422.23480074,4.778612162309924,616.9557410278561,24.28661246272326,30.0,329.47367340067325
4828.34104251546,596580858799.836,3.0984448739735515,3.455486377395733,44171852.887006104,8.35957596900273,1098.2927901310181,30.410785719513274,33.165424261837316,294.46831724145665
20698.180795745575,382629890355.29694,2.7023198639398114,3.37946854745766,932586.2492009999,15.20322875936487,3682.3048109742,48.592184099061186,30.0,313.9558328858378
23179.323384049752,773895751192.3301,5.604642792243119,3.191451643347423,1352737794.862354,16.6363663863343,3682.4001075282968,46.169818413978064,49.80289845662524,212.2417047028763
5433.033816791522,723535160361.6647,2.42334512818017,3.323192271226943,8014289354.9826145,8.055867266698732,4050.947716326012,48.00064953177916,66.85690116413812,179.33330194064348
23274.53643139693,714299697893.7017,4.30401205381083,2.264283442090613,50479426.61781537,12.060893104855449,3806.824098293017,15.352304953501992,39.900369729034296,260.6927171762052
937.5934997919302,715310458724.7706,4.901666055269262,1.955609744899179,7443508.550572223,5.938809089262215,5134.615646726363,10.684123665054397,43.35558770719793,220.79349747528158
23161.580581320162,890358111296.2462,4.348524101728303,1.8658077233184638,909732233.4028805,9.541749263411468,7635.220123915662,42.42063778174901,47.79148857827215,229.04153601464128
23822.255356982245,595393184050.495,7.057041837580457,3.247519937021835,923335.7593256257,18.821165048683213,1389.7861528059705,23.543777232485187,30.15515573508404,282.59451179408114
795.2706438901674,967072232424.7588,4.380600838660092,3.153262697802173,4016685.5182589055,5.422253835238459,2866.1250626535452,72.41760940353326,32.10312343565783,331.6356219640724
19193.972771030327,119193565197.9535,2.0384086042679668,3.461876766669875,5010752100.218212,15.769476199639394,603.3811579807151,40.16387989171703,63.049349662566314,210.70666221167102
24269.938527961163,631959344634.8878,7.949297017622207,3.1965042029081943,854025.5487384866,0.8917745845206385,1607.865723461791,34.63946325206166,30.0,400.04415431111477
22694.60436103557,716926829009.2496,6.992393341891383,2.76473182785298,363561.5021720035,6.937597021248336,7898.567746571425,48.08038727565326,30.0,334.46520045061646
24282.39894930722,477220933733.94855,5.7902826551389985,1.7845635017431,53922308.681044064,13.192686389005816,326.0581624059884,54.00212962026056,39.110072891536205,276.330458989444
13982.925889592163,288209098248.55,6.416103535255949,1.8296950767084608,86514058.00880787,15.531219123761344,1717.2858068452663,15.737715391375156,38.34717463700757,236.4549978151944
2414.8254271920127,550037902673.6464,2.3332395484064867,2.4473990535927515,96772178.99365865,11.864094981998583,3417.769506667456,61.89367343428697,52.6884535676456,245.97458112275604
21319.835346223386,364748315543.0224,6.478446161670636,3.035591062288731,664341.1366396515,17.39098159177075,2348.428084706935,19.63052114297482,30.0,243.0741008848348
15538.792267320783,909124161943.7454,2.8503681211286183,1.8465507803555044,403388614.685959,16.42467722637468,4366.333346509228,37.071285606792934,39.79242712628128,259.00285045337847
15561.050232613083,356793055740.84235,4.6783448422308425,3.3310350158577053,1627067.759823218,12.369225419943488,7923.668179562195,34.980733416856054,30.0,347.72109155046184
10722.713441537811,175707816995.13638,2.656888130607843,2.867581460973712,5501900787.296692,6.995053815240594,5634.426889202172,49.841329785404355,64.63319371479461,205.82285468631883
14510.128424767174,576389563776.3126,6.399602268159247,2.1246181808928393,1379703.88357788,7.306024835076533,3252.824154788902,58.262739746938394,31.739550275899582,312.58261597433403
4262.7045876098055,395993195387.77795,3.098570223330905,3.2715191843211002,122055.51162494859,12.321183476601247,5466.664544212718,66.05729052020172,30.0,365.84145265775345
18624.365650870684,95899048902.69623,3.1458547201960028,2.6972607363618817,69059903.40923847,13.14820630811954,6979.330383084381,46.900187185293596,38.37893125382041,270.5501266113986
2337.924030112787,564842786155.5574,2.209945270711944,2.966316964050253,1033330.778924379,7.92200591038454,1839.7324149748133,20.877426476230653,30.0,288.5594737213184
18379.628792572905,537846873319.2903,6.183941970265166,2.2708844125111156,138953383.6506397,7.980471998659009,5738.266348589265,58.71676516945159,34.44822648372208,263.4868091419203
21299.971354308924,173197913436.10846,3.4229901000757064,2.2871010786266552,1399802.622613591,3.5767554668887023,4915.46315160717,43.5159660516405,31.365596964975857,336.95980729766603
12075.48260032996,597638571321.674,4.8688200858127875,1.5252351409629408,13817256.536648547,0.055736079590693044,5873.224140089809,51.22533273444921,40.940423517980946,530.2474269158737
12990.843968397709,567359406498.5151,3.6595831228857554,2.5758040455100186,789899.8001386594,9.25675588352184,682.4396183851726,41.05952128938218,30.0,353.4811062419171
8149.249686590917,773612849428.9679,6.535558182344516,3.0215936116677335,13933389.745450607,16.62528296437427,5866.203446620074,39.14057933174757,34.48644604961079,273.456044721216
24251.735301276894,361570568272.7045,2.9721437672110085,3.4376490271732076,481505.98937957064,15.3424979647377,6306.32596439802,59.095122935513366,30.0,326.06344228312497
18461.54962670886,248760274904.11563,7.615424250301546,3.284453673416475,4896269.211815059,19.879109744905374,5500.985137553058,46.68760024085069,30.0,269.12669587697206
9540.219555858452,951219935750.8885,3.5887098367831,1.67398218270551,987775.1225020656,13.404645298151543,1585.9518102914064,70.74582541143373,30.0,347.37108952316913
4782.780962708624,561217961565.2654,2.175035538389879,3.4610402407136167,1203675342.2110717,4.716564071475091,1299.141952146644,62.04121810065841,68.11410880771174,231.07457501087615
5879.700008951238,27140931744.22142,3.061984013297061,1.798961378001701,443374200.1111798,13.563108596418514,5909.6294797662,43.34182761541728,56.72665951590614,238.65491439218664
11866.096009696226,820711863400.0591,1.9806160389366387,1.582228596784166,682491.0975970434,16.5781519123092,5185.19013761108,24.99458239505998,30.569756969052186,269.8554771636334
23592.92580770128,196758864160.87985,4.5468017514507615,2.9978596709364504,259730.38700932704,12.837890356442628,7869.24749131456,11.230223491976231,30.0,296.1233804180524
18486.585471142494,786036531609.5259,3.126632934702548,3.3117729006583025,134500.2309500443,9.66039820112716,3643.415091870008,24.377988492044885,30.0,383.71123361920564
5773.4718303891705,705162721993.5376,7.259299288891696,3.3995658120503793,1359436.6702855234,12.38932393250913,1842.238557690965,29.68889733117361,30.0,320.66539469243395
21559.247768763,968813755449.433,4.861336031430952,3.1499522155324238,25170209.479319196,0.5647620786204801,6160.079387673586,18.267924028333496,38.85842206666213,392.8554963742148
9765.912813737186,965579336015.2246,3.0168949167403607,1.909812431422761,9986561.57968937,5.338994517929608,5990.717072217389,56.836372555133146,30.132743730626935,328.54913324852515
21367.193477436707,274411350245.13528,4.43325714438212,1.8080058289888221,7202697221.701789,3.196859036139887,4186.397898655447,32.82544039415988,72.26050996623833,224.4644920640322
6421.640150537708,766449814773.8372,2.773962768912758,1.6179369551429057,914593743.0820112,8.297637937561472,5970.9327506044,12.117190970888501,57.55513580647164,189.8099815795985
15657.184992439781,316855768924.83813,2.66174094351197,2.6639381597882466,245999.04081962077,17.866078944527253,2491.6334367379804,40.581420254284524,30.0,293.5037241584675
23203.426957991407,629198309631.6555,3.454267055867386,2.474442352326082,623249.4625470879,3.799592039022934,1733.6054206755566,64.90196919321326,30.0,336.0725176978801
6818.403224120956,597746487208.5082,2.203959520998154,1.718567216872743,135829.86197339898,1.466142973733774,1017.5017678892693,33.782349676838706,30.0,436.34553432736095
17476.701469353447,54544461077.64904,2.726208989920789,2.429654237343126,491056.88796589605,15.549592697595699,2330.9185397653646,73.16321702904784,30.0,283.03788565493835
24689.159188950023,5182744653.6077385,7.597304674470243,2.634647181068974,44369623.563378505,17.36466524135415,5239.986627325234,69.69553824634221,49.41508519974721,281.55982186045173
4189.658037453586,57764956830.794914,5.8342171255335025,2.9459092870209966,241930.25134115457,10.651326639693272,2074.856980123874,72.25648507733433,30.0,327.91018723797833
2665.8561221665227,127942919589.69357,7.487167312472227,2.3283951400668412,199223.1196887653,7.562503107791709,7068.676949409582,56.745293269731846,30.0,310.89162946280646
17017.782214897998,257653233695.28235,3.1695051195405943,2.136704894156879,389769.2033924513,8.63917269336181,2005.6073217311034,66.46167209329461,30.0,388.8628940727329
8823.530719851244,906955316287.3391,7.070586682706004,2.83135839630826,222365918.831154,13.19688468943701,5478.737646644825,37.22825747921327,48.314789342501584,212.67348313193767
2245.489695481482,518633156714.011,3.8547732445508953,2.8684472860910906,124965.64195957058,16.633467076533677,4225.241840325557,58.52533214777053,30.0,300.8458578282329
12144.9876381483,796891941949.0498,2.4372673772961564,2.040857113339637,7049048537.156794,3.82933656754058,1700.2613953416223,25.673044168253462,72.03153223014056,197.3971442804834
18967.381651276915,838311913795.4559,6.73059615002728,1.5396461644742534,8015512.90324942,18.05005380374093,4454.0142455423365,24.330312929252315,44.25250943963823,266.3176235923705
7485.498810172125,734943363647.4426,1.8877258571078759,3.3913811394850386,4818776.73735945,13.1649320173756,7638.317582885503,76.05305099616834,32.80881213417377,285.4529673951226
8708.6484988758,391385733035.4475,4.131543453077281,3.0105728129183444,23662693.033636738,14.77889641444533,7553.978485216579,48.41719549630649,36.07423265253002,303.7384087555842
21219.635315850817,863859529981.5889,6.825545345325683,1.902208668926708,38842660.870389305,1.7838997476427407,2339.836474829645,15.017429548532457,37.704814988582115,289.0481291395031
13241.761850406458,742050011271.1672,5.51170201540231,2.6313313019877302,12591194.852477612,18.370976631399685,4296.543495156601,23.81107149752245,33.71450444249618,357.6627403894296
21146.933235758566,743151700253.609,4.867427020098006,2.689895061352139,27016519.831307672,10.587482012765092,1215.338748155211,42.29375950239463,38.20452157785492,266.7321628267989
11436.542557520883,901574425591.2421,3.798620489773275,1.7519772639913584,4996541.555745394,7.274036878426213,3757.5948675035556,69.21247882243142,36.68396116277295,413.0541628333295
23847.891458222533,598663873794.2112,1.9878628975221315,1.8833141746791164,4074150.8351359377,8.0088000620911,2578.7443481042465,72.71672231891874,31.503579280472348,360.28467336942765
16444.46744808455,528574901387.74664,7.941317909233342,3.4134130329275756,136954.50594919187,5.896028919905339,7436.570307662759,17.942041336339564,30.0,324.77631813683877
3339.522200321611,890162667434.5177,2.6360292237128147,2.5160217200417954,228561285.7083966,3.3012999087971755,5065.1262271170435,14.342002132730066,44.23983756630701,234.80854110383632
22184.77821155662,454462273702.4687,3.159505087344285,1.882884438786952,122000018.86387387,0.7414447053120853,1487.570179111231,18.51817301614274,39.79126797846464,339.6889496775703
12486.997175354545,811570884458.1469,3.0334524562150156,3.095149508188017,220852279.86902818,5.324942892973713,7938.788983044827,56.99766348114825,40.958390187322365,296.8678191366901
3970.154715336172,53847306598.44728,7.40161914345707,2.4411466050669457,5073121577.539477,9.95740359332699,5556.461966170574,47.29806631041511,85.23770635322043,159.77730565432554
4240.908279114808,1290943166.3776777,6.463974552702948,2.7768241665453877,23196566.06848684,13.351874343986562,1086.056745600579,61.652378255518684,42.673546005295464,291.44444255834173
17344.58141019186,528292961311.8672,4.4726436963556875,2.095003067277158,2563611266.308497,14.680262760569669,6398.418025712167,51.535189335672,65.86944752809774,212.85543522697105
1660.6264148724997,73612820204.4864,7.710249720687084,1.615808196512561,16585028.96337644,11.932301409942884,4464.891530770561,16.711970898111776,51.219051150532515,204.626388023459
7521.547240388425,976543036910.0502,1.8430919751118713,1.8298884471280885,24438251.915554035,2.365440025441052,3208.087491190835,28.034237446206696,31.057945518527347,334.5763254417772
3924.7959665117687,5502168538.624733,7.308857477940738,3.4460738062919702,146137807.9105445,8.659394012199428,1578.5745771017966,33.20860680647288,44.720271008172155,239.95657529066102
11306.397025623464,718149918349.0099,1.8927776819730346,2.747176871656431,1200900.4205923018,13.36474174527467,2230.6423135784034,59.53875085331026,30.0,297.823001406374
10651.667413861851,243385452401.5249,4.042349523574664,3.1621703971488113,1221182.6144882583,14.876355156961322,1346.3890242752727,51.77964121034086,30.0,297.37169696579514
13285.97264987697,967552037720.0509,1.851031709447183,1.5430391158476384,35412714.74269023,6.5239112251151985,6428.806415371566,76.27764969082753,31.583790880928227,322.98716426063805
7351.09006301199,381542269086.2455,7.993298446424954,3.0309250023087344,220317.54754066764,18.572404901957672,2191.0701589673617,20.186587714881462,30.0,314.64406895262937
1285.0679397653412,27284398980.43889,7.443531766253911,2.4699041330837277,1525071.6471746538,15.91786158957987,3764.9953569399827,75.7038424201574,30.0,291.1383569707974
15552.459610112051,26936738473.017323,5.301193209100503,2.8306157537423946,926959517.5137762,17.042032070178763,7743.6353268709745,25.41052932160697,43.40960961099968,222.8549051356834
9656.091070617607,553373818351.3169,2.915989730988596,2.2164100806815497,20828938.450164612,13.34757257384546,7956.5121116186565,34.042690604608794,33.81610621576874,291.7974525520418
16457.707469131135,986711992319.3021,3.29905521378355,2.741737653637781,135865.64902805717,8.304521499893555,6332.232278152113,12.420547423761759,30.0,346.5742927728192
3162.3407847045773,979773555272.1843,4.422031879371282,1.571239535575516,201236.6559435339,18.686661798823195,6393.295938274508,30.756916790999227,32.129736159635854,299.90765009151266
837.5452047042331,337273635016.2935,3.5980711862002472,1.5911774250734216,3958921522.710171,18.03383182309779,7559.326777386124,23.979470204372863,92.39715367008574,114.35004937870964
6583.209073189672,482704166485.2478,1.6385403853271145,3.0976728198102954,6075642923.936627,16.578084089849774,6376.61506538255,25.207581260714313,64.46756383882679,174.6081067878108
11685.409413354279,100456705342.0103,5.765664052761375,1.7489305356008804,160516317.99489984,17.82798621646393,3613.1010302145883,50.0542684312706,48.48479055122658,241.39819302101128
10154.763367127449,522177333814.8757,5.487281376606458,1.5279678691722731,840863.5804857074,18.33638548456093,491.8841415184589,64.6551041352867,30.0,331.6062077260867
20352.412604199926,599701999346.6741,7.378019570922465,3.3249129792733063,6925179.53999522,14.939827451245817,1674.8755270268825,62.147011840991986,35.01315228215483,285.28176645437446
9757.022282724187,251062414549.65543,4.599551260685428,2.031063525487075,3367714.62245379,4.046707006018276,3561.9486509866206,68.04034446578615,33.2317808363327,332.1828999454684
13495.808900275433,612114823800.7379,3.7406082516895207,2.6647643265928767,842910772.3055319,10.794018079462594,2130.627218304234,61.193517646138254,52.069076359801684,231.2886213329327
15041.132014833709,899692852003.5022,4.824861688965485,3.17783394107701,48467255.22190667,12.339079677362676,2640.1693270942906,78.35539126256752,32.580265784233255,261.61949767708285
1034.8690953223843,956332468.1471076,2.7655174408229577,2.9918141588508576,791193559.0049971,15.478800385386277,480.8568345373342,11.293136776236748,79.19261532574838,142.8167854028425
13120.76773273163,228934545374.17017,5.5660122868611115,1.5932556416218666,6346774.250223909,9.928187231549316,4421.509026818871,79.15272585659267,40.57751823908772,286.308871268914
8948.365855271528,209920353404.37482,6.50521373813605,2.6218974017176864,2226164830.528296,10.281779260585916,2819.12399633152,38.68800519233652,64.47958958464015,211.74869475236454
10821.363128239738,123887079147.624,2.497501136941999,2.5835957341908795,13989811.849176845,19.9115220309915,2078.134053796296,43.44629103479789,33.28889274740401,245.7258568717836
2957.041263133631,166102046635.88913,3.5694909146296396,2.2001603564209242,12214349.47794841,9.071494586811854,4886.881161988013,50.41450180129904,35.34170886639958,267.13311209937416
19679.10385839181,625912919452.8423,7.1407063658815915,3.007125962736703,27892804.964511607,2.6436963059250913,2221.449800790509,10.596628912308713,32.520216125535676,306.852623107089
23588.904144808803,102695287456.25249,4.7859563661198425,3.4280113159510393,90997354.90764073,14.2081918962056,3815.3431441307034,22.719698820242797,36.6101230211523,286.8765563275477
1045.5861054252,738531870489.1127,4.956938203404054,1.794373307871828,2955012115.2934327,7.282706117757447,1978.753348891808,41.21794122153156,84.21064996569565,148.31438449729885
15233.632688878022,887022703535.7928,6.195653280846785,1.7904480074887243,19443646.827289503,5.008351991929767,5447.30814921528,63.86621280174382,31.283287048883345,288.51235050163996
19214.179648564772,926587797590.6448,5.256303298938622,2.9694720389217384,4473847601.460102,12.5878162456415,6834.6819066154685,70.9061663397265,51.29648793304315,195.2585657246873
7477.785921922291,660176154143.8865,1.9522684924798246,2.4088328203325564,9296975.293534495,19.089635059491155,662.8676389718622,20.34135061748083,30.0,245.79722950407321
19795.11182914881,197397213237.20538,6.725751127109732,3.0904378611594323,4196270.469009845,6.290536659563404,6560.603941343938,28.409059009247052,31.08885482472029,285.99802327646955
15992.698743774381,85297490243.33234,7.4984342421150405,1.7821552192941412,2986950.576312254,7.476811379253526,6815.068333537674,52.51592703777697,36.408914093424556,377.8522052329132
23264.484490641215,232025721782.0458,1.8463020144402793,1.5797150882844202,127573.3686556163,9.336526248910705,7719.773054583035,35.26881361786471,30.0,353.2420297695268
24534.617878167435,961957223827.8567,2.2881234169740816,2.895868149703282,1760839220.693453,13.77548940039351,6624.424964749332,30.853918674111934,49.63273013420145,216.14093088243513
1537.4797929682677,962345239405.5104,6.0628388143486225,3.4894221059082207,248982.42288762215,7.949179609143371,4423.6027073387095,36.83246208099331,30.0,374.3006576149774
11400.975145161652,381919501999.4581,5.429080561344415,1.6895964205914011,4695228.827132218,8.530540892491382,571.3301238456108,59.11170491555213,35.554998134934685,310.2286646319228
13901.200795666346,325792215306.0095,3.986360493316348,3.2286757789009397,1787655.9220096865,14.033062686682523,604.8454943037799,23.90200588791784,34.47626806520074,282.24214816423165
4095.209213587486,510011072248.4831,5.0051162181124145,2.2705794815468296,527452883.59314495,19.70344498713904,1581.6391471234424,14.333420469124432,60.21410813596147,174.76399944808946
8739.002845470362,291688799779.30927,6.071700692006882,1.5335790905862143,4601886237.650364,6.364256187128598,3582.326739488232,10.241982967497394,78.91352811858086,193.74524958696279
24697.362470033313,979662471993.1117,4.77909700222604,2.5200435859424215,1212129217.3125916,11.727283142537466,7643.962708873338,46.86689422384503,47.904202504538354,239.10971471528717
897.6461803905504,221222168803.18738,2.41122411013172,2.05770841424964,3980995.152729342,15.898363561381418,1411.0756703902234,27.501215943615975,38.84557285299124,273.69108924803606
11586.44432234741,369143313040.08636,2.081334189366386,2.8868062830403605,19001448.881695524,4.281952400286067,4314.990625461468,49.31470477768368,33.5842944124045,330.07891257133485
21145.038232095805,429371446329.3026,4.352581778724481,2.075661244870184,1718638.285434926,16.37546692856922,7984.5863704295625,71.66940635657235,30.0,326.5626038365356
8435.580936622566,125064898017.13907,7.498750926017419,2.463400246866092,4167743248.1240797,7.130866104309872,120.08553435514415,30.556057083276038,63.81129851467577,177.38248649849507
12255.063317501257,382825443945.3031,5.12556463560521,1.9011305026883785,392394.4652055508,2.2649074516026957,385.3880793379311,22.849932384377592,30.0,330.56484369416154
24462.12077180551,856730863371.2533,3.828430448616019,3.1562035160871207,5751382852.074192,0.5468096707275233,2166.600062079746,10.110271501115708,48.61896118955586,244.29052865954432
12134.482493654745,140361861095.757,7.406590101886731,3.3508629237362157,1170264786.1206906,0.7100825555252184,1808.934411023789,78.694704630348,48.44920273768233,317.93656903090204
3707.5721475892265,584022366804.2365,4.026109015163097,2.3066715084329275,361317138.9255483,15.9629655108209,3993.825369539332,46.17786997029857,63.25230731093073,179.93723407574913
1767.176545826581,406637731422.8787,4.809452126073438,2.397760065135965,741256105.008793,13.51502557472192,3369.4114993786525,66.14661281934477,76.30480150394324,204.1412281678618
23662.706024778738,170537555580.72864,2.2572456490866877,3.465367346423064,4974323.600381421,15.880128043729304,4673.310653445868,70.06696229828663,32.71897846286381,291.38150525727593
7012.330625239109,12337152113.041372,6.293106145875978,1.7842309534493268,3016008.3324012356,15.071308952945433,1185.1485698394256,79.66501382292763,30.6112038352572,318.4325179889098
12849.565710831497,273344030146.5967,6.051969221434152,3.1172390291800776,8074289.705484852,7.650457972939024,5489.883005516012,70.17430715687837,30.658431134531604,302.550203769158
2722.193269204231,61829898869.04122,6.662585953585639,2.6345572117004825,809219.3184351794,18.663719990844324,1725.402732188382,30.584115129852652,35.18460488572841,298.60067686383917
10879.550453489825,376769094528.2639,3.6137435372804623,3.2614688418083757,539262754.8306309,17.565014255566922,3621.4151469328062,49.50566274791837,42.909044160041304,195.1137332977748
23287.58522162804,810210045489.49,4.334345923930247,2.084857089653824,23725708.214957617,6.999615023238314,276.4675262396678,77.39148588762349,30.8451312236432,332.4830019365872
12809.11834395799,719685541192.3516,2.594221124926789,2.0923159324406866,2685652336.4176755,15.470173156174106,6384.90598455152,54.33646175314251,69.95943296072817,209.66887020515466
24292.811219157033,947383764318.0553,7.769281694627246,2.1516398961108143,2465514416.9405665,16.402180773890844,5020.585017166331,63.834463544325594,57.29454542061382,234.49377968286493
6841.473112316292,427015990321.6518,2.059502758151237,1.5332621646459108,601546.7612971546,9.794864668664268,1678.0939372154783,73.46633014149836,30.0,329.9878422534746
12861.358372746461,707801690790.4542,5.718586473886247,1.8397857981561165,1241913.4866716154,2.4523573855958842,4817.994873853163,52.95571032299865,33.1857976178047,325.41467599165156
21558.504399328467,665342056760.2981,6.084173064673711,3.4891732822396504,11303192.613266237,6.714433554793536,3501.689173062428,58.47265891192697,32.68900095366277,345.050972798194
11482.182686566723,217047086111.95642,2.5252870787313677,1.997897147567865,392710.30542463955,19.776785022039174,6611.879345119901,51.17915638798979,30.0,289.1660923000037
7347.440652469645,303583201650.15326,3.8746008378981838,1.5398341955212782,280007345.0865378,14.332910736820663,7869.926443667705,33.704625760763335,61.53987651543438,208.7867577806108
21459.1464037381,529830003568.22687,1.7803226839561412,2.0570806280769913,487504104.6420456,15.505482035131891,1004.9183875646419,27.415662868467585,33.3568532841548,288.9180390272954
10052.29198737892,796657522348.6028,5.117953674313167,2.3167803359691734,404344736.3722348,18.242890015383857,3925.951824260145,54.3474013221537,49.87989024571722,231.40729458653627
13502.720630975735,461813272650.1981,7.967097928353557,2.595574558564767,22441483.88287884,4.095119369961763,2071.6036908259966,78.67866235438422,32.632985332607035,324.3152118494569
24424.91312717107,227742308433.99112,4.294252219344033,1.6371320397308529,1644678856.6476278,19.369660412983187,5999.96053505308,74.12962426525132,52.7308060622428,213.5233475483773
5068.840721518665,993465696814.6796,7.935053432424087,3.080857839409532,106961807.60536774,10.38693305477823,285.3619863879134,24.690149232925393,42.185578976766045,265.05978903694813
7884.315599644549,115579690774.8621,2.3204652547582563,3.151002536394115,9290923430.562181,14.906336659562571,4361.154804261009,68.9929978776047,68.39675214262252,166.5227299162166
1261.2052017110786,955888951602.4203,4.050953231240673,1.9263211577434027,1194513577.5038052,6.39829604336232,6858.190951060608,11.47753961804477,86.32699376575522,165.62276864052993
10100.023892796293,809046479384.2003,7.362772305315067,3.096836376469957,408595970.0595619,6.621668141066925,3120.397823865298,51.26141852612035,49.132587844502304,286.1982279409383
5404.494049329059,838893680414.3325,7.198520630773569,2.222853814882513,413536.65696495475,7.224014584307272,6704.796520662135,75.12352864733522,30.0,343.5106864093913
17160.85591749334,794917788173.9163,3.6033452561535975,2.3462203557652686,1455459711.160823,6.993774651169251,1183.6544275632273,77.15347995918275,48.9170349316984,280.6462493026061
4942.3757397633835,208171733133.6807,5.910968794494155,3.372776508628033,3371794.3476652894,1.2969387742508214,7347.422082262434,52.21405390876453,32.224288683579225,375.8168903679947
17032.912433943806,632582744812.8644,7.26004111512564,3.283808781920034,12432872.436254814,6.226007592313728,6333.704965218494,54.15699906071437,34.0969592484259,295.7587449188087
6955.147990638283,756750055701.1193,6.48470352999598,2.2502214263809783,20596879.257966787,12.965245387861128,3134.8768812444105,37.293460257241634,37.3959365053665,238.98019427758814
9202.836935969395,745686046415.8594,5.585095280063963,2.476220611445205,4534742.643016934,18.044360234520024,1053.7158873835592,60.65469135657745,30.0,303.5039518538772
9047.085975136739,271566098978.70703,2.491741494640147,2.073047576065985,348492.95311852626,0.8812234963955831,4168.1772653280095,27.19960185265942,30.326068677745056,416.5796780179134
18060.41787900843,181120206644.29364,1.9745175017086625,2.5308685166973235,992702.7830787428,0.3817356904546981,5366.7059897564495,12.370983203002083,30.0,448.88781062695494
11929.476946889405,328123655791.5653,5.495044168807646,2.863815805669886,1040716097.5104505,11.86836234104141,1040.1230605685482,68.47127020764529,47.66589948504992,257.47104823805415
9351.823021890736,479845000532.91144,4.751791826979202,1.685335394551263,182536895.9934238,14.008502173369585,7466.0629181308595,14.225356083175578,52.12508931822963,258.5136290338858
21389.256616466522,573781173282.9294,3.0472382882546483,3.3396822523513796,5178541426.876897,12.18435882807961,6103.986874759587,56.52954402684827,57.50619416725671,205.00235365554042
14512.790328209467,836950525368.7981,3.4030036672336603,2.9377479362893597,1274505659.334102,19.462214700975903,7613.534427232919,40.58516128574941,59.521922501549575,215.8625059559287
5738.855121310946,769034458670.3883,4.048566651809166,1.6935053663231443,10258907.883783624,4.6159219582132724,2400.9545170403867,13.027984681349006,39.151136630848264,278.1851263623259
22552.236314520225,676150849515.9905,4.720885538796287,3.237977983957685,853160523.6639009,9.650833408312513,3473.107764218521,21.187109577871063,47.8272178208807,259.4654223279183
8894.932252824196,263490029453.46762,4.0366832990746815,2.9873657324856646,76233518.07026443,18.32224488923655,1928.4729414716023,17.05033613859073,43.39833443393319,222.33460745189151
1454.9947496643495,478881020054.4444,4.017395868558783,2.1262536336654976,2700880.7785996567,12.369070656231147,2197.530081209265,25.008376808664543,34.27217589780201,292.52284897045956
12617.705487374096,335436538692.0869,2.252263273523794,2.542866176595756,7506656904.581818,11.56358320265453,1170.8406992898915,54.46938666649257,57.182484305420594,186.45623958566657
3536.4823338015062,234928944622.35458,7.126337718659731,3.2202613183793316,4389903431.242467,18.66019101618904,1010.6355041407307,49.943484466874864,80.46969973398227,178.69179613104743
6342.427871035692,10246350138.119068,5.4595015315576125,3.436251246180557,363908.55799786357,6.81111107380974,5369.56766960078,40.30552164661966,30.0,355.17021917921363
18804.21638084157,339462631108.72003,2.449664199913077,2.0621547918952645,1574372185.0004282,3.1856578554750996,1263.9771904601218,69.01374386002058,35.44903591127155,246.06742228218786
3703.4194277198053,256117011598.35376,4.255183618706583,2.801116364654649,244587.12874118876,2.6281562514893873,1076.1466156553333,62.715454102018654,30.0,357.6580984692216
20270.133496673872,571902755064.4896,4.208653428192045,3.220493847985521,4406522265.201506,16.446352283260136,4281.339942795684,57.78949108042553,59.695706261075046,214.58087398241503
23454.228559208364,62302707981.94192,5.404035710179297,3.47633369768589,132077917.91666585,17.146120371336554,5634.944637465897,51.920473116179664,42.310204098004704,257.98179437466393
15360.036459994644,270520326190.60437,5.457652516020655,1.6414369772926243,680630.2111643086,4.715872934534664,6226.527323964295,58.727686854373225,33.054004877279304,345.1245096182647
17903.800204559317,44770445218.925354,5.693943890368455,2.507243931641657,1219866146.5711203,9.168573330416606,4646.10991738232,25.86157119710637,55.82880386525241,214.1215415760145
17982.871942731726,641418263095.5315,6.036369872734748,3.247331523678964,37923569.142029814,11.717792123751828,1620.475706725932,28.18752062323351,35.036156803269826,253.33541920802898
24823.7949531259,568189990379.0663,2.1718012998386067,1.5063162485990564,198494.90943449488,2.823730280742678,4590.10856977007,30.868071539437917,30.0,382.01043718848075
8867.68742393976,337480685594.45013,3.4819943037232783,2.374470439210886,982057516.3930459,16.983771855656002,5010.120722832509,61.874390877957865,51.29707425987688,195.89274484883185
4489.985505446211,147335453100.94336,1.6127608246223704,2.6683974482392654,874361335.9061729,8.406621199689987,2072.1984504547063,40.25922791619679,56.60549919586026,213.92189459106606
13219.597255400877,957919874848.9023,4.455169828522489,2.5529806171132288,25721703.88734765,17.276301390854474,1164.4375855449648,77.16526712825717,33.58354888277541,276.513899173699
13564.62034087685,584392862996.166,4.291295505896867,2.9655453726684966,452426809.94221973,15.213529271304775,7405.949113386808,12.814130590938952,51.11338025405835,208.82877759859088
4858.85596325554,679113687458.7013,6.273125046166611,1.631044173907962,158760.20282297969,5.934337786736926,776.6178420417582,36.82167583956226,30.0,391.1072307851959
15521.180765356417,531349221920.6986,2.5862601529510973,3.0708334471716863,3895228.9031274635,14.345655615743672,2224.6794480366,20.83087797964251,30.0,297.6621051569014
846.0559701821873,806533441112.9574,5.604713971315821,2.066341072266967,232333541.6639162,14.827065436050699,1859.2718934941959,67.14244799934878,57.66390101346213,171.6305337834076
23227.875860128428,896380153168.0718,3.493512286545989,3.148458773047911,1422422.5466265006,6.259698373282594,7136.954683542773,43.57261303895434,30.0,305.5698645097629
6982.06980662091,382711160887.0862,3.9824570862630444,2.3389758535585177,17867216.43831129,5.112025021930381,4020.655120357746,53.40118615495717,41.631174945129324,334.1635296143221
1469.2251055596994,690025622205.2983,6.175364605414452,1.5858371836059928,4568080977.327451,16.477384361712225,7653.0699340025,51.856472164367105,97.89049308866832,126.39557702083592
3152.1113161339977,229888254658.9124,1.9650623157282396,3.4278295313427627,1360689059.406552,13.574764161933743,6627.471672166535,15.534634261844946,70.57388135738323,188.51593528001646
6386.099232851222,651855395306.9913,3.7280887780525562,3.0610985809940936,61657049.485407755,14.804485985130107,6041.42041055262,64.86167279026108,33.508167342130136,270.57148873755415
7210.701130848108,399156230820.92267,4.043600995907737,2.1956320645646987,76485948.07606776,6.295452305917876,1422.4681265234663,67.53837512069859,48.612661547529726,283.89114757663503
1303.8449876943523,6782592619.70556,6.152370527035847,2.0400547364367263,2722889934.537704,14.457770772671648,2761.386577023631,52.52075069209759,85.81588360040196,149.28948735758266
7344.192898746364,955527912894.7523,2.7949586979595544,2.6779274569001084,2066785997.4062285,14.300416064097742,6563.960365678516,29.666314038701675,57.103737545536866,207.14825397637415
5227.072544090312,868441677097.1733,7.65818445898801,3.4745892056478223,276365.40126547613,6.698834879251328,7868.41094870994,60.686427781704886,30.0,291.4340418891933
9776.212722145705,290837259509.478,7.985452693162028,2.0803336483594954,21275849.153135832,5.445678033794567,7024.587126303697,59.046605189807345,35.61853588247983,337.1755904625574
9936.609565221246,997757316475.5463,6.822915915330359,3.3965422334923057,900053.3814371608,8.656327321380555,7587.8132040559385,73.87772346231876,30.0,366.3688063032659
8805.689644770537,317128357428.85956,3.448131259512933,2.160774239237178,260674.6418009061,14.794889424874595,5138.379718475876,18.21334768034008,30.0,280.5853335373572
8534.135146502249,458844727614.8883,5.815133251473555,2.9081955305155995,2897193.774975535,3.9120701627887042,3867.709942060517,73.68626026081907,33.61593739531711,351.8939997978728
2698.416304660655,851259174915.3909,2.040462206036565,2.2634687155840796,113036584.57241476,17.49153491661893,4122.625035979823,72.09504242559655,51.058780164795465,226.17136969254554
1117.5212045909732,304597046731.6895,7.163315552092319,1.6701044480172975,937241702.5584031,5.142756640530147,3673.349512294791,30.826918287928468,85.33471679221039,183.67879970495252
5451.8003538334315,450540833847.21564,4.8539536631917795,3.372378731226578,3650747929.958999,16.800692327708173,1247.4142409171839,60.133843637102515,55.8372265885589,175.76515644597652
19037.910971707075,665587501536.0884,2.6468545810786073,1.8278559894331918,13025088.233403835,3.1584007079558254,2453.039055876778,28.459570942728472,31.14373030151182,323.6722246229193
24774.83925600249,130468424304.87344,3.6282076371510668,3.3893829359951972,12930501.427234914,14.801841876161273,732.0889741817938,26.45670745673701,32.33449805861436,272.1210484533874
23248.89128890456,422350946341.349,6.704827839171836,1.70661365185771,583798.1833764487,11.249828704643157,717.5956949428629,54.90744551980458,30.0,354.84422875936747
12853.374210675333,309410627951.6891,7.156473988275802,2.0338948899129976,942337.3808096591,13.246106798667936,2501.5576127205272,13.502333396473665,30.0,349.46486224638636
13529.684466559389,676774629090.5122,4.878137015073753,3.341846997389111,325442.6394288962,19.48402509418947,5332.345541753292,16.753408053640303,30.009480193865823,262.5929086735777
8207.248441378142,135970254090.98172,4.622024752019375,2.817081725815146,7577094986.645279,1.0985296794683728,4913.543435473947,56.21005360899468,75.12607324310527,240.77709497488925
19461.516246622577,232732246369.45828,6.379775852596186,1.8789668716833912,434497.4000705018,3.0250831121150243,4480.109870134164,76.63084337528915,30.0,365.586438787113
19236.538854349892,711376492376.279,6.870232546370607,2.684186622910563,607032932.5557554,1.6277418059297017,5993.968885062544,12.38271442032844,53.0657024616323,273.2608509752938
21184.672760769892,156225213499.7451,6.471504280572834,1.860782416071108,3879908.2060674834,10.41675733898638,3387.3058731716105,11.604290819740642,34.376762546617634,251.7579019334367
22439.86214132367,422019840220.6275,3.99878232652235,3.248884135340684,48499693.87076025,16.066004512819354,3542.394043111165,15.234018146545749,38.023671904302155,217.5158409218735
11141.556581519746,712881009211.8967,5.6725174504605755,1.5996572146770451,2309675994.323822,1.1437545798076014,4148.967065314877,10.116511800887254,72.51634909223769,262.9105260469319
19288.45141862634,765468618961.6208,7.07283940376103,2.559555395554997,4795537123.98687,15.599163316421388,542.0584169939866,74.9818718567885,60.573856592186296,226.64042018673013
20256.768855499027,94882083790.48978,2.486444121308227,1.6269460516589251,1589101.3416744692,8.689463677218704,4657.720067712125,43.1829371193958,30.991475035429474,314.0808120939745
8057.260751194879,851995757423.8688,4.02288845324726,2.8900455021352505,3600369025.948059,18.83150162691382,6004.412549407836,58.4479483557928,74.62493783964318,173.48611284093158
23266.434978150675,723972577157.6653,1.8680227451892206,3.3715944703873344,1820799.695121882,7.684787592055047,2116.502608976709,39.14708156498523,30.0,319.7416574017326
2811.3668146715586,339295249398.72504,4.157702356968099,3.162132899343307,1056783473.9910009,19.692729067456355,6839.962889705622,79.80715080682282,56.89443329039088,167.8173823961787
24859.59488950043,763803088527.3877,6.519833545471218,2.24345565030527,119193.31109388625,11.152604836995147,2137.0687526633074,43.595197034900984,30.0,338.25972002723927
19367.2225948923,728299137041.7937,2.7806848822663186,1.9738098109595184,47441387.40820964,19.80036388591621,4110.57586790527,75.74861204746219,34.69584520421952,280.87762841612937
2785.1371804460177,600891625617.159,5.022266482308494,1.742054984773766,425660580.8305858,12.656124739197345,6997.049907231329,55.47273157701047,58.73132000835037,188.94693617560782
16577.626378572517,558481614924.6709,1.7378072672418763,3.2472479747650658,1565650584.5837216,6.959398892617604,5907.647249437518,76.34167312018326,53.34550085272758,237.35202681568586
1337.3955677423737,734703754196.0966,7.3347249397557785,1.6622182580948248,1605626147.4400039,16.078003266998024,4613.258154030854,44.659923069345176,91.59234945645909,147.66830283869538
19369.58026138248,999259902445.5529,6.830030516852934,2.7576583831555332,3121326.2669176986,9.764854546799182,4985.624026868246,71.52160661038101,30.0,342.4311092351527
20080.961580646854,578552670763.636,4.908659746615928,2.2345349389934137,1843945358.1338573,6.210719553213083,880.0034924071764,33.372070893909765,55.47983551669335,247.00877622317162
15259.051200740469,808718063044.3762,6.0876154738176735,3.491556636741928,4151787.7079718737,9.592791309507348,5597.577490756693,56.283886351775664,36.86755625970787,272.00192455728507
21493.07960195598,744273973041.8656,2.175455071647583,2.51764662703669,1475152.2267270605,17.444656247899722,4899.286961741165,53.20293556987012,30.0,316.512206214907
2898.140365264063,855808546225.4237,6.993861726582908,2.597581899406822,101710.6309934204,14.6595323429466,685.4286483234537,44.07853083124891,30.0,343.46974769811317
7260.134129999924,954524906859.277,6.149199951966514,3.3357775700297023,1508607.545848841,3.5166878930569836,1003.227660772686,45.10378214612106,30.0,364.9883581061762
10647.349279020427,193084014377.60773,2.279788078713023,3.439273806501645,391015.6311039222,16.780026851743134,7768.333867763368,21.908479142376876,33.42934427596342,320.7052553203006
1540.2198442884078,165460470935.4799,7.8744803532720535,2.6672729221890794,236964349.62766623,8.656800552804748,1433.1108556783774,73.42189794506616,55.72178651354351,216.8322933502996
11481.294145493572,586352242063.0724,1.6464478873419033,3.0923641494847,529588.0036505609,1.7032264695426595,7167.226488898476,41.79468671311143,30.0,399.70370197155654
6997.729674757867,449295613591.4416,5.585320606853028,2.7695334982168927,84511846.1127883,2.9860835054641464,2213.912713702777,20.60284052454608,42.493799785166786,300.67337447065637
10122.007796492948,570723122196.4763,2.616407478815309,2.3548009279872373,428882.96696224326,1.3699663532767516,3175.0104549534435,59.302995378309404,30.0,449.5295099693407
10915.014483811508,798042936442.774,6.175174719926988,1.6146307145493937,332730539.5897772,13.547926680473795,4448.359432150165,60.90127687368099,55.983890312639026,237.11058908061895
22045.587470448285,931714548334.7664,1.9576406507970634,2.9354877470835667,2677487.8468433325,5.1884164553857754,5010.68751874479,13.158204971400288,30.0,288.4096721911589
7123.353777927157,417416407782.7329,2.0271557384802548,2.9005255447212983,3495279.7272929708,1.972162604293618,3987.25494977637,33.2974153173288,30.776924082447106,380.38868410909964
22396.706653548667,717932927610.9789,4.53089631366036,1.7334046133774506,159193956.1467098,7.34510963139321,2794.0170232688947,50.89824741379846,40.478286290913054,309.9616488800054
10936.288637914806,196799991042.22153,7.961061525112434,1.9601377499127315,4951384109.5269575,17.345974308627444,3994.512195880521,67.5107798034235,79.19432612447154,208.35868356686
8531.289157002657,534552414802.5742,3.297355558509233,2.9642563737494108,9078315040.484344,12.593124724078336,5608.491986783545,31.742362008026042,79.8196599558368,176.41634663965357
12811.545208711077,21805755975.74214,5.481433044917397,1.7994239551890796,6113896.153671506,9.75023741432477,3177.8997857117283,30.97584655396815,36.50917239417851,248.43438069788124
10734.710515889572,503751063382.52985,4.870893983432531,2.8818700688654735,5390547361.106519,14.677233480467534,4366.515011855645,61.55975758429634,71.85584346816383,195.8256889833221
6805.621669851079,545336913789.0408,6.973777462727844,2.935954382409755,115241085.79101874,1.5641060356084806,3039.5942726600733,25.344308406587523,39.23312613780733,307.040516415944
12815.64345750364,735445600332.9955,3.375832450083541,2.2066877118798525,3406770518.71265,17.66129559148325,2646.1149026122584,72.71990891108354,61.41129591184432,224.83411730394425
4219.142460431366,649485140722.2014,5.10713847462466,2.016363699558854,137803.65632767047,3.5958370167823297,2397.5606513970774,65.32908861549252,30.0,424.3629575758955
9122.28360406267,358397375909.06726,7.679052848183676,2.2460788222072265,146508.98487389897,0.4765634483915903,1799.3923579301782,72.51387171530254,30.0,525.4557732083254
14361.860374665219,5731894982.22061,3.661807754184374,2.2183932427857878,235977.11569303594,7.279090045813736,6088.552744614447,34.76220032028924,30.0,271.59604504635456
10628.501987551535,115486758137.0753,4.356136278516177,2.7140396114091647,1051877122.5475075,1.2160243810108646,7871.332866189264,21.601515397955026,59.46063769739788,246.08801094905954
20685.852845744514,973060680456.7988,7.277286544273864,2.9876965994377267,489533.4693523099,3.383222196198801,241.66059631442386,50.954042387009665,30.0,383.57173240121284
6789.683157611573,922333235982.1475,3.661242572023976,3.223505269700728,763703.9875427415,14.793022515674094,1576.541689413926,23.29782764847884,35.202881455278344,282.828528062009
24259.403681359745,325093837987.98224,3.9743794701198008,1.5599845680042281,84527789.13270064,8.124424973437577,7714.355948180311,28.62792117590549,47.49070948401636,271.56942854453655
19725.68951085811,258853681070.94775,3.4767722577050386,2.953103114738739,6126738021.357253,0.18763181398214523,2740.7838477009122,38.0397321832144,67.91906843039841,366.3631550333925
24206.02913693807,436416857273.7437,6.761953939612974,2.1283720365783205,68479792.44999807,12.89295695071513,3117.90648259268,42.39099342782709,37.68577077237514,287.9476425422689
21034.345593342452,689940339672.0432,7.547515307845569,3.1772840214209435,460234323.34748274,14.156866549168553,5307.112570253435,32.56893187831436,42.005918394953525,226.3813866049854
3981.5461833652453,356828315830.301,5.602142724334887,1.6514339194820224,868303.0318527416,18.044171480254555,2827.954657776317,29.93039566758884,30.338304564308523,263.128749399356
13398.272220557837,67294780437.30781,5.553595853187741,2.602349020346133,3722804804.6653934,3.134322075535012,3946.6766372794696,27.270886922768966,67.30788764446443,207.08833492910358
4664.47376929675,402795689649.30396,4.035023528135638,2.5973471795080267,190275.66254053157,17.15045646693895,7206.749113902006,58.30951315950098,30.0,308.4201727030496
20546.570139367803,260589733892.43744,1.5811443722147285,2.1530229243504566,2594747.137741717,14.188723585581615,4522.622646200986,31.411489674924173,31.363379972770502,302.7728750552625
14811.97265499075,324930686281.20056,2.6305943923532267,3.4406131947067307,18561837.086905163,11.294274668128361,5338.374269582911,58.607846943891836,37.35744792810664,313.1702851931651
6954.508201744192,162958082830.05862,2.458349304836524,1.7138463023373751,1351639.1847924746,5.272311169079081,1744.4993193267524,62.00193202616376,30.0,336.9573481135503
23275.174814175698,658840410605.578,2.253233018284739,1.7727944670698446,208355068.92296875,9.183962522693648,2099.004267398847,59.99609111336542,35.57648941489493,283.72335576431965
3322.0583061993866,526631406614.2917,5.751307554347069,2.7885191963765505,247720624.40288022,4.00549723694691,7133.54504072899,74.01061330593384,59.55534702337269,290.7347787262149
14314.628885047194,270863846432.237,2.3862681904296847,2.5285984492873066,1146278.3584526584,14.368003332630023,7341.483139733165,76.81399643488172,30.0,276.1927779171792
18165.493589334772,553862927443.7601,2.056620691488675,2.0289342571040936,110396.7640804178,14.086616496016081,6457.763447401486,20.280242394365043,30.0,317.73990105002787
1941.7891646445787,492708354459.39087,3.986779792652078,2.1085435929148835,235280.66551875838,3.8710217165762044,985.3017283849656,32.441098494462636,30.0,372.4586489662247
15147.472813551989,795975060591.1714,3.1186473092913403,1.8140466174176386,100493.83621403793,5.089703107979916,6550.074577023658,65.136668764648,30.0,368.3776567089015
20489.579778845808,955984313355.9323,2.4480935466332348,3.2355282778237466,3364872226.3116093,18.027181002737034,163.62953770507852,64.72622035939884,45.873013137327625,230.9437677276081
2154.419203242308,130671378308.14697,2.449831191130692,2.6390377462793806,128330083.28232907,9.460112957142108,4776.470088590624,14.966012972187592,49.15050042999872,208.75234255012757
13049.952792112364,883913594994.504,3.1653370940879775,1.9896691523076633,492239.4046929528,11.044787994360421,5405.346154272553,77.34259638671817,30.0,325.8479524657888
6834.650864644131,704797233487.9637,4.98952346194427,2.2868415154186854,290111.27718306344,19.174574771471057,3416.957028407505,69.93432010780212,30.0,299.98346795929285
16741.64906265456,692553852744.3595,6.427621400593134,3.3133701086097664,1224543796.1249683,4.180125032222156,3838.915556762168,72.94429205102219,47.4165972646523,260.52103750759045
3407.5954934317,374301522841.57513,7.043048181138906,3.273682323306126,1135528343.311273,12.561247856047096,5937.3759816850625,24.306935652187363,72.93877783676837,207.66027847080872
23457.76005142742,343908851556.7255,6.3842160233025265,1.6382133822264155,4334092750.445378,15.491598353040027,7160.0644589341055,45.06439757137199,66.03052911515323,193.2208925700148
22420.85025201093,5640479183.032149,5.58338618807711,2.808200276559406,625701.8027774801,6.422821455757669,1522.8089838645576,40.83795474665242,30.80588503244959,337.34206848830337
5056.373286954875,982204892432.4331,7.399559753876641,1.8059423419394476,40867098.14426765,6.21089520025077,1116.4927294335007,35.22090873093734,39.589353478443535,300.5790246621639
8420.014166945064,606506225867.2164,4.878289217772629,1.9217667310965143,404930.3077144506,17.941545211688595,5043.636675757872,25.914860271897318,32.929021278851415,280.613680201635
14897.056878999554,402329221595.3015,5.616819465548994,3.2284151844928326,951037898.7630851,2.0331486431292887,1853.7691895707053,19.772459473982483,54.23804670818146,272.83389162424027
18092.527247539136,543769278123.3567,4.175533577157145,3.290380634951916,11545797.043577513,3.1892451636373225,1561.8554434603966,70.93558987392692,31.601745965100267,371.41523819812164
11345.072371426326,40527993569.22836,3.627997305724849,1.665383831787897,301389267.43163776,8.248556068043168,1635.8957666288456,47.13049533415999,48.30960578097056,236.21480927847367
4329.13738804389,173651781640.71356,3.656126566498147,3.2478466589573873,141764.80053167886,15.977899788186473,1582.7401767077163,52.05786347049461,30.0,283.2956365529532
3051.7115981703537,623360301603.4775,2.464062331129903,2.956987105686449,775630691.1343791,9.127082421880568,3822.173741372641,28.312081327935353,59.0119597138641,181.46158303535344
24994.250754401426,514262215421.8904,6.677884729380033,3.051420726533398,1404207.9379229916,5.447790537136397,7715.475654981656,75.45371568809402,30.0,401.5251691759726
11656.126975365438,787075035852.8102,1.8598925481680346,3.0836306552916213,1636898644.378697,8.434885969960238,6626.279194975319,75.5463654254385,47.75627569726663,223.69849335863475
21877.027854138207,658743031702.6466,5.88545408446938,2.514466543475991,849752.4386121993,8.936935817561771,4351.251387021542,57.00150634232485,30.0,334.41844501415306
12318.212113413305,601436074543.7112,7.118991253440733,3.3938152859764035,892249242.6100069,14.554152932668734,658.510371329381,32.438708820278684,44.85892882967186,203.73470096238802
23097.76214437708,815265889039.6091,4.733284255404887,1.9007192079611905,468304.85304364486,17.38156411695024,5386.7223422025745,26.299091952130063,30.0,322.66195140469154
2650.1048779029898,68264037288.795074,1.9563050819700765,2.509930215035086,207532535.28354117,6.458958736952396,3614.628227564979,51.668992594731556,55.86291570906507,222.87812000368328
3293.4701876964987,690887105544.4888,4.284713500639791,2.137105159776809,787578090.4584482,14.185365198169569,6229.095867495696,68.30153649323,70.69738861648777,188.1295424318001
23275.988599243494,715590997698.3021,3.730972918735274,3.1448624856050147,8534228.280875213,14.042698483539619,3956.7192084931903,77.68886601532856,30.0,297.9804535240322
23713.57960359723,275164274516.4613,7.9060055754463,1.6654014242575548,1665954.2452818144,15.350603731367405,5349.507169330514,14.773328334553248,31.79642508135074,331.9504476939455
8210.577462901401,195650440837.75793,5.993223810523138,2.367356973848536,5280049.247020769,11.526449710653159,1608.3957631447188,33.393755406500176,30.0,298.191016761021
9201.53973134986,213853261603.5237,6.188838731387979,3.0469553124906588,3040593.0250752037,0.34323504125811455,6667.391311099027,37.380456705868056,33.460427444751225,425.304608464264
11585.03075345157,198141665291.1308,4.852874973254501,2.1246818231154787,146329925.59679785,13.134553348043916,6237.598248975677,35.83177619934488,50.23602462813846,196.94019511807178
10695.961161648625,523782667121.4037,6.111192653873627,1.9809525685408975,167035.4772998361,12.26533667401732,2998.3762030890175,56.74433371701195,30.0,372.4943519272784
5156.1077910101185,135627175739.5171,6.196711348694093,2.0250983095897923,161132.04806146704,12.249813151559765,7709.516793620742,48.30445398784215,30.0,299.5593083974085
22510.196906514677,659286202133.489,1.9313327248496814,2.9271802148130908,2747026.818039274,5.6619066558209825,1291.5542582598941,72.39619169501933,30.0,328.82452930954787
6706.0362172882715,105079153870.51059,2.9469424091022574,2.0735653516776615,2425866.00467596,2.002814372469918,169.90593509317446,25.578584255032645,30.0,344.539306088714
17779.174032202463,26890613420.61589,1.5842891102877594,2.3053670909259596,767982.2647849882,3.8275841643296333,6107.468234721524,37.95322521714509,31.117966809584427,383.2287299951162
2145.314104506836,319290923155.62866,4.813748138535717,2.5913361748783554,383773279.1180775,4.363291596315802,4808.531952254839,47.88118022579418,72.99452510750929,219.4557236304832
1449.407622446522,191860531873.31732,7.192699056434172,3.381520157893384,131466.3540534524,3.5135096763351408,896.263913338282,67.1757726973061,30.0,345.9966475119159
16516.396578134554,988662066748.027,5.462104475519634,3.088695119773858,4179976565.36874,4.928511458124827,1284.4580938723882,67.62677561107284,59.00109140218142,242.4668914461869
8805.888510544879,302996997620.91675,4.751348930750111,1.8705633284480345,612962819.5118366,1.4203990030940958,1055.721796005637,70.15605603059016,49.45135130465012,281.956106539539
16558.75512164003,222064863961.42773,7.51877800946916,3.2661684650688714,10346382.037162041,5.423050139826182,1343.1566966014343,46.33943094406789,32.47720479449778,331.31266943406416
2803.519453136344,196770626729.39108,2.6194203216414005,3.189534866370407,1970934082.7016592,19.957810276442157,3696.6444186257113,26.911959253200767,71.25511843239589,154.48479391100605
23771.35880793865,373853530950.5855,1.9849280030249572,2.9904490391097376,123244511.2753365,10.252055407729651,417.18876803334535,60.837886183494625,33.24613166972352,259.18256366321395
18838.604438880837,605849289482.6825,7.462487286663165,2.5338119495438898,70981930.71098341,6.9212360669201685,4159.898166735279,76.82714674848242,39.024135501035346,302.5297240460529
21968.54720913208,781945493101.0073,7.368081406972286,1.6396299105146224,3673578.331625918,14.423720094995652,4846.933345939525,29.970976520842807,36.487407136811036,279.71752816602566
3843.5285740905174,364576883166.8207,5.939321160384171,2.9230104827783316,206787064.4889659,9.41573609424787,5821.6716941047125,23.886704015075523,54.04980996229643,195.16225106917457
8343.9437378753,625971354071.8093,3.0988645536243378,2.536684340845653,499428.76862020895,0.6384843572192608,7568.805271384192,11.573308772071334,30.0,337.3830683757537
9524.43202305543,482060416219.48914,7.8034661605784095,2.119549851635912,42120786.49445246,10.970424737446871,668.9922411459472,56.65275052233279,37.11633828818476,300.357087898052
13660.729884007054,846495499758.0521,6.4747512867248735,1.5198760000365477,380671.44766785525,6.116128148415015,290.91141715581307,48.151055848616444,30.0,357.73642521987654
7773.27789493165,569042208116.6581,5.880314793300349,1.9620979615526977,16816464.94334999,11.445118794084372,1121.7175752559883,19.4300054305942,39.186864380338434,266.0244515051292
1985.4531836404253,289892381987.4283,2.9489236061004105,2.7113803551587843,120602427.24668829,3.5056993672785164,2705.1444864135187,23.96610027869327,50.341494460797584,250.21065400636815
9537.520328068033,703587553590.9987,4.835079615615252,1.7246131726639125,599124.6491773789,9.676869650011618,4207.640096753309,56.35558075636566,30.0,280.359742185155
6736.458208368413,820064667958.5078,6.8467455684304985,2.8108374132234246,1290024.8027974984,3.9131220311405555,44.24429839239057,40.521224285223695,30.0,376.81903902104284
9955.071640848764,465441191323.3083,7.09169146075986,3.1393441776440234,1164899947.2118258,6.011367430176103,5542.03367923805,26.326163798891667,61.250368794107054,235.84801241149427
5325.508794190643,987197251685.0801,5.149295752708242,2.136356681472503,1899172.1636934227,13.758936642875518,7655.490563347023,52.40762542546083,30.0,292.0035152308614
6916.461176836019,879097000094.4342,4.8981599841752175,1.6639710789099285,300455.59126934403,4.591672548681041,2005.7336029004416,13.686604051709155,30.0,295.151656463944
15860.332340590585,196955472710.8218,6.034944883999663,1.779397580852437,4502467.704281701,8.371890639300375,80.28834338971123,11.134196978585662,32.29130966672781,285.31532595675117
10009.768947162594,786756085400.3651,4.933617488031073,2.21581786506981,4739141779.305852,1.5091147192334493,6028.430257664908,28.261441457367983,85.89746159465236,221.13816155908106
8961.893132652556,600951643398.5217,4.214926747426796,3.126868505516855,294383054.940224,13.758886820974968,6162.702054987005,30.2663125451387,46.50105778273366,201.12827341864474
13580.688001698136,534811762996.53687,2.0552235742585263,2.7685574394255106,75365329.32875174,10.80191658661601,357.64001612536504,17.305789656124226,35.49721851556602,274.49517430727576
19410.58325067618,513939072640.9818,2.3193228921512707,3.23577529619237,1592568448.9712617,16.285119124847903,4942.405113733874,18.040643182039695,49.90225562447434,206.8571478662042
9782.264930524952,853411289371.2863,6.441790543304338,3.488854225262249,199956833.25877607,10.72475523718351,1950.2894122575947,21.7462120656613,45.37640126252195,235.0164498782118
14894.227567618094,610873178030.6597,1.6603164200577425,1.9051324057983188,1136913030.3373413,19.884564484748243,5066.668537716491,60.72261465698041,51.010732310151006,234.77344388968416
24171.964321520318,537706447347.74866,1.8399826676844562,2.889642872473587,193101217.03766027,4.860580969462893,5813.7645476852085,66.43160442999462,42.76806200325464,290.6427439829587
13288.512795892242,48860857898.14232,7.380183257561715,2.4330334001258733,2095506927.2831035,14.855024321075119,1789.7182843985458,22.712346897737824,60.14159215947798,219.81057441059758
22790.040624679837,448303421455.6876,6.075981237455451,2.4869561218936407,131838082.41232511,8.674916758461897,2093.4690389423317,55.97390548730252,40.97403945516271,281.3822971353036
19944.97929428246,908041654003.9457,1.5273826924419498,2.151162807121609,2110446.497895145,7.550492126398435,4896.478955239844,26.355675174040798,30.0,282.11045092975417
1938.6077004286678,711737017607.8896,3.5282819333066726,2.185024429998821,160542.75604410082,14.644010037179088,4662.278307615318,71.6041018248847,30.0,301.468486708668
11012.922350996792,50954927102.17537,6.461569993871041,2.8525638967955347,336202.72920080397,19.113362904501948,7090.472171162525,28.824944887584543,30.589143970169197,283.81832767704907
17608.80099278041,883992398158.7601,4.214405199852162,2.7416058343920335,36494626.90474972,15.123758340264686,4087.84383914259,19.083998901135857,32.035856185490104,231.75726975137403
24674.441854980898,826667394709.8326,4.547185848577726,2.137007141254866,7225067402.557129,6.635948833964412,6400.141340522167,40.740218560226225,63.88882848273309,217.7796486234084
11730.219133457058,546684664885.3164,4.482193896799361,1.7371618376381717,627059036.94778,10.22233842986516,5858.736581022128,20.794900574597023,54.78503231884719,208.76103129652486
2773.243626105116,22406442776.8163,2.813873621183764,2.6564825746164047,753725747.2851843,4.381942601526884,5328.942996002511,23.8856795021757,67.76845415642015,191.16769420633096
14269.224780465262,562430055604.1826,6.1890443463386955,2.9787926899297705,208418185.09157288,12.423764271810777,1542.2660930110655,33.7343980461618,41.43477254395489,258.16417578169774
3600.8129070370273,54589995337.376175,2.1695411483889027,2.6172435804290197,3291854742.934566,8.081612655623518,2218.119880854859,56.25043638777205,72.1152949281484,201.07403935747547
18912.22922684514,320379639258.5208,4.7971321860533624,1.5073013469132825,475659962.95461977,4.601255082957713,4538.488169744428,18.179787615999615,53.02063409532692,242.60450925094645
12938.086437813557,628909989993.12,2.6047128784858513,2.064631024947605,1958019.6880494491,0.4707994488075991,536.8898821520901,29.8876309546978,30.0,445.98240015256914
18224.068525243518,912913170969.0906,1.802463262251514,3.0571586792700236,31434852.426062685,18.51021996348447,369.9446326664573,70.08552396723093,38.807414533446654,302.09148557791343
21799.364758523832,357796279463.84143,2.431085248906594,2.9850964105534765,10512717.19665118,1.6224756090632884,408.0379086891745,29.163855707286874,30.0,330.96476822271825
15909.22642048804,860023922859.6704,7.150677086026321,1.5208205050829855,671357.8796448098,6.619722780256829,7371.248460779289,21.7912782434027,30.0,325.93082591073824
15504.763566702948,918361092039.5059,2.6449598210729977,2.440592465520357,1293854.1516530402,3.8495507421995745,5514.139665768105,47.353150763839146,30.0,374.4960956514456
18986.972238270966,21044859413.433853,3.3093998585802784,2.3746363453006802,2665532.248689982,9.907839158525857,6695.724427982247,12.332111584683867,35.60497997536324,294.17180144980284
21140.14753559035,239428598324.69376,2.3976161234326403,2.8045627525818837,738275.2765509449,3.9391496658243077,7707.7005020479355,66.27658165983522,30.0,332.5183500290927
21791.817763786567,709862589365.1996,6.281043160775432,1.7499600801299955,1220511.8382581628,14.737410176251796,5610.743392482529,25.572314201227464,30.0,262.37022405826013
1392.5397942306408,756843286236.5054,4.39541958716726,2.74283046576454,3819150784.126494,4.535148484462589,4127.417133140788,19.30006031071468,80.18792429324292,158.83744331869678
14126.662271545838,392417457800.20386,7.633627751192961,3.3938360403221015,5202307.7633203855,3.7498605431192518,3837.353090589926,66.57419342303263,33.00644113116044,345.54553410134565
5798.59809004001,656754956018.2422,5.818109784611365,2.2434990692305,1372724699.1322377,4.376860094973815,5970.757334028632,68.99284388906139,71.42645125001127,229.93345727011956
21578.474324153693,612159005203.4177,4.954029933164016,2.174712835319516,209869.6902984375,5.986388085781135,6944.49902130593,61.431205799718576,30.0,350.5303569579815
16385.74328748235,739775221826.0984,5.768101055583092,1.556547028743756,8110487288.471662,12.854536150966853,6638.632839404265,26.421780878909953,80.40334633427722,179.73891164517082
10795.450736294735,718658709086.6941,1.762764990862817,1.614790117910863,666743370.9619193,4.232086216429866,3948.633104519181,46.8892233012275,39.95378546487462,206.0527134451274
5108.553588973107,85871712119.56335,7.679291690836488,3.3631448938594373,3416491427.651924,13.952163254057298,6190.337203530486,77.83462052361652,67.26158595342486,195.7976428836955
8806.078835035749,158251022689.88,7.7167924677121125,3.4510036930773786,42614447.082803614,8.631909144024057,3817.9257184288062,43.44362692414528,41.05296959929158,316.5803413282891
17742.5535162355,132728014532.16875,3.2949091456109425,1.5112834008731735,148829694.74443927,3.9803211325675965,3081.2409738536576,76.47478086627333,38.97039333583534,301.89627687331864
5506.8088576851505,932480137362.7491,5.583920637830369,3.3013593726863295,6369350.474966364,4.838888073273269,2388.3957852564968,57.345786844768114,34.67319037011012,338.1876632371348
2792.7821607901324,913542734810.341,2.8124490869091847,1.8479200613616418,14459594.198622776,10.570309633240942,445.8197629708719,69.14971024047617,30.0,336.05600097172095
22256.704576575,797412472184.7004,5.058566664902983,2.6227174373128594,567171071.5608718,7.6036462330114984,1617.2886852484348,23.468000670141805,41.65947806741441,259.55924289124016
19223.153564712862,116719443957.39864,6.510130054308557,2.856281847057499,177763.7486406452,10.298780646173586,5842.756367877748,74.87143890984909,30.0,351.5257269973913
5394.975801124248,574271895648.116,7.608841211235049,2.2181174211211583,152319.9108997737,16.260962803555042,1381.9694417894668,69.73411320632181,30.0,385.93318478513265
7661.632814034796,187231438859.2253,3.7049100012268674,2.5579761835414345,2369219173.6223645,0.9643359731886039,7210.404673971784,64.95347592761475,67.16731688168679,314.7385540774447
24315.7193397067,368384569174.8649,6.00778420977795,2.7550843763106103,354844.5997506434,7.902532083745781,637.8753303869393,75.88561597496997,30.0,336.1048915621903
17850.519925598375,267092009546.13632,6.156776243256666,1.8878525987695876,402855916.920539,8.338083639719487,418.503743720231,65.22151992280703,38.28459724035114,273.0386668996238
15457.789103238707,828931152556.4844,2.937467207570818,3.488513243171364,994750.0885715601,5.055797332903417,3853.849019550154,50.37229782828825,30.0,372.93063218362136
8036.897892891194,144452255067.8737,5.58870885470705,1.907763671170972,6777108.397614445,8.865490097654101,1789.0849275343205,55.40831431653436,41.19917288855371,320.74138591479687
7828.566032079795,646179522430.9071,5.7602383797205485,1.5206769293732374,2935952.98835607,11.354330140310285,832.5939916404644,67.46259885229588,30.0,339.69100328997644
1468.3286579106466,983894679881.503,6.466494691249223,3.388569184209496,28292899.00785208,11.719916246553359,488.3448937282011,62.441054282257646,34.75468536768544,209.21357620571627
18347.80573909732,687054896199.0502,7.999657173454469,2.358255401728286,1359275324.1716402,13.413174754644816,4223.0992833677265,51.42540788584258,57.90831380713269,195.90127505361414
1557.793013893671,79234409773.47069,1.7615104012721237,2.297239437852957,2386000081.883763,1.5815389466603313,2083.1190064304774,51.86555393958168,71.12330318155261,236.2274983228278
619.0047755433363,907849594113.023,2.8149827839041275,2.051342636932647,1288910.0973327872,9.227150640568286,4450.573662636428,71.61974842652009,38.52135646166164,311.9616133455352
18372.62965259399,643080034609.9185,2.4430098074783144,1.5516638535823353,4878007.860388659,15.164370666186903,1194.8993121538558,10.693812997432254,40.590995774754205,275.5765233498193
23747.40705015357,456311523294.2239,2.503821340734566,2.0291363867603023,1529622615.1817389,9.128154169436401,205.14798911291857,60.25675077247793,43.11547067107609,236.69197106924005
19034.324669319107,659692818848.64,4.452616294042773,2.2866006851319636,280656.43844751356,13.14689640292108,227.80114486611163,49.596268890697644,30.0,330.5726362887963
12055.184670297278,879044451428.3065,7.210487617984093,2.5406584977334443,384135.2772808104,11.829454858643862,910.2560546089791,68.68057950456553,30.0,358.5883406551832
12408.10861424139,477127750788.02136,4.416701248940408,2.4152884402439647,24998105.606579665,9.321142439747527,6370.378932182793,24.38058741607329,41.684565324592185,241.3044620106744
11185.342354903081,531321951490.7464,5.845122585923686,3.2580724154080456,892733394.1254919,1.6246244776070347,3593.6269281517575,46.77404960177152,42.0276051852498,271.88004669896173
8453.769844203174,452447946770.5543,3.9472444264464244,3.322659723860298,4784988.577915503,12.682838596525912,4994.644918554982,18.93510188387966,30.0,277.5792690060039
13281.998247553085,72592353732.23889,3.5778115495222482,2.13430984363143,222412.68215746112,10.713534440256009,7001.165616796999,56.156227122501136,30.0,342.8290826485547
11063.19844995732,787070339857.2316,6.922528701388774,3.419109187750919,6907767886.0578785,0.163407267599208,1708.7128975475782,63.46375011725828,68.37678262051197,314.33811360988835
15155.11306099898,126412617230.09529,5.761058815769728,3.229868344240709,4949446238.866486,4.176791055841357,6972.075338368798,53.64727302501032,56.342299883199864,247.8957716389334
22503.941972276814,394570615718.3,3.780819372536484,3.355269633069499,181763669.39748803,1.2749215410899708,5967.627383923573,48.83398958226878,38.56898225032829,369.6674863597056
24877.730724433353,386823458784.88354,7.442041698106571,2.912661764775594,256674110.44260818,11.42617348957366,5834.854705153938,34.0365271733438,38.11426843854099,220.26822963659464
2429.2106021314694,280041512045.94586,4.74032517326469,1.896543686651083,4660974820.131792,0.3522016248244979,6967.186553415306,54.78489985739783,85.90815858177878,270.5910265689398
9924.745080202863,402507723387.2925,2.7237858574453755,1.890455585315549,165697926.44780415,16.85629797406932,1015.7627212737902,72.96538053641629,36.947917595662894,285.1279373914317
4927.301796286832,618009492373.3182,4.640942106039928,3.3173031261678867,875108992.3995088,18.951707280113496,4328.6040523526635,60.49927973302702,53.6557048120855,204.18156535586934
9126.951611175575,311388000820.39954,5.885546346567592,2.5140909198688863,20776832.725130852,19.51280095731372,3873.431240590953,11.606712868484426,41.129555573719415,237.69341508062385
7543.088954436364,172512765186.33875,3.886231830165055,3.2809346143074753,1380425.5556801208,4.5703599882475965,5315.356311309147,45.61049978933931,30.33510581645607,357.0451291862675
4776.159724856313,869367641139.7561,6.984600785790057,2.941095758378634,1454322619.7282991,9.92806006562338,1911.5310364195543,61.549186112980934,64.57983342367145,218.18338133607222
19219.863308821616,970832679024.4856,4.965435873939656,1.9250246086701353,264185907.57031238,17.828817058542235,1027.3368172834812,45.291411953089025,40.140939344002874,252.26956633993908
12659.07419931628,458584365292.4967,4.540471069574031,2.2695196401259077,2804212.084082731,13.762333719487454,7787.817831150895,51.39450318655625,33.51398144532721,334.63391300987087
23021.51676432203,327020385324.8735,7.081624251214171,3.4356504300450164,130730750.92639706,6.0099838045706875,3730.7953806877467,73.81090862594667,39.054837629605856,255.9613993157178
1298.514859551855,47483030296.15155,4.508965742029995,1.5391655228870087,1208982211.1020963,16.68734008471029,1863.8420909334868,71.17650451038406,76.1052175281848,154.18206034839747
2140.961321733753,36852503758.51253,4.193665922030307,2.929167726185488,2247636.787639161,11.500026988123503,1037.9624661808596,15.692008561480499,33.87805702066927,285.0993608430233
10380.20278179343,392882602763.40643,2.1741565696677236,3.4575593941504117,693043578.1048243,14.61319138805574,4752.850222167991,45.73872450782202,47.32577110845459,223.9028626159167
2466.79434989891,930242088058.9475,3.8561972125702737,1.7082938918472559,229994.2322268713,19.3897180617323,1190.6205155805565,53.562142106790965,30.0,330.90923893108675
6936.875112163421,730708812693.021,4.080813953660031,2.0439857098937573,133273597.42826469,19.95031149467025,1472.5106563396046,69.64219611433367,46.009073759689,221.07015767344646
24657.728705377278,349270069601.35614,2.6740450749591838,2.594026241362382,9877979625.015652,10.121194169082846,7617.700376258006,28.585042980205706,73.29142380283568,189.61895337813533
5619.5103833730445,968046457135.6357,5.32085081113559,3.1875298554933984,2147205876.1125488,3.174419756610335,243.03364494461013,19.789775783715903,58.39238408785038,244.65456475417284
5353.884664596222,428758474497.82745,2.43497345857726,2.5130237396754564,2389407714.0427876,12.410206089886117,1502.773485313758,51.80082225754762,68.09251550938289,170.96980918361345
14554.196385494872,276793467181.90173,2.953983625925291,1.6191920939891433,252223625.60396987,12.894877295170271,5373.039876136459,42.7328489867987,40.06151290128436,241.3995525812306
12700.95812443234,426353818371.1125,5.147097907213414,1.754368646662307,20227193.914137937,11.464290600689122,1742.9832254469131,28.03936409928612,35.57167723709456,263.33213558901156
14720.738281469698,211544015440.60577,3.248393170710791,2.251886737665129,243263897.0524808,8.469874568251342,1463.700635172575,76.00496990256912,37.228067972674104,294.31558377242516
9730.014316109395,885638884562.0255,5.657844015834296,2.145081347521098,4036097.840308267,11.652126788531325,4456.437035703478,32.22891862986005,33.04632078754,295.7813085612839
20755.677817426204,361173949244.3799,5.9883353639845796,1.9393572623584228,58055408.74416788,10.704104050343258,5570.6917879332495,13.870015084076377,45.174699150438585,254.51663259073237
3895.2235103403395,657969306525.3569,3.458387668943227,3.180257472371581,49934367.390252754,18.896617953010562,3450.7556383950905,14.115946093365674,44.415970639187876,218.29315744196361
10995.619823115909,389047809779.9647,2.0680199297286794,1.5537633674974713,52318074.8206361,16.760128632237883,6252.489968427089,24.075756915642057,41.153564702501505,246.86398543651666
17399.165286880132,901731516232.5446,4.681436919887969,3.1586884955541557,11479895.962736454,7.904097963455316,6523.528348561911,18.171507741095255,35.67250802088308,275.0098609402218
21771.792786931044,642381109334.8784,2.1038397305968113,3.3433603472915263,5807766.559904037,11.438787499048075,4988.443313115511,37.62820949591422,30.644153209827195,289.12630732243514
9554.504355740562,488252402029.4092,4.849031929905143,2.7602220491021283,4485104.556744208,11.342755328571533,4626.774031881865,15.632530142114813,37.628695204176644,305.4122567496174
14409.767177796943,132143837038.36932,6.220415973838241,2.7507007971755284,1329395.7664406728,10.23882775725736,6532.277828187795,49.28156413960422,30.0,280.4217199320372
2193.928652677907,901916760935.5414,5.532143644560222,1.7980354259709637,15586055.726628145,1.2084076739451335,130.0892295240641,38.58738571531399,34.19014561741684,360.5502097852464
4672.817658739809,546817321454.90265,4.413739667878114,2.636635476421664,387907.58184012724,14.266260198592743,4089.9722525024886,51.85476111482147,30.0,288.83665050334383
2193.884980419805,285053687908.4446,7.648080561334059,2.250348787876125,3220087786.117036,14.638848655135478,1038.5732585628439,79.24655828468178,91.09374875792092,199.70668116462988
18333.081853963788,877927013889.8124,2.161357015034108,1.9580995230403915,223058.61360621944,9.709487086874102,1780.2385340243234,79.43311158020016,30.0,359.43297843552267
7557.469233692446,54441372953.9804,7.220009794927553,2.6666591117110627,1538486089.1232355,18.03638067927186,7592.503915579618,39.19203291413275,64.57802612521846,168.51808510868855
18231.759609700024,314077603252.65436,6.70083767216782,1.5023809341246925,1607837.0861612514,19.67924724374608,39.64480709400762,35.69377535830422,30.0,302.53239078106884
2126.7578365602267,536828864373.7464,4.228300772369799,2.052825583084317,1845422865.5220766,16.267610344188366,2463.0419993804594,57.70870174349331,70.38439129559286,149.98868232461928
21632.421110003972,339814996228.957,2.493636617354644,2.8120840485768754,399329113.22542226,18.56086810749967,1243.3444898472117,35.737572997720655,43.693509895032484,233.1023783272444
20970.489853721745,476734778644.6025,2.5131341075546683,2.410081221014684,4026017017.890602,9.775678439183432,4567.631210859669,64.47971031880408,65.65453343880024,235.81390567962646
2678.754204731925,264316988014.73154,7.491737444828183,1.7912810810088977,2244733927.8253317,18.28911368617436,6755.6367753030345,52.11521943743513,81.69941802307203,180.08684658685667
1082.0344082010697,130083960849.80623,3.0190803178086907,1.5026362234999155,320212010.8334397,18.703784720306714,3133.2014404754477,23.964105604158924,66.13939162523265,173.05727930129171
1879.0759180587838,36855101762.7131,7.181752101920886,2.0408786281399314,573316.0703659608,12.490163698916499,6699.111390882925,39.03836739154137,32.51831624869758,289.40861243767694
21413.93924209498,157647407265.577,4.771418929546877,2.5981186119102553,55619438.35216404,3.056886451031959,3527.4892598493348,70.456063409068,31.845750142856016,349.53193978290903
6250.235481771446,952946561078.2977,4.501275138727882,2.569091130227251,5001960.618639996,3.088538110875145,7273.261165617184,48.73472982608564,36.73607435863055,363.0226193301826
13932.696287525623,575403557933.6051,5.526823239294835,1.7621437987438398,2684591298.6006565,9.472501529183837,6777.090254700009,59.69431075499551,56.75672435370982,257.41224800768254
10942.98297791139,488960636317.82623,2.897754038806014,2.727394286033374,2296902023.078738,14.724831126741384,1438.767833660542,59.68954921898951,56.89123083435752,201.8400445373723
19990.375392600752,384324454981.86926,4.284409381388011,3.49784875645015,3716954.6468043565,10.052814461167483,7081.661583883491,43.75086904546493,31.987319087601232,337.99993892419764
12478.00838603143,708420437563.2394,7.600148852232044,2.6697338125222068,228295786.65955764,16.00700395676391,1548.5870354095111,30.684396423315896,46.30364324019265,223.7366930409721
12766.190596201108,141260334646.61743,3.048670038361874,2.5552763514185086,4913875.346899864,15.407279202781863,3928.2540300242486,51.74371878654925,32.1917109697094,315.79878310060496
24732.75251774761,276130591522.7958,7.490293132718386,2.7452662471858327,246009839.10577056,4.111982038085907,1576.0712320031926,17.91406439822536,43.71921247273582,266.6028414328736
4178.174140356799,655902463761.633,7.962363027959661,3.2593417805214657,117315453.01183127,2.698651248256782,3097.835171520959,51.81594338516923,47.638639088528414,274.86058912808886
20852.24649927532,479064885520.86334,1.837396722490729,3.3919986893912704,35870692.6033601,14.131398887996767,7884.978258248336,17.191704490029604,40.62056177774249,243.86770264202994
1767.8687672951773,770092768866.5497,4.953964296843915,1.5820670315053176,2466210090.5068192,6.441589990905233,6123.470122034625,73.12586211646178,100.18567053907448,166.33721495485705
12202.394854537784,897109946846.8093,2.616825448008976,1.9099876058303076,1699226.7190702884,18.63136803833709,4437.049428944259,62.071004598060625,30.0,308.70704346600746
22215.20318635908,823372767998.0647,5.541142663718403,1.7315281280119286,971255120.633844,17.37672954065845,7484.473456276917,22.684698445735343,46.12096285066356,234.33814366321903
16797.74215730097,184208530053.01776,7.932027180896691,3.04470757140528,280245478.8066682,9.052199133033794,2884.0311067858693,64.92622560816089,37.02456275314276,235.32306416667384
17287.75817447026,91471144056.743,7.3297258202183375,1.5911257179038918,2548821.0715093273,11.631091197919233,1393.9148248472352,60.80969688343921,30.0,309.9844333846368
6951.273415283896,169441431104.44797,7.511515000441298,3.305269893982261,12835972.354281051,16.94972367920044,6633.33136102946,60.991132844114865,32.07435588006288,252.41570449657326
10755.08238835563,783530908069.539,2.8867737865286456,1.5411107298062616,221345.57925719954,17.433815464448003,107.28113388436977,33.46972484427245,30.0,347.8813171408007
9481.236055726737,913831175661.621,5.02507739278046,2.705093625898247,97248584.46374634,11.161637931676902,6438.71721991701,46.591862518087005,38.86775446066324,301.23067302513783
13275.358648870859,925448942254.9897,3.026401606567179,2.051152387960534,2750772854.1343703,19.439667407231052,184.63876678306343,51.0042363564283,56.64849530560416,206.87367919296108
11824.584288519869,298216491154.6562,7.346260599254733,2.441127049882122,388232.704213108,10.443324731852988,2282.199645961449,36.38848002829505,30.0,300.5042974936343
8509.009620986239,840341537672.1803,2.7425009549826025,2.383771828009765,457080.0855879214,0.8700978402682065,2850.44232765699,49.22792161263787,30.0,380.2365680820228
7984.275003093667,536235998786.56165,2.5007329306597987,2.997786541447966,23595775.87105457,11.275768572317377,2555.047723740081,27.081148424654884,33.70293573461244,315.89041635245064
6645.895845550493,822792025556.3589,1.579057106141122,2.4932842021198365,2547713.1007020334,15.55128765549271,1955.02199410913,71.24192815668664,33.58827021684094,341.09175568937405
9443.657548676581,548365294015.1587,2.682661090563041,2.342441660253102,2424624.8786524897,19.69945630236363,874.3459015133784,77.2235570447522,30.0,260.85313966519686
4173.566209384486,145894073885.8984,2.7334585045544633,2.960554205168709,156081227.0246923,2.152103125994264,35.40877007151725,32.87130655796159,40.61903299512771,315.58522518052524
21866.55539908756,79220471853.54634,2.0036862189164757,3.351613838609711,11253351.577492503,8.838717074106018,6199.94767031102,33.96783112780989,34.40618398713912,260.21413230663455
15251.92509991897,957219191990.1904,7.140317172185533,3.0878448030471333,1672005857.0650814,11.753665042852345,3660.756831869785,25.134708610929515,54.836681081552086,204.90100863412874
3777.7674270494585,425803130629.0225,6.569985756524806,2.973434063005108,13948599.466998355,17.63519872617012,1303.933222992469,70.53455291303092,40.371060005324715,258.277738235934
17499.553688120533,350521294376.6729,3.154129732757169,2.475444162271303,119227766.45495413,14.332005191175668,666.5944655771757,21.43532563625245,37.48947932003464,216.52902520901685
21267.828465950344,356303728465.22565,6.591175071522817,3.3004315965626625,9760159.037043888,4.663363029041478,2234.718026823399,65.92011946666605,32.31316550262522,337.2425103922184
6319.623965280343,378935032541.06055,4.244069554179189,2.4726269148433766,1905976.2551427432,17.194814223291104,2841.4492461713994,68.26300468414433,30.0,350.4761222993017
4189.7145612629665,944996882897.5103,6.540882010763199,3.3605715706310733,22733197.881913792,13.301653594748016,3696.733230958595,32.13532765879384,35.08486745562951,246.58802195700585
711.1227997769254,62705524698.588455,3.599549736928628,3.10584452484322,400315245.9410895,17.90838048583246,817.4175574886009,64.37541158067617,62.440364937967885,185.91116362577608
1657.633301983885,119062168321.01176,5.170252472171201,1.8005204712202592,5808255380.123881,16.695758810424806,7839.587479416259,41.70803945689597,106.07974875366511,149.13847326462863
19175.158033436033,789651725830.3337,3.9804685227020955,1.5939843454547042,162492.80270351394,2.628786525718587,2157.283023851726,34.391682538944394,30.0,409.3974019580255
24686.065135021498,549409941930.6474,2.7198928106525493,2.9817113737321312,45617842.182308,19.21138920884882,3535.9541964395116,72.53648948834876,34.72503733234234,323.1607834403881
1599.5679006687767,128537629424.19403,5.306613746013005,2.871678323200677,151296905.6779131,9.11321367861756,5675.033290425677,41.74696655810596,54.41390983353089,224.31804573101994
18827.73849745737,34461102318.19959,6.380400199856032,2.7041777591639513,268288.85604722553,19.651922403575025,2488.4204924792853,13.866078272662897,30.0,320.8473491983036
2260.6230631035214,224235124044.87912,6.3951963098619675,3.4524785600346926,1399120498.920908,3.780792414821138,669.1507192058715,54.416498063396034,58.89506317773902,196.20404241853
15007.254210139838,260811476899.53336,3.815881219075083,2.590806095543922,2397507.604139285,15.876695013979356,3018.5582400346593,56.060162781956144,30.0,316.81434149001603
19023.844419491827,14214015361.612413,4.871626494637882,2.1957997342027262,2368970920.8730507,6.1325874350203655,4427.453008800388,54.425534015561226,59.830999935982405,264.62384491011454
9300.507733059572,216091322246.65506,6.464560890803061,2.6299317016451584,57947513.95626006,0.9438658017339481,6735.613819630572,35.22231878443293,40.49728809467931,327.87461766856285
767.9006672112615,738319198633.4628,1.8542343643968404,1.5568235050109125,575963.070648459,19.88110648292053,2949.729370297758,57.503037495766954,30.0,217.03936013497676
15082.139127072935,855433834203.3141,1.967274166455592,2.6585284691405997,496711770.00919837,6.10552964271845,7117.272474631304,30.37660237780436,46.13391427131576,228.92315215551386
24785.49338943068,898235931533.8881,3.9454478098185026,3.3048604100820462,611142.53753638,1.6563591323565487,4373.142082136076,42.50535231588046,30.0,372.8167128759761
6811.626859543146,389914642729.51074,2.9525654066882843,1.5086601370362807,399845483.024074,17.216918865782286,5742.718263143403,25.169470398340586,50.701632439840004,206.94665298211143
5142.536291086787,319414406489.8317,3.9351991270764324,3.1906076243562334,1098983310.002882,8.668804952693307,251.02542678726564,52.927670529985434,53.16917406366935,214.75106099663068
3536.1843724611163,999860848347.0393,2.109395019087553,3.1038577881982263,75447651.47192535,11.5502259294074,7166.8613089114715,66.73505352347064,50.096717175644045,251.96208866335365
14103.762687551374,769340681581.1378,5.348052199389369,1.7122062595921705,2267055.9056258826,19.697631678315936,1715.4421688862458,16.836659406774217,31.181402645136483,255.85454565824622
15112.904934326696,537352543555.47345,5.866313288963304,3.193660986243435,15370529.12630417,9.640146006716233,2613.690614327175,11.890864008730382,31.389523532151024,265.43095437564295
19910.63551067486,254772177917.96393,6.64696330131039,3.0270905314668193,43661864.23207879,1.3886153330420408,4194.00565889261,63.27940824957204,42.39683770906607,362.5082896255824
18950.295203702488,321306131579.6518,5.728399097489625,2.482092915119691,213258081.8438364,13.839163273200592,7679.040767239255,32.601587108986564,49.93977185155575,234.5668486299031
22367.266622479634,515364833465.0384,4.076479067539493,1.9904278767995462,147784093.27502373,14.226459896450631,2771.944126575561,32.667783501267124,46.52269631995065,272.83641774322376
20241.431109386383,542083377707.8308,7.577033461316074,2.0762008316957044,10048972.247222738,3.924454313632207,1771.808909896268,49.531767176127595,33.72677224962027,377.4440913505097
6558.043535446389,13679630595.033546,6.221158104181938,2.7245498509439807,617777144.9989959,10.930967775655134,7686.2102755760825,44.07162952914692,55.34577370643924,192.34846393966967
14118.996419456147,959400125871.3892,4.929928097874042,1.9926079987509933,719584540.9203231,7.415957682838413,6469.630056510886,18.50920211385996,50.085420035539556,230.87920625442558
7786.59299779271,575606671745.3162,2.8445276541813493,2.150711351347937,303148899.10188794,1.0459355955764276,5310.727551630722,63.230459197903066,52.66516131490399,282.9617246953607
8579.74179901181,589158655250.8889,5.7183374137854015,3.3616768623006146,2294951.5483987634,6.266468400540125,3282.994454361031,22.339003393710673,36.160801420298235,264.8012877323041
23332.63704613491,211471922282.68546,5.346183413058714,2.958657233012506,22232148.444570135,18.195175507807445,3369.4352895726097,67.82197566717682,31.51554148509288,304.2376728352677
17206.449674143303,764987413814.0691,5.9416449930940525,2.972148099433962,14580922.80535124,6.039934539434394,7605.8568347944565,63.504334978098925,30.0,371.89452189630435
24377.46512465209,737264782827.3226,6.577310974503958,3.4118728442433586,1213280394.1376388,4.500109553063441,560.978411988598,21.705862358587012,46.088345816929206,261.3399217920085
10714.35714960924,95158878246.79066,7.447822523358456,1.5115880396062529,1098752571.9419725,18.82121132596401,6062.426642226505,63.07495693786678,58.68038837111527,237.3090098381615
13667.220547172426,594994777265.548,7.668867843827948,1.9889716867453022,2139954419.7280118,7.677420076734162,4813.192314583711,56.26576702025277,58.24835700022642,214.14857075321893
12434.327787952332,658194087136.1345,5.596205763816375,2.8159479259207902,1431788.6219390563,18.81415315943539,7747.797570239608,78.72740859745856,30.0,295.36876535197325
3128.5329093313094,835568339005.7028,7.778714232396732,2.376543067874283,552424377.4599628,17.610675611748125,4471.658459072556,59.82802254953713,64.43992043429375,223.53849064923247
6299.198865901782,206091972826.53174,7.424245593503689,1.7256098962647415,2249034116.0123954,9.435766777487201,2251.5148357439416,37.31522172074351,67.72319014148577,177.40118344842156
13427.090834809813,877634919171.6091,1.516993320598937,3.0624673721433227,679913.564089868,7.729985156060611,6241.551030096196,53.40403501722668,30.0,358.1268925965582
2150.670475758653,461481610226.524,5.644513530599051,1.5941450681598535,158374.51689542175,2.797473161948459,7885.172343535016,56.33105570020355,30.0,369.69306841459127
23320.817268067785,96524522782.02548,2.660051163921413,2.587702224378976,336932.3742311881,3.8527986194413932,7260.554706118963,62.19552332304622,30.0,349.0868233619055
3534.170207612585,105622115889.65443,3.4187522539802395,2.624928663085034,107401880.0091609,4.687241479730088,2364.966349699554,42.80380925374337,48.89076673221515,248.35817803532854
5350.528287214224,197805255868.71588,3.4337512982813276,2.771922639221308,12830375.069965541,9.433560182456306,2777.3388278811835,67.93861016073666,32.04211111454491,253.6736133242388
19250.369986496597,282751423234.6025,4.640342657641199,2.131252605443626,944619.3109089606,7.4736630764549625,6041.013336751491,30.08592418742945,30.0,345.43398784632706
2874.896273838186,496406308053.9952,1.5706301569568817,1.5472018824636244,43804412.37745596,16.01766728200668,4789.542005987825,77.4338214051378,39.609103746842564,246.05764011979426
22556.81344057753,748751448993.3622,3.0326766521602675,3.2779665721613647,846471950.2758887,5.968685404694789,102.78596672108355,31.73014459353598,40.33542602274263,278.63379842088625
18279.67378270212,186726715293.53027,1.689286220238938,3.3584095896569117,1901465296.2410965,8.519168027643007,1143.4745669203483,12.628230962475747,52.42968208290736,207.57730324783446
2181.210999167043,992651801847.7421,5.728630677175046,2.4639774538081314,573594414.9409224,2.498013099573926,693.081507946372,24.009444326738283,65.99091264188793,228.78260339724747
17450.253001498495,161522770248.38083,7.280369261503416,1.5412807069630565,2676436685.2290773,5.46083848604585,1438.0424449265595,74.92082950467952,64.16909362359876,261.5061628239452
15974.899283197286,599378368344.1797,7.985626288907559,2.6617423204468977,104936601.17600422,15.671251768425929,2446.2289539625053,65.30359661433204,35.36796926371246,266.8954724383295
19055.061102128006,928940506930.904,4.415619796583633,2.1318597033258424,1532386805.6703362,14.156653298043079,7737.924382731873,40.755961453126005,41.787189856346224,235.40759152936968
20790.847385988727,832507590369.4042,3.190917216911993,1.8649711536673936,12188084.648392623,8.074296312136495,5414.9899774736405,73.36087069295255,33.09008944167163,321.36226923260773
18099.588797742297,647889553773.9583,7.0451733787495,1.8379053127624108,1829755613.861701,11.57059040113512,447.5426923095276,27.26431352668689,58.85934140955319,218.7406470808854
14861.319234138813,715493281297.9017,2.2355303640130733,1.858510880666335,3013463559.3826346,9.19375617611535,4862.847395049133,26.349077068853298,60.617210669258526,216.63803013580252
8400.351305253553,134206492499.73758,7.832553376864915,2.1616820011586233,270420930.9714395,17.909649947102196,3498.947734877644,19.027081197382778,56.599799723214616,201.7174168081228
17583.204714833264,9664044097.19447,6.146443455668314,2.061240431385348,14296559.077854477,7.9240804909026865,6034.776745154067,40.97026088263482,34.89661223997747,259.0404874914581
23945.803823454098,434149350211.5884,4.775575324888192,3.172849664906379,2560764.053482731,14.456183888038444,7072.585163064193,45.988792439441596,30.0,291.4926017726851
14894.28362295742,89519836819.37671,2.1282284926075166,2.4906294147800487,4225687.383052942,4.4096564103357165,531.0536765214282,20.159883004461488,30.0,320.38449727386325
16776.44927663922,357753204160.26245,1.6182735821135141,2.3552949849300964,458960.7117440388,8.710237500942554,7839.660819295197,18.022384711817356,30.0,295.5725249518292
11209.637033895118,223743569826.94403,5.039459283632604,1.7916671142289367,172111.15786826354,10.610161867986793,472.6629929213833,37.33163198773599,30.0,369.60832453951883
19024.959838705323,916346806034.0203,4.190028298360139,3.251781586242328,11805658.885358287,2.1377034664947567,5861.663058427664,26.283320968988672,41.47826913183176,346.402841703132
24942.85111229658,880056118952.0585,6.977319213353239,1.609644411587578,163434.3829900737,11.76899859158957,7226.0245443517,50.19847992248311,30.0,327.6604988167157
4429.538439659535,818943029588.1599,5.67498561800734,1.9790627177489606,2528949362.4863653,11.514566537112543,6016.2362051839145,46.703463320244104,79.94714829298921,180.1368512517014
5458.929347842177,713944584469.6891,4.307326252222018,2.742944551470635,177742158.9823901,3.217120195657268,1214.8073193374319,21.37384534272811,44.12544368483081,266.96495794494564
13716.225087277542,154072775032.0979,2.9690458906577604,2.904624856020737,1653241243.5885563,19.973057762700144,1671.8618915776854,10.929390677686964,63.44813647398975,198.17147401662655
12293.697232910627,48368377831.72537,4.62274435727804,3.1023131496382943,16675670.44520792,1.8952411017611246,339.02076413574343,55.135276419532985,35.890534202264085,370.8789008334874
14503.45972041461,653888203966.8346,2.559462812110018,2.3205826029402146,1317542.758532587,17.91130459585969,1057.264646975305,64.10198486554437,30.0,307.90531561429884
1702.3141692446895,642258494916.9622,5.835582306075705,2.1934801732828353,2827444.863113776,9.855737150884808,497.5217268556393,44.1790895537536,31.465679931046488,276.79002329918194
10404.773180096,369424915330.1962,5.4372389710274405,2.077103235925855,1877870342.519966,4.492963975291675,438.57369732851635,50.28506599154522,63.12354453267649,229.55350471425479
14782.96742060624,472687193748.93066,6.765463892820319,2.6361893421554528,406879.82164084376,2.3003347007526935,4501.27380710337,77.31980009280367,30.0,411.61921490326233
14837.188106971586,489149899088.60114,4.421940269574796,2.1972712302907245,309976785.9820308,14.003431254559997,622.8344248380208,63.73927209118061,37.21165484798073,270.49114314447615
16604.682063325152,239928892818.37363,3.3112154646789387,2.156188481351866,1344160.7597908203,15.101285784280321,3406.242513429955,33.366690933684836,30.0,256.96224834686217
18145.292710565263,314167297740.974,6.936569835032411,1.533781706870793,5832428.195953338,13.485141618343672,5680.207189472592,69.52111717037263,32.414632954519455,285.8295269887311
16217.906481850987,418390136273.9469,5.99148102948925,3.3966319750832152,103569.94958741603,8.426423900330017,130.9267095389878,48.3944567042186,30.0,345.3501003371417
19860.957307041157,603179426732.5598,6.0936095663857754,1.6211884886410801,24856721.513452712,3.4928452957248357,5114.632016660822,46.535410747705455,35.345539464851385,361.6252034631129
15806.635549772494,955819250198.1864,4.932549714141246,2.041743036621879,438292.5469990858,15.801281163375625,6059.899092192573,58.43103460189577,30.0,320.75667910701287
13668.93773216151,538485071034.4305,7.193860996764674,3.342839254681392,1987179237.5311232,17.431047897715192,4297.994053178753,40.06394852790522,48.66581671293188,213.08547043001295
15351.812507751367,731164178379.292,2.980592798564983,2.970696390524691,308063.03876833356,7.8678245728322755,3809.978046838826,71.65407753210044,30.0,351.16933639491214
2979.2374854566424,807001295394.4508,4.110998164793983,2.65627960837488,1785840.5778625456,16.832290290583497,5849.418502657213,21.709910117912862,30.0,254.20010330170533
7192.33524777524,113509007800.43228,6.6755117158213535,2.8216278263907455,118574.69860358976,12.730224691603476,4242.563648849441,39.53393045360667,30.0,305.6042425810659
13421.294626124214,653125014429.2734,2.3642458627964276,1.694120105625591,9212699193.407146,10.56321743747273,4079.17147392871,14.54045440846857,65.3472347488377,177.79598120794128
21888.186777341823,482111238143.7042,6.752711704605396,3.1172946873104443,161134538.5774069,12.231575652213015,6416.512849980666,59.37760024842928,37.90066861089612,264.5584347414555
17136.76312905583,572431369816.95,3.791868934750462,2.000213523565206,165152101.77319393,2.199630863621545,6702.062530773584,28.920665797692845,46.07589488129141,318.59711943320025
2714.9979225614907,38417897352.108826,2.3157740436973855,3.412427955757741,39292009.71436008,2.5517104267020905,2953.6617663627367,39.779727076647255,45.39740183344357,295.2557430547149
15010.736285887908,906215830331.6487,2.014471655978989,1.9627492075880375,2189159958.936074,14.547742135390449,3329.6779540448183,72.04535443210195,42.905594933623846,223.70898009491302
5932.580697108924,952784196791.3005,6.979686671899272,2.750728832463651,525945.1131861379,19.40044443560076,6408.074232201294,23.039987709745276,30.0,284.3088083338743
18483.40571482371,3482920202.6880693,6.5610010465666315,2.590648984024339,920999262.2862462,10.180692620931755,4363.496029694814,10.157606983494452,64.52094176679252,203.79117894699948
20772.300886464305,212792379249.91882,3.3722687450318567,1.7862061879373374,1085468887.1397493,1.1273140590825044,5497.639254291117,50.468386024070995,53.39363342268037,298.66898738877677
15039.678678454347,180194993514.77625,2.256354230043608,2.225854335633624,151579.96061929688,1.4080634464638913,610.64854281121,40.62816682572457,30.0,460.17317548851025
14988.383938916888,781304735975.3341,3.1070237692451674,3.0625855094778656,460664.50039918924,9.373925732415453,771.9962290729703,13.847250898678206,30.0,358.7411282597924
8795.490358664943,598080461031.7611,2.884419632008892,1.9251761479982161,54418241.58965221,13.170407493226355,4259.093535289261,30.737197170436147,35.57759356356768,278.90643547110335
11433.12551845208,177334485963.06842,6.264861735999288,3.425714629683906,282460.42108666094,3.139789295946706,6555.628078364723,26.737421556145495,30.0,279.8135248723567
21670.654668475963,813971141347.9052,2.901160048319964,2.0909672772952135,2581256.3126430307,0.7090461250879951,2539.171322333034,28.24326923450645,30.9325009652953,380.824653478906
18221.348108695336,353475518330.87665,2.904640391489563,2.7534433189601715,10431951.275887199,14.60291219760925,7685.451784622142,65.2763668268247,33.10381876344007,290.75021097631134
13233.964662548156,460857415436.2261,1.7097428612425603,2.73773407917973,611065.5410393322,2.965323726641149,6084.999357644644,31.33248629730337,30.0,322.46984664157077
9521.693463085088,387307218014.0401,5.3795879740118675,2.441556484330331,331690811.2189942,8.791690680977567,6255.876162495378,44.2738552278262,48.98060625097403,222.82765479847563
1734.3035880695818,521380685061.0231,5.978367063664697,2.810720928331518,29874913.38298691,14.696016313959175,6673.931189205308,28.586405904509526,41.87732723090315,214.60491482569756
4003.6813324964355,480142988686.25653,5.747688048162545,2.987153887653543,158154736.9515002,2.5496349015552457,2043.3607112214067,76.5378122073032,48.53124217522816,301.89686353163916
5229.11714371458,274584728078.44,5.19589451501451,2.738005942681777,23523267.374157082,8.882925638950164,2649.301541514534,64.19496728700838,31.184490848272826,313.20113529680737
9647.896809837532,424556612937.8028,7.779487167465429,2.619989238667958,11545745.604561068,2.2735297957321947,956.2700377705046,39.62978292462852,31.415820758585784,340.11138576556755
23631.519353368727,908337241517.1503,4.5728003291510735,2.713254816145527,28969784.689990114,6.9827863458710135,3049.0430187793377,60.888836210056226,36.441677731787685,299.76853465462557
12876.258174039342,502894633585.1086,7.090887302788026,2.30391184080392,3144661040.339872,18.25304424426885,296.2989859306769,32.03776523166475,60.85807411019317,184.48089965736185
6253.583999851161,916386494035.9651,5.6990644174527025,1.6417463342631002,9554195.891577324,13.738357741389189,6014.385058379027,15.756092175854324,36.50898204651699,268.67766842151724
3090.878367807095,550127497690.9167,2.047052614470934,1.819396758365564,162672066.61872375,0.5107081930312464,6422.431386118459,40.136554261669176,44.58692788055706,316.12890925042484
8788.485352772619,768817524446.8656,6.76557499634458,2.713408086079389,1478470219.571869,2.7328123422690385,1716.843582214234,49.5209748450924,56.919957650334574,274.30003922084416
20485.400571000893,293592016068.40326,5.2985255209838185,3.3543477848348844,127478883.50377837,5.911720338937732,3924.293278923133,34.4548268432321,38.262486674550246,284.803978629286
9891.898438557444,790413699630.9178,5.747916785615325,1.5514810971423645,1349963.117871077,17.916206508525175,5379.222303170332,38.107687173992986,32.98528977234737,256.5674910967153
19426.39224754913,264322348663.3726,2.6714783315550372,2.5880703941243914,407191.2270483852,14.95437246743474,5942.898848379542,60.0100176689983,30.0,307.38582326668313
20166.271915108533,19550952093.001366,4.3436856119253235,2.0041228660183794,90029667.92325854,12.368984469975574,7755.812194892234,72.68131674416479,34.95682247656954,291.70190244011013
3215.1088576182515,160729782448.74985,7.223786083432847,2.6234798109690263,433487379.38028747,3.094266228206475,1613.2198318055766,72.58742300684659,49.95227063920691,219.56395754552562
15412.163939356202,21653853379.1618,2.9003027550610496,2.9993147154674036,697727356.249076,18.581050008826352,1981.324030734701,50.29842696647999,45.38683432822935,228.1511492596593
23997.853552592213,947062694828.7867,1.5008118924917588,2.9709062643391855,294449612.6563966,16.17217647942043,6832.494238814828,54.06432501023181,40.97001219870919,261.4955326131821
10352.38283513707,999977020440.6738,3.1738066287635878,2.9497715956362676,104056.95768859056,4.826542497163957,786.7335992494944,47.29678857434979,30.0,448.81349406213593
1748.1301805740457,762230501389.257,4.669025919646678,3.057846931878874,739948466.1011202,8.116301500826065,6289.199278818985,35.98650031401306,64.04917233123753,176.46684605448414
23120.915911318025,108129055623.42387,6.838307281462488,1.6452213736419152,105466236.11254178,8.596256781418116,1075.392366622182,61.67117872260807,43.31366370040878,290.90242663244686
22149.823898525832,898945561387.1892,5.681390853726781,2.5191556678359044,8727842734.187668,11.770752152501514,3721.12098952261,17.787169861310147,75.7274696707256,214.54158467014383
13292.465456620545,743776439489.9211,7.473912548221643,2.0235569707442966,665175740.3472084,7.527467308929854,4742.022790043359,72.58099196231689,53.34434477493468,243.99688535234316
14030.201448428235,332245183157.57245,4.461168805581307,3.342541122004826,14159105.048171397,4.240029102575637,6145.341838276641,29.86036283867854,34.50978590234252,332.9283596136513
5687.65701801506,502278409531.0203,4.040298949220743,3.0657584440389423,240297800.61780602,13.35644091583047,925.0920779616434,25.31755060059799,43.85318178056906,232.3493416795748
20576.543510843614,661759679502.6277,3.0042184078721363,1.7150896947167795,120137523.32630543,13.567223057367068,6594.2241556531435,29.179594514137108,43.4797327555173,247.22534344797756
12715.700940607097,24051451622.79556,2.9174061495041768,1.98649225806036,4863706.851281101,8.875591454762729,6805.95477500327,66.82018542393517,31.740878252105126,318.03091571855697
1330.0059809926345,501541410558.98303,6.284714330552393,2.410440510996289,46520644.42878351,9.75871695958324,6350.060758515936,28.82261580065962,57.307302517256055,212.45368677998604
17233.866433000447,732395700859.5519,2.022334299794509,3.425817243612851,1051731.5385339758,1.0608700291451831,7499.116877600055,52.66770088109286,30.0,493.1642469632423
23787.158610166298,188226183670.9609,3.0776383014145563,1.7193463682421037,274884.8848825148,9.149171839763138,6979.078911575809,34.02104375741746,30.0,270.20808304261953
20814.18701347088,443791129688.7596,7.258319187010843,2.6359447370842592,462511160.8129142,16.017945154898825,6146.150006550604,55.94826002987521,43.4816674811533,246.13223990092158
7291.354435158225,532530596654.8041,5.249985317647743,2.1825750263491166,8329970.65138037,11.850075621827889,4638.893198956753,51.413857895369134,32.86269430329772,284.60053737020246
1806.4645808668458,735565636393.8602,1.8028194589441597,2.7926806834651146,600574117.3135952,18.417945627789546,6470.910382314351,79.8436565835056,53.37859815078537,182.31709729780272
23538.609607185423,964453746339.3967,6.077657814143605,2.797413454045409,27649360.18237883,14.344441630850179,7802.90963156447,31.76691930527862,37.245897945175734,287.69990237577025
23458.036759552684,848275699728.7435,4.793435390395256,1.981182973368037,1119300953.5261524,15.563859122774321,5102.180797836598,34.4865161581493,51.07772111895865,216.54800344757714
13544.1753329653,621518798711.5299,7.054391228737101,3.071618800612132,498935158.3094006,9.195392692454462,1948.4149354778451,23.91372857322355,42.11680291557479,251.5120200737419
16236.77658595261,583641091194.1345,5.935820171518209,1.6825249426696158,661690422.5370526,3.5103154320011978,1990.2885006490412,42.4735720500465,63.09582194926609,278.85578447068565
11833.701487414803,603187089885.9777,1.5289028218556262,3.136277742174666,14017076.374877771,18.248092473644682,6369.938069518139,68.61521482885797,34.40716978915682,299.40659222080353
10784.251493919588,545179097481.1311,2.837304066636984,1.923933717158988,6395820972.011645,13.200969875718004,7915.705151048984,24.769862493890074,68.67819936801584,169.35349855071576
3426.4866802531587,59363820896.0433,3.1767640536721427,2.6791585969833056,10623629.283754786,18.1940185192586,1690.391557700402,77.29868794042424,39.83165348334406,290.54649821114697
2870.4460098468526,698296696291.8104,6.064509879550725,2.19461945380554,924099619.1723872,12.36957297858478,7760.9767259384735,10.92100979562417,70.50017191438565,165.5640575811147
6201.937593566593,716337083792.8029,4.810542154855613,2.719559653243789,28050720.897187896,9.116894763675042,2153.6303297307563,66.36041111028337,37.706317463934816,277.2553009550792
20997.698286960334,512480849786.66516,6.35840873109256,2.034835696548755,1497712.029432328,2.7380456725479645,3308.295404975151,58.41380192581531,30.0,426.34067065149765
4072.89136802416,870387735014.9376,4.8336367920925065,2.6379273439010213,139498546.8218553,7.9842105134204235,7266.144686571646,73.36774317992601,45.27170027798151,237.80364398815922
6054.116971910413,672437130319.8757,3.6279999695279064,1.5163965204271284,22158844.12759153,11.971192124203661,7694.897594250469,46.52687580357632,36.59395124525139,265.17617626604965
13941.044453394084,362665295192.35913,2.173794203606481,2.248908915234404,2090977.2684772597,18.618747159075973,4539.965733616659,57.66750564844721,32.92971670215003,273.3890195573474
5770.714842917723,19695333904.28065,2.8170436413467854,3.152778758124378,8178212.642602393,16.594686328696092,7601.222851004624,13.459684342369691,40.198493667228284,252.02638366851818
4498.563775585784,59162587336.03358,4.1050705222469315,2.4260131730110155,630502.3190835295,10.287176284260402,6740.928437672169,37.60486363450869,30.0,289.53187453815275
14301.247921600076,351798909843.52466,5.084453003181562,2.4985221979799315,8614440461.25044,8.987418602587862,6932.500305470941,63.94896897061491,58.15279924795508,226.29932127999618
9518.28513941708,462105863093.35767,7.601143120739047,2.743153675827986,164406356.15643957,0.7138038880773743,6947.304205731158,17.62871804471562,48.781168071060314,338.2377172736274
15840.902503091496,166871952637.30554,3.0581811509322576,2.368419197667965,737435.830724186,7.056208785361097,3096.1279820446707,64.76781820712841,30.0,335.8339960401538
22849.03084001257,189329117094.32568,5.829552106403445,3.2341534554476272,665183826.1523145,19.627289500008388,255.02189210713382,31.579132316044305,43.774131611082176,226.89569326577154
4199.331720159158,230212128567.9775,2.491548424706461,2.306649339696377,102186256.01526731,14.833455914157433,1325.5716117032644,34.709237557148825,41.289449029798824,228.02294869564759
22879.124665420066,780513559062.9331,6.139395292495172,3.3851048684865015,409973728.83052754,10.518743635483673,605.0022573217788,55.316240055615545,37.3164816369889,291.10185069934414
22611.004201861506,771288069663.9304,1.5737157014358636,3.2538760466485166,83643436.40683036,17.252876546898207,1946.7615819390146,15.471478076358949,35.43361835378531,243.18290110627774
20812.645791729617,382939602474.7934,5.763479674542502,2.3421755653179703,200602.38722038965,0.5099638605591984,451.7982834619515,53.723827073688724,30.0,491.84224375934014
15966.504973999086,172365209220.01422,2.5609147686444085,2.2316017491972744,1038003.1210324902,19.154603209255278,2222.756488405247,73.96067475504373,30.0,283.8466124111131
15693.593107905912,110909274155.08417,2.672108901475352,2.8532560378003367,697785046.3882896,14.008391168872734,4715.790997359803,16.563499444692873,54.08450861695062,258.26648490605174
16160.710168444288,87130224917.86118,5.132899616544752,3.0106134973481247,591223462.4515023,0.31561723801668595,1137.0683685304377,27.709810655724674,48.16790028939448,355.0390018594666
17417.141004836423,391279859620.1212,3.9401750484066307,1.8717231546491762,587999093.5504131,14.125359583546448,2532.785075370385,10.95770421650543,49.94406943493812,194.24068225709115
903.8139146058469,45543387778.68608,4.5634834785804355,1.9820904063729647,119144.38699364205,1.7084005949139836,1800.8467085356863,46.25929979986783,30.0,365.69055292923275
23973.26818943592,333635703491.2979,3.5077777366156764,1.7925050332969859,1061094239.4097219,12.809965523627683,769.8666286363837,61.167213993833855,47.82163509348778,244.44254285269983
14847.292155906705,961533281007.8948,7.697535821934114,3.021383756376637,15690651.405182488,6.052668511392294,5412.027720916262,74.84787468546774,33.10998822460246,376.29698360894474
19645.91306535933,507505108105.4231,3.389264650532277,2.9288037299581697,293972872.962086,4.281240184336628,7145.280445264225,35.76207236573508,41.43679748036277,279.69277901975175
9743.405057003398,822644834190.5321,5.02330826078075,1.8781076286367524,2292970.0986324735,12.580225466896849,5730.783510577824,20.412587303349653,32.98159057979497,269.5476515178337
803.731740937001,129266816629.45319,7.053311111015494,2.573749572308686,704114331.6425124,8.709113429978467,5476.872014364102,12.035919598498001,100.63226494473129,163.93653783328452
12988.499166972877,268079514330.92242,5.817175279695338,3.0284787184067996,8154716063.057352,1.3372342156974597,7864.315790398397,32.750435067762005,63.67352213737667,251.16269268600325
12926.157923240258,946546497997.5643,3.598050155381184,3.3940573254867457,1852225.0503128523,16.455740353600458,5852.888079591348,45.85594687420441,30.459708802533196,307.3135488134
11206.237563630568,383552513382.12665,5.090838441884326,1.8570453082620628,833658537.3904606,5.359148597745623,386.3498718706466,73.0541382040285,48.27667928410517,270.4437820307296
8823.06782697088,648406480042.1938,2.039442320512728,2.1086595597793787,105864966.67581514,12.383294750057898,1753.7891401233096,25.1516072211162,39.415670544111485,228.19327187968818
6620.73915133819,976126803035.8102,5.046961617599999,2.1966795672781476,2319952.4553077724,12.206745020359712,5103.322314944859,64.69093865601911,30.0,290.07166034569724
13424.849425180979,550788205542.9791,4.304029074298023,2.7499547182664186,2963365.491184679,1.1704150760843068,5115.964262867022,43.664389375810316,30.0,340.63016913653706
9694.314422490606,305346643882.7867,6.426569095977387,1.7728377004179743,455185437.1342621,19.94646517721642,6662.461353202308,70.72745111514834,55.23400921419665,218.19138990874137
24263.331134720313,531948924003.6063,7.011368480371761,1.8868581385027856,2640765.8369588777,8.980827830582113,1279.090157193702,70.41456047589404,30.0,322.4030651599775
4736.71904028982,54638144693.65998,2.7975073907083536,3.0608736747839727,173367.55961328925,4.146864948535941,7849.9223196036555,70.03862148305626,30.0,352.94747140737013
8331.80640686363,112370761722.81708,2.02998338549496,2.584107331712141,2343157595.5186315,8.763116384046247,4135.164903040878,38.09416574794574,57.23660297318317,205.02166091292492
7702.031537651989,7172097881.164869,4.038620378091432,1.8207724630569164,88053428.08690605,12.081085829959209,7364.095453860744,34.23466179039556,49.04551409486065,227.3177060163541
13811.074817780946,884210157354.9626,4.971977653303556,2.276865496016451,619966416.5994033,0.11064362264382101,4239.450766707399,24.510204394301333,48.4778968625484,370.8673257042991
12732.366295866625,671280757619.1667,3.949212664047647,1.7689883906634656,103781201.20082645,6.037664484788871,1503.4492832774235,25.990031763649554,37.68997145445338,270.66889512814697
16271.641402894691,298330466802.983,5.58564761148752,2.225380002473684,38219691.60458319,10.74978850660163,2814.640436869021,53.13604858370589,33.99681044212645,285.3327944562544
23775.043379068095,221162198045.88538,4.786733318173988,2.3003985904232715,707802196.3343929,13.904815751484128,1777.1188941812861,77.33588248651355,45.83836017610755,268.72933952803675
7487.916594599751,683076918081.1787,7.588069225323084,1.7242208232507925,144804.3628434892,6.300453912213474,2121.161840557501,52.41711992424266,30.0,323.7135152319088
17472.903446747416,919532145253.2177,4.161042301577355,1.619666852372084,3626038.7213010765,8.107997579729734,7123.959154993711,38.862223787628025,31.522844501933314,315.9446426574526
1113.4849736269985,299139791913.0196,2.0362121241657856,3.2632037805150613,137196688.10033825,4.463507162658307,3025.382800708759,26.96954042709966,59.640992394050755,218.9449333130684
6928.5175819738015,321559787827.6724,3.462577637419601,3.2752961792804376,5246545868.54683,5.896154503071647,1469.5409284498012,55.63786452555642,66.29360931293833,214.0440400702815
11861.133335916524,854240870953.0477,5.438310105361089,1.5051577504252998,9295090.350922693,13.762780674774351,2922.693258142863,24.76617720242216,31.815203512915065,274.1478529367912
1259.3723177877941,893375922507.9364,3.1641631409460595,2.7824081928482727,7524099434.394145,6.778374069936584,4941.8885994636485,16.536324558165855,104.09967185963991,144.51514097185836
15632.901783564153,914036652793.2117,3.24842493673662,1.6873580150779597,597598240.5822358,5.628411366651521,1615.0800995772115,16.54779926528539,47.88727570156115,235.96528901358985
17118.60990584185,293154914852.48676,3.7072211461452804,3.120283291062636,26575549.07684153,6.0062705062480655,417.3385945191088,69.53215599116747,30.0,341.7605350475692
18794.927013532142,120313447283.7813,6.349921569408859,3.2591247843075033,13989172.630992517,12.272228688260519,6978.239066441536,36.757893191865946,34.81543300744344,300.2406575722309
13156.075368653801,439998132000.97003,7.610866022910749,2.733230310740452,443825.8512149997,11.238295030022517,1921.3703798063384,75.82380707171555,30.0,325.84776973472583
15296.644291976352,295765569376.3159,3.7774481200105696,2.726310914405884,119116165.11549924,8.16768275932608,7491.539277291804,44.77192457118086,36.42766999782377,264.52178518107723
10203.598656322938,883866782945.169,2.7706722584431973,2.2429630181074485,182712.53266780122,12.664710066422675,386.6809341071823,58.405425867996826,30.0,365.85555488144576
1510.6992964107822,36635905168.60307,4.23414018908617,1.9989379387257233,13975637.490316903,12.873746045434572,5210.1972994317,67.88662002534005,42.33065746004991,238.03451781511674
2948.8204664755694,633880835755.8027,3.7869580043675697,2.4985416583064928,1543632.1441946942,0.311535796346733,5325.287801192599,71.2142421098344,30.0,445.0753900826535
16547.40014293587,906181459566.7482,7.935161941800644,1.767434446953108,6045475751.283208,6.814237284681145,1256.6652355434376,21.378463289170824,74.67700607177792,207.98174346153633
24891.10483985152,976670390135.6992,4.515143680366951,2.8444497897218275,6551183.706558482,4.923563126032953,5325.20409468731,25.167139218714386,32.515207050959724,298.0826387172951
887.1793595007564,650130949167.4438,5.915341793277117,2.440173790759437,27942717.424569696,16.59097562750649,3107.2242436384868,20.50641754504592,49.06436788959997,220.01189152178495
14160.795672246377,949923007099.423,7.439622433191546,1.8552030120618614,7541634.965776402,5.544950053393327,3060.3341068614504,41.188541337090605,34.906409337634095,305.76876067140205
18899.714445622667,75660386965.60466,5.588900252865242,2.6766285055785657,485343.2684091476,6.380057033092925,7021.061247112869,20.852418004405134,32.7645498390675,292.0702311324949
20755.98328634003,359278986717.89374,3.12096008697905,3.090655673171458,5793089.388745396,10.778859585734171,7619.792301794361,55.56057625099572,30.0,299.6136420390528
13857.520079954682,8715688612.036362,5.448165619666321,2.677598923334262,785225140.4876122,10.970616013967243,1369.2103203456134,35.397885333753614,58.43239945373683,237.21370589316095
15687.941514510574,981183791007.0463,4.112196184423254,2.5593228233130887,127637526.47306561,16.228921495110562,5475.9509712641175,77.48500640414292,36.7374627246114,277.0391736535372
17569.76115922656,902726576040.2205,4.245274151352246,3.1954349562616198,15384203.449412448,7.789169193553864,1246.1341441969366,67.16110303596548,30.0,334.213659219341
21544.67311748905,28053528195.645107,7.865609778907633,1.52151077000166,1267223880.6867359,5.6592266304162,289.65408271165415,60.69960781466921,51.22533882993736,254.80647016026603
3496.093661469057,18133632327.115517,3.310841588366542,2.7334952556692587,104892.3324340109,12.184454275886432,1204.751456349567,58.2098874970811,30.0,365.46184242311176
23191.463808734155,366970127136.872,4.548078452109021,2.319384366389135,1358325962.0728662,14.579206768885502,5080.900258348583,12.77236527171484,49.356203218791066,183.00178274263226
1137.426387013465,258538708252.935,2.5391357970448016,1.8871322973153386,198462.2510864975,19.85232027591921,5814.234641070927,15.857991672173341,30.780646142341382,253.63669556635335
20986.893898465496,846932430310.225,2.660537291455677,3.4591557001721993,2245740362.264909,12.38506145227756,4061.2229436329767,40.24776918000288,52.44731187406393,225.73480626393294
2380.1404507125826,160485242787.45905,5.422648756557921,2.3076276582943787,5468399492.269598,9.840134812928301,7613.808541063615,74.02900918139825,74.2779364062835,155.554967852196
5268.391184320596,790649672051.3947,6.3816021029926455,2.170525624884445,1246945567.2604306,2.704706822430054,6115.741244753512,16.581972735968865,73.42498316259271,209.02234844530858
595.406586337749,554460145530.9633,5.636989178509494,1.8380168794812934,125305.13040758649,19.73911554205741,1301.3296072956175,39.40976311895142,30.0,277.9626215147562
11408.789285632996,377392394013.21643,3.64034598636931,3.495531902490968,42760209.319263645,13.715586712181732,1671.421479931545,65.57404392884366,30.156444029295663,280.20300752580243
8691.80105457611,145720616013.617,1.8875181216726284,3.2121027120593535,1393097182.1176023,3.3420978517807707,4772.694839187292,32.385496016066,58.66497627696202,243.61187298147627
4566.826331432169,997691308268.3651,4.556715103966498,1.6399448373499024,53098445.93149766,9.220561947221274,2673.0718226210633,75.05676721636046,43.89871006776569,261.6804708498114
11551.708939695704,617986502935.4158,4.7777527451107655,2.6315077522543664,6304977.342394377,11.228031595016196,17.13572557185209,75.42898826095502,30.0,320.16975212099425
10358.086637718505,439382793185.76166,6.509235451738821,1.7948024217509317,22567171.724304583,4.376702275093806,204.111406715449,13.988178987345767,36.63543829186332,294.4028614083187
19307.69530111917,371128185425.1751,5.661882154897706,2.931562830025894,253203.41245136608,14.663004588148398,3270.7108840549176,53.148212606995614,30.0,352.1303262103762
22381.692498715794,905728324902.6246,7.163181079406415,2.468166858520874,30308763.871091202,13.024234247981443,4193.686602491186,20.190047284024494,40.49933351586384,284.11531385231154
16487.897668293506,821191986998.9528,6.589388711518096,1.7207779283985518,137795.21587287085,4.713259720517863,5230.01677864664,40.87075072396619,30.0,348.24101972161054
3548.054523799835,811185977182.4354,3.8782055947711545,2.6140777825285797,166179420.1121745,19.795639595174663,6107.487163484048,72.84631039153184,53.47914194024749,230.11665187419337
7737.074470391341,616198856763.9199,5.609439252910539,3.321351302205625,8959035.663496751,18.97593699339222,7750.383396234729,15.13569399833106,35.42194864237258,246.92742240271403
22876.298272390857,887956694739.2191,6.357362441458323,2.182389364666305,905138.217890307,5.347146137164658,6712.533856670876,75.6152408631186,30.0,395.6161011575024
2673.9950786932845,299279072843.6983,7.7197223996228415,1.601611229523958,122155.91623209481,8.864152484468036,2853.963552382079,79.61221552286882,30.0,357.65688357517604
10467.968065075249,703706431457.1542,4.245289057044598,3.3904142225292886,4079388536.496883,17.90101943453826,4282.203760132903,56.917195349513015,67.47992081454792,190.57516977808808
23591.36317122029,404448337944.15015,5.713832950022384,1.7835983760189011,60477681.76717846,8.155602073047467,1735.200907298182,34.939015991613545,36.34885342890909,323.01283449739674
23791.2886160024,599999208560.8835,4.052314929330622,2.450104001762467,171698668.88123646,19.098669312314023,7750.337518750568,27.57088626214563,46.993809134005936,220.69453000521256
10574.477837697865,998153002459.6923,6.295883162653616,2.5893542556965685,788476170.6437278,4.048130350688289,4288.189029312628,40.28253823530409,54.55757452529907,259.65476883893916
16851.223758420536,984524796150.5377,7.427955613518622,1.9741749263625135,135816367.53462368,14.494244598319307,2004.865306378668,22.587863146517563,37.88172087938867,279.09805098104135
11690.267159672974,512619503848.43176,7.474969102177238,1.854836064076278,11628405.491988853,12.010146038995424,5795.109662346936,11.40395481980504,39.46454303141095,272.44050182798884
18959.78321619037,573863878301.3724,2.521068863018815,1.7262777612297193,137385536.85987726,6.956389483796666,3908.2436885081142,14.391703828272393,42.008772677959925,245.65088989343477
1273.7426019784634,897321871815.5319,2.8266278845357125,1.6399105647079468,1830555.4912699084,14.369961442065248,7973.833316131318,56.449592139919,30.0,264.62496993399554
4031.850148573282,985635726878.1425,6.407041430133692,2.51625309536069,64085262.750395946,0.5329996648649493,606.9375884856381,11.452886074464319,43.15422933635751,300.03641384318564
15547.870686818182,778608024018.2771,5.601564258625612,3.184041553668633,1066440.197166203,4.655853494508501,2690.422680990327,31.10232278461709,30.0,378.55751762082866
6197.530429855058,65185392774.172745,7.383197364557206,1.7535175427332026,3864684325.143185,5.262845794696249,7535.396637240776,57.34725718696342,89.99648199200644,179.70705991024036
16818.28133209414,322640411704.1296,3.53970363620098,2.901238056890997,35305177.08701871,2.393534613450684,3694.9874707516487,22.234452029816826,41.24647548698821,332.60063609853233
9104.961722801809,896562443357.9679,7.012135272450709,2.3252415408472,1476391.0511143196,0.7275240335072475,2501.238216947104,33.25939115639126,37.847278697623146,367.2000058833717
22222.816174131625,768352737497.9747,5.944543070395089,1.5704484779411723,157820214.5092428,7.091302764246979,4842.928969163141,12.200912086086255,45.832518104801395,316.6892109181884
20571.854946219668,742233328791.3561,2.7704660160178967,2.571944620009443,282877.24746568635,4.404579466767056,5319.30346367167,17.86957479917054,30.0,300.6847943437529
12574.526101685164,667923562544.9106,2.3222133984716553,2.004016532266353,14794322.889741432,2.700695643531716,751.5318206846428,25.814765957297062,30.748342399496305,333.28920503718604
19435.929633824016,415264434368.5339,6.067703413055949,2.7105081860810047,2137091390.5005624,3.188349350244235,2082.504987620719,18.83238260859472,67.16417075111849,270.49165237358443
7142.878212759714,403241917103.3814,2.529999832707742,2.1986460216777424,690704864.6244073,16.534016055768518,2478.712714585991,43.04419598626193,49.0662119615814,196.233962679554
12609.364531890635,808932678658.3135,6.663138758330463,2.8329046365259183,329001311.6339074,1.9433122868120416,1974.0261534065144,18.88632330384668,54.83317481392461,305.28425883076886
5338.310270650315,293780997984.7792,5.121117760827563,3.337006725862058,22543259.650859892,14.510861763259063,3069.19214894486,31.362742292114913,43.068944503209345,256.444073565579
21591.71112876435,684832187869.1007,4.5996359060081335,1.9890891241629183,17155192.25516698,1.126390682755743,2684.320912929141,60.649782028618226,31.316426583835312,401.3756613004229
20665.156605926164,726208797215.4331,3.2909387334892277,3.379680937975395,113906.40304660558,0.8606086296875062,5854.058966153884,55.769691764834434,30.0,498.29209992026347
22602.666876020532,844556144805.5394,7.894996367011589,1.9086177205006638,100043697.45072381,8.87274852226384,4795.486693130504,36.809935761569896,44.62861358010565,264.533112517968
21998.186039994354,319886270821.425,6.194086220918422,1.6413897644467261,76743509.63156155,7.6679676426376835,3439.262522134912,75.17616401276436,38.28430811211478,338.86279987373183
24010.108420457622,741889524948.9353,6.5574137065717,1.8854019747761595,106266.188736704,10.937682947094007,1608.0321381067001,65.10557842867837,30.0,366.9690619545724
6094.237674982186,106490791088.78929,6.4966210298246985,3.1298333990310967,484415.1260098375,14.06772936992666,3370.9090861171558,52.50235903597504,30.0,361.909707019564
23329.695124485228,138062590890.17575,5.296101251647878,2.8551124905290837,115393.34941394409,6.230723786518055,1452.0673733506906,40.57450914653728,30.0,335.39932259737725
14494.723188123942,417336622837.3614,7.6080424727327065,3.441668306522862,1844568.2534345475,3.928426609884777,7617.645411615141,14.202532535998706,37.27127629620301,296.4856615044778
10851.129555994728,55226721129.470924,5.294839771987399,2.9196546208498617,104535.93544561879,16.45123038249164,1398.4513087500554,38.89969126285355,30.0,309.5331605251426
14229.160451212889,947698373767.017,4.880296303176971,2.325262530073268,12213673.079169653,3.3478733833146985,6870.83216476261,48.16863753056855,32.218329107912126,300.6032112057873
8893.757737931806,901895908613.55,3.279117875748637,3.2848619482657524,24097145.87202077,15.979132111367583,4928.490268191058,79.37122600306131,36.52861802927031,305.2310406316659
7569.548670543327,48934646592.14762,3.331283478970877,3.41625703641692,15325275.951565534,11.763580169727243,6488.434526815225,76.61244148468437,30.0,287.32426903183426
6412.201280449455,838311883580.5569,6.289745388883283,3.0833098419202116,992992.636862671,5.82293116655357,7109.605331018102,17.854810597899057,30.0,279.07828328125055
2519.485741699607,508874665215.85126,3.6759882406574356,2.613279171670202,41475931.57467804,6.319468327070984,6433.839734406576,78.54862991087047,41.38460091797887,254.89644069425577
12665.839980106091,701963186410.6615,6.236619843453406,3.1515315626111255,1176178152.8471756,7.444057752430654,4718.466220084651,62.823234089951924,55.732120011501415,228.805195200176
22250.161054990243,886931282367.018,7.692593932296362,1.8580894146685631,2858092.319141561,11.842040569554191,2143.280960007589,57.73549596741724,36.524060100432166,338.4251825974431
15938.723247222424,576974910103.2115,4.355498339061932,3.3007000458587727,3654914.0768904653,19.593554276643765,5283.446851777768,73.24926765000211,30.50858322598453,303.80072012639886
13263.903002516452,116327983957.52916,2.132616678717673,3.499117964973072,51776085.48691813,6.399546729403054,48.69997174607446,32.75388342237111,30.64448501730215,305.0334689489085
11000.526497147453,2579607907.9757657,5.8325521286413355,2.8302803329106907,1474931.8784946415,18.84026483857883,3025.955715899778,37.951197644759425,30.0,267.59332766588454
11877.839844771202,496922035329.9143,1.5618997060206565,1.891778079160017,4885754.463829713,4.142679703374128,6865.129866569285,70.96628660698049,33.169244494638775,336.31568866843253
5627.295015512798,949232182892.2279,6.615522888269929,1.7888733243906436,18288838.334186338,2.303514440861205,4648.484172879126,17.27939105109403,39.18865640856253,361.61565550126534
20661.92899123088,572622298991.3242,4.91674526075167,3.418828811200694,8541064.69309966,10.665669950529407,2092.3833344620793,59.64118930538926,30.0,301.64915843243125
5360.382600397437,372939765149.0911,4.683259326056257,3.242705642736651,1233563523.8090045,19.530793370639405,7138.524837216964,66.68755333448466,65.80776748060919,209.12964217884775
18057.25753981917,30922986158.896275,5.201374043754967,2.997357703129534,1757793292.4804091,9.723032706898856,131.9997890865602,71.95440671307107,52.19864065221635,248.27366208599685
19119.63278165574,914979502298.7831,4.856655535575653,3.3982385072308228,10336949.023646273,16.008305450748722,7064.571372754517,25.342095392581015,31.532861986268806,301.47521341931235
14584.291529679489,327157333701.38135,3.604552266674147,2.5068075057367825,17335355.38338605,9.477299323734245,6078.039366575862,57.54725438454458,30.168464822342838,267.34949808342606
21641.6961863933,704777696537.6948,3.329807912915072,3.2754928060047286,6087943748.923305,17.007536170178383,1179.5462097046236,16.00025759114865,58.797181936281966,203.18498315502222
7630.733635040926,694237507874.2628,4.199433494055318,1.8256406279767583,32767066.27917846,16.26417815645384,512.6055277575996,70.26736321073723,30.319152224162814,272.49231463218246
22099.62192045015,253883907485.58652,7.316910332451184,1.865619436214725,9229119234.702644,13.739540371526187,7610.370701241791,43.72595612250902,66.01694762815951,225.7256556091515
18370.55626018295,63778442683.21887,2.3799079886209795,2.52468609132078,651649195.5090026,12.327441389079286,545.5951323598827,53.69154887519472,38.96133642360829,269.99696682362907
20069.37078016314,385000993671.4649,3.6109698784627913,2.1650193216890488,2094889.4244045997,10.386949401652242,7790.355336151658,69.59627848656925,32.52820998793864,276.2570707911207
16782.202883419195,317131696706.18604,2.749952781671128,2.3650385360293154,1397858.8699555332,19.13734015657621,3370.826018878744,45.42166176378176,30.0,269.6586324949172
21235.40391625425,700256698615.927,4.276390348792983,3.0963939726010663,624198.0966674491,11.169727837822457,2834.499544143494,45.60609666544454,32.77133486031037,339.18629618559135
24830.92213658208,819782675877.3434,2.3677397243006126,1.6068149418845181,1073318539.4857723,6.7759043316750045,5203.85167579176,42.52592855957712,46.44152992700687,265.4205371564077
10793.989935853646,222446194946.2573,6.445171490364509,2.9416876685604594,3422238.0122564137,17.650230871784206,3973.413486635194,52.0485186534117,35.71051860935057,299.94395985453986
20440.934250884475,528231541545.3725,2.1725380517997355,1.676458536906731,239310939.13415265,13.217695669054608,3126.4819037157054,60.21262713652817,41.81173336345912,272.0540678098183
18742.20410819182,40609306779.81427,5.82420360851226,3.19500210056084,50197345.03858236,11.18555145598791,5124.892282786289,66.36177646345493,36.2345825098532,274.66676393466247
11595.31905994444,214256608677.63898,3.2401171116486527,1.9037996130713501,1348920996.009714,13.659302978929775,2807.0316142625657,12.08624422237106,58.80187088898276,209.8504425781107
23210.250493446543,761761843560.4777,4.569234979574808,2.9698778406959914,567658529.9724756,7.009998707743039,284.486056219691,34.36540886814201,38.02109513751211,261.526862161086
10163.43527452857,793398527090.752,2.7999217511640193,2.6837587979753783,208326.55001579848,8.446017136033134,6598.868696904739,40.27692667552377,30.0,331.3179397044854
14353.91494876782,776404687047.3398,6.246453916592174,2.271244214145695,4921959.6270013675,3.9521154611781117,4121.968407700574,16.908537700751967,37.46424707114866,295.19850128709373
3095.587746278558,142388782600.34515,7.6637939302441085,2.0350725008378303,39855986.28101359,17.10766517413524,5496.609165206845,62.61349260185535,44.41543507872603,227.91023840669916
6031.492254623523,551035176433.6898,2.9413443680544735,1.6149186325328182,1042784485.837992,13.328561870377316,4605.639342529496,46.601300248215324,66.14618938100064,190.03094691383927
21097.056178077135,422708991734.96844,7.695495850133384,2.2067604138260144,371653039.917128,16.494021620901712,4917.396843050592,10.131794764285564,55.09588126362678,212.1953878815621
10215.54170930676,991486305308.7937,3.614279706574321,1.901057513202352,55849559.663339764,6.381941851265899,1759.3284663128568,54.196036027676286,41.76939236496858,318.04700974630595
10155.060190673825,654070214988.467,5.126006585837361,1.7718250079039646,1101226623.9066973,19.90897433186465,7477.938415839304,33.73153978936885,54.61820768022562,171.55035625154696
6526.534945670196,935202156193.6377,6.0603346820562445,2.9769962451782686,14950040.891497215,7.176342973954677,3587.3045340243566,60.879804171955314,34.1867697718486,320.6814436909674
12544.453190287632,145351159658.1326,2.795246004423759,1.925029982026401,189800.72614444976,7.106574901274499,7361.5732839491175,22.578659705188024,30.0,302.2804192298507
20242.51555309025,450873822226.956,4.39096559331208,1.9463160954323369,2252571801.076832,19.21467741618375,6457.274997312591,10.08466478617039,55.530488507787545,186.92024063854586
22431.52088545662,771607828498.2684,1.9408786243163256,2.180962903508087,42950355.168277666,13.118544399707952,5763.453932011336,16.077674412099633,33.54037701129671,248.67801350985008
2217.8035850825054,367858360172.67456,6.03084954418213,2.4253063192435382,1101578464.0020323,18.672174451631452,3686.3417154916156,40.82800532286878,71.65157866243749,161.68250140678944
14583.107915382829,632508863645.1505,4.20800477820911,2.5274254885794,9128692.744950633,12.481680631682696,190.9227197113467,62.36068214124903,30.0,348.5750793492327
11948.197513362196,511702660671.4883,7.29568946215734,2.8290925376808262,87651884.82549533,4.967172372983105,2528.5450752902098,52.273982448092745,38.686812645093134,295.8282774251227
15549.90533655367,991929417288.5831,3.2809472757253966,2.6770440956758543,4523400.350154157,7.845193327121082,5322.2121645593925,11.047662035872667,31.468788640036728,298.0478680561218
11458.254329252593,173873366192.9514,7.503408608105525,2.4633677594532832,11165415.064587625,17.185301865433438,2651.920178627794,51.41258046671426,42.650962725256704,295.04384333906785
10266.79811090867,935348759981.4325,2.4167589904384927,2.2878804292749404,545746.687560594,9.814765488333965,802.027680511467,43.75214659166494,30.0,324.29138990187164
12061.07745452249,401571552232.34296,5.445282029090241,2.031572423858469,510525964.58649063,14.19414347747391,4146.892852304531,65.7581515782258,52.360697899643014,215.26019422002318
14758.978654532146,467993498384.3281,3.5007531691691627,2.9198852273660787,2520121.7931387075,3.3722488813514393,1244.2915757179026,27.96662660927149,30.500592140656362,317.05665851748046
12774.088670278532,528602355088.0953,2.681580471196368,2.135002640787495,3225935.8155734283,8.025383731595001,2456.701889853773,60.32519136970023,30.0,359.5164221374458
12067.539050005831,265367284067.03043,2.1105916161745757,3.1991627870517907,5901260.861678631,16.797170821080783,4020.2850914206583,54.22437274837006,35.520345557484646,296.46363982040015
20536.965093972976,963657478953.3503,5.761676632386485,2.6723249117759735,14475400.284083558,18.823156237490572,939.0758337180129,53.60937876997841,33.7478174707617,288.985849870082
18768.375785327516,911487293747.5842,3.0155915661850954,2.767888557056361,76001044.3556469,6.519798252026762,909.1030210949873,38.38888076701878,36.06372228905202,283.16790160877565
8863.773107439223,972905127306.2625,5.223293678461809,2.5175804617554665,259437743.58338377,3.4928277263964973,1688.6096819984266,10.899381638561493,52.37985415481531,298.0325036472994
20114.13937912535,996919575289.9508,7.866221698429306,3.3571121293040957,239027320.53462327,0.5172457325862977,4738.527360385684,23.134960425202657,43.857981473341994,331.4514553066765
21414.441390610253,669800425380.8768,3.553751831816955,2.3431911372354888,13134228.865226718,2.5913198918927733,7466.251123797096,69.09746638103701,36.09423136749779,357.2052237256986
4260.559031667668,451686044120.2489,1.7271378051587374,2.3539369068376255,25671623.685254086,16.72157450418687,1919.9028687945397,53.17909476221221,30.0,278.0159732246265
14775.72031240359,850734050762.4033,2.4283469935767332,3.28602899154366,503040.0807978278,9.140894835860218,5761.391457367929,50.46985367840094,30.0,295.46692201232213
7490.143843180737,23805854031.46072,2.27559306117261,2.709813841920343,40507031.10761232,5.8678484663410115,1523.1342502699238,46.7983769438019,37.14002920623619,280.0759580496439
18609.7218872047,834404210309.4586,4.511342926834033,2.398297431448281,2428194722.362184,15.524418229385862,5087.764719389973,15.385206488484666,60.63168122447109,187.93142105240057
6350.240569287739,497286526924.9824,6.340228702794077,2.024302229033462,20056234.846443553,15.879246122472205,1110.3778449449248,34.33685158105403,33.59171600619326,289.012108609007
16949.38634223928,673220353863.3907,3.4268885075820794,1.9900888901038354,4898554739.588367,7.27510124147421,6764.59485633817,53.34048720120973,62.46978525351744,207.1734224728595
6750.55407341203,374046687296.4463,2.447978010484981,3.102868627510472,601059.8237126584,18.03228449892519,5942.646796633258,18.788506398679424,30.0,243.46185953539248
13023.022204033608,368623785243.662,5.664983981138025,2.05893215524744,483667934.00531137,9.289091046227194,5449.004292818531,74.46958735917825,44.165320777642975,225.24842105347903
23741.838463946708,31718121093.734905,3.457671357520076,1.5114753806067314,346692584.0067701,5.261562059473094,127.14759186507668,15.0853623643605,42.818414367739166,260.0183508928519
9842.034692182646,423790006639.5829,5.238607270529512,1.5389212785966473,255649394.16524473,18.000130032512665,6692.914714432375,57.58502269804413,57.59201893856138,204.99284933244525
21955.592906098587,408354787065.13464,7.569612637872887,3.456805223193129,206198735.08585817,3.101381983085576,1215.2956151740213,31.086938945792156,35.855469082542626,323.8446381389256
24680.142239495417,224791877076.96942,3.39375520702242,2.619675873245889,129282.98409581796,19.91907320951522,4272.577232175152,70.45722303469338,30.0,345.9215763246469
21933.845795726502,247324026216.49393,4.831195494160745,2.4780492637187908,513583733.72482485,12.284381917940449,6215.526488598007,67.8785908781126,42.95363064613014,261.8361402275872
4563.7177282219,584139996302.9313,6.744277438602906,3.3357521382166606,31508038.971425816,18.31118191483123,5057.047429947338,33.32479338466732,37.18648513182449,245.20600716315883
20581.626378611494,317772124768.06055,5.996167731234583,2.2033747979805858,41776393.81718615,3.6177743579185484,6554.0076224178,42.347929823302,39.33277530903472,330.98238978175806
1287.6601799637506,830252078765.3807,6.384608136064707,3.089995119310466,179623.51927579814,7.8127697276318,5673.728569207974,77.13779787536785,30.0,366.8684689023511
10135.896150633042,111385995471.95963,6.521700936564652,2.9436196255602773,874793.6896142045,17.471356106062963,6051.048242328822,52.55311874480786,30.0,272.38600531293844
21832.967646287663,577645368930.097,5.00945413217128,2.454192964643676,3589504794.990459,16.750162633814618,2397.1628387921482,10.420163116557493,54.57216383871825,177.73144709597636
17374.429212618037,160045567094.3752,4.984403701364723,3.049263794917382,3781304.7815742414,17.44343043932241,3039.0554440386336,64.4068798798171,33.457883152062465,311.76050827182104
13552.140469778013,528241098680.03186,6.172782272914908,3.4315567751852747,9319682.196959248,5.64516004157725,4016.6089159353064,35.29197836625229,34.059368132655365,313.82371395197373
10002.668614524202,552546334404.4318,6.034713755738112,1.9012147515741413,883115.6802072442,12.371479597031891,4693.424355641882,29.30885150171244,32.189659050655166,309.4430447562937
20401.27518852201,642298044228.0426,5.8553748161929535,1.535018829002043,144861811.15014166,7.822490626769672,5536.4513953207215,68.24986336840017,47.41366348276502,269.9596036609123
17884.180896731414,427425519847.9464,3.9838754989273135,3.142908812528599,505247739.3773083,6.449449349052765,4449.042111535033,77.72690168007915,36.119611000973194,267.63566733773956
11975.930330583997,509475175654.5693,6.885527196431699,2.3071741456896273,4039328811.027519,10.426545685274046,5686.553296628779,14.342805247023055,76.11773075724501,189.72909748325526
22365.866261636664,180953435128.67725,3.0353187809107807,2.5888049870300165,64612726.70239304,14.315306301854077,1214.4948778804674,37.32493573378596,35.75497737445288,253.19751169658605
6133.726436556493,463015886720.9799,2.5122577812926297,1.944924641465064,2388654.8687864416,10.394430724372436,3163.2264476291475,29.580058938969525,33.81764033730681,258.2102480372243
4674.59197438631,373031016063.9014,3.74355442425206,3.183577523705754,226368.80293748924,4.648433264429491,7307.310500263405,72.84277518852949,30.0,347.50377042748113
16248.692226172749,666131438523.305,3.1499030626322138,2.9424124981454227,2140657.516539456,16.159478040829544,1743.487118585229,70.73864744287815,30.0,305.67308967462935
24313.861396193373,434822288674.7626,5.810686329320516,3.4067332563895962,123544299.56489532,19.55688415522865,1157.8503381704809,73.07819944667335,33.23319165179491,311.94892553150345
6557.786046015873,779341871638.5692,3.001616032474746,2.450503743199368,7421946903.520788,7.289428518335806,5961.014627635002,12.986173838753565,83.30080306061609,156.69123607226481
6616.924283878749,425992672581.59357,5.767183949280648,3.4531300255216553,248879.47893584173,16.99259373822193,1563.488869531813,13.507682213830178,30.0,284.4685893711168
3917.721775073653,235771937202.7857,4.8359481664651245,2.521710785947797,8746457.504765881,17.28406229690106,3666.3000982234985,48.598026928380314,33.98539426989179,322.55875896081403
21583.80710420399,273689445269.86563,2.4909254424891873,2.7428441817255447,216859547.41700652,5.247398749400562,5697.535281362935,21.683104637376424,38.9151308782867,246.47913198446008
6046.739740077685,45286179806.41148,3.179575716786649,2.848254879643381,74619910.02194381,14.12087719935541,3883.9521823735245,17.886100401560284,41.984436638362986,245.10490362610813
12827.873904759752,539919270682.0995,4.891224097970948,2.4795429114403493,181327225.3135489,18.771423174140484,7213.072689549356,28.225084839802836,48.05047545630224,222.00178084151608
24776.375711054014,830881053019.4379,6.265184475504038,2.625560381937849,20703432.676749893,14.81012602962256,7026.406129882711,59.658042336802666,40.56527207699191,291.8352560896653
797.4520725900672,769111937705.8633,4.088635687135394,1.94661412940298,2163632.653534595,0.648934183551964,4028.575016826871,57.015785223441966,41.93858141224941,463.04277963568575
14133.909217514456,437790028549.00507,3.01341217415726,2.2247261162658165,25927540.48455433,12.110158676448616,7687.186422866675,64.96344866974351,37.30475818440109,304.3819771639751
13051.081546271173,196121159024.15707,3.418008359109627,2.9039864901844963,8085011.6434865715,15.580105772152356,2341.273214222128,14.392694596963228,34.58557993836206,262.3465760117528
20282.460722048792,863484579813.0095,2.1182617302770796,1.5779779200358686,351955419.64097476,12.381824815333463,1878.7966075606967,63.64892890124393,42.43301957065819,248.11205092395954
9204.397719043036,56781977264.034355,1.663471757086515,2.90082623993455,721313.5853439257,0.6233598993992024,5365.256874313149,44.3432265213751,33.38079529025573,420.0949547565443
10553.363293026518,399223325979.7688,7.825340527979552,2.107551289084977,30250995.072929718,2.447373214672718,4586.52881252784,31.909664945125638,42.066900644540226,306.31588781193307
4614.48052467216,856615285768.8087,2.12666457337845,2.0436716727484443,6241842346.130066,16.04236463743363,2016.344193159827,52.71992305077978,75.05022699257346,148.72770742090498
18649.973175076775,393177294227.50903,2.3117677432192254,2.886976928705222,45600519.30861416,9.78666455101208,2975.3403562118165,65.96710968825892,33.90859644784516,248.00969484452173
19725.36827510963,117876352881.48917,7.161266553017677,1.9298903254415125,1534784.3917785515,19.161638664980142,1871.8857804565746,17.27124808172786,31.44731461157877,252.92335279788398
3848.2513590813414,265950234396.29578,5.812784032175177,3.4233668717786285,4778058679.188244,8.328882705704387,1903.4473948251507,66.51046991089112,75.6141687393347,188.13640982159535
10139.698312713883,600029841713.5066,4.334471453094621,3.481358067426143,1662596.7769977269,16.443079882596518,2946.891636264975,49.86079185450162,30.0,325.2013631162892
22376.172386385733,152036755658.66318,5.7186521372180215,2.4162008157029176,570033907.837388,0.7580761895723759,7394.515283214718,53.40378197538757,44.489140599239796,327.07047799559297
566.3282050567854,654935671907.0289,7.577401352947667,2.3028366716845863,352903.7720309668,16.828243868279618,6680.833962429585,71.52665133250574,30.0,306.18284272735707
7819.5972302544915,438162493037.3145,2.1459525243320887,1.6580749127974657,1821579159.9601295,17.188201268175792,4104.221299233545,59.699131403660076,58.686206257803605,168.91600222993827
14098.535983787418,334390166431.02106,3.0841216766396595,3.0564373675883623,799600.280922533,7.273412792798605,3827.3784158820863,50.84669149311734,30.0,312.1554733906317
8685.299561668857,240926239597.68335,7.091952622559816,1.825447993092476,9351845.873718757,6.223568227192338,261.5133877629667,33.52158551887335,35.430679727031375,259.1031652822631
7165.1071348529,823330162526.7236,6.574155744457196,3.3660957209521616,6731342258.264353,18.20268011146163,3703.746359774144,45.721711308027366,74.491004709656,207.31999941461464
11770.918380128709,396674550789.4541,7.96266869012174,3.4811854779104205,78881223.56358515,15.565209250472764,4993.977025359781,68.55966119920843,41.02124926934366,275.19461611173085
4947.316148687497,738479527126.962,3.540407297969251,1.744819560163423,2089198.3762469601,11.979077143817031,6230.935754442371,79.69250574467873,30.64871091858619,315.58187625152976
13475.818403507354,440355752282.1918,7.6417615814005435,2.866011764185415,100724.66805363155,8.75508138114998,2854.277739187795,62.93064807807302,30.0,373.0040886438807
17814.050072174035,91868095019.59253,3.7339774034175273,2.4319839831354546,108129.97856546936,18.246128036179343,7355.9162239480975,65.31137955235043,30.0,392.8325054840027
14594.726339398303,440506534661.2853,6.148105742705706,2.5822917084210397,2360143.449049507,14.95708085268517,6723.140340287478,58.95926356984247,32.888811165749445,287.9086635304447
2781.1786060340073,507688272047.9842,7.237829159540312,1.8591493593095638,43079828.43510943,8.36587641406249,667.0452036489761,63.68653428065578,39.830594156880586,248.55895369993587
21188.011047056545,457842735651.18335,2.6100836191793513,2.9470417988898276,26573964.055334684,9.959566654043124,7224.554956268433,27.02257568722967,39.405244942377294,317.7304344475965
4786.957018443461,816241895506.5608,2.8366512577288017,1.83322544193024,4068254902.188362,2.0137115241626065,1790.4059286765269,39.66830811541996,78.87347233668004,193.9411988016036
19237.89401497265,910851438191.6803,5.276231212210253,3.270599955487475,661409721.8889151,16.224362730961023,7387.311045730883,48.919718898596074,45.1338476730178,267.80382872804694
9333.845214008335,786778888432.3588,6.984861005230842,2.4079492286863218,4204149775.718561,16.841960388691348,5049.131743094357,48.462489123613224,65.98506899188902,183.47273826330266
19677.65302737451,582782319429.0575,2.013171978943726,2.7697361987350897,36215204.47348493,7.145062706994259,3301.242762284446,51.808745452624365,34.56083190930656,311.40201461191754
5553.6861334309715,541450419104.9301,7.030725263413373,3.3435822140966582,17113232.89484653,6.227591991674614,3497.244476720026,78.14743550508199,34.56714644398346,283.2100742193432
5073.22154053803,644616385507.6289,3.7302834420431275,2.9758790096050736,67677060.25085422,5.0820713779111975,4506.681273899558,69.86893751450089,42.17978006680924,363.29626622239306
12677.133232328315,287831008609.07806,4.140472990821262,2.581695766899939,7256554.118917762,3.5105014351281922,6752.54420040766,67.94832342645077,30.0,332.8075732556306
1306.9323601098322,811847034301.8389,3.7090971219691147,2.30535529568672,1132550.188477989,18.958313089887156,6697.010911099122,68.12591008882579,30.0,276.29726806872975
6019.784800167168,856848320755.4834,7.424619379949968,2.4242702439874084,1525115701.6925852,15.19271806653279,3325.075424663951,65.53332414218494,57.27139145667523,209.7931577978038
18238.300178516532,267217895964.66736,2.350163122788454,2.1833461192210786,252730652.02124754,8.696439743690911,6793.727642710914,57.544245681700055,33.06570412681734,260.3355131798404
21015.895218482925,902818305321.8695,5.232784127646232,3.39236765050481,4249036.493656505,2.247901656964362,3780.9133018619123,27.957976206671876,30.0,358.46405076158226
2479.241416476356,848732875258.9435,2.4627025240676463,2.0057156882952976,17037512.775719605,2.8317699127800666,3346.231912184331,69.9036611498852,32.31479796546736,289.25194735236283
22110.903881233557,424487342995.74274,7.535865095616469,2.3186925651939445,1340414.6748920425,14.210278919634838,1953.594906220677,29.581158266080244,30.0,297.62311449829105
20039.171499302887,909000293092.5435,6.686553537981526,3.0564478493021516,65192146.88361131,4.101466738417211,6625.160835944961,60.74220040545666,36.581839440338186,301.4657294196295
21807.26524482065,120439873372.51433,3.0198252826970062,2.2286833452521284,6191426.417935711,6.990085619251955,4964.307666935142,17.768859884951766,35.32813789903234,268.7723196348825
17611.499587181577,27987531222.341156,3.435558742572998,3.273221792876239,2387132839.402176,19.14233207289273,3454.631275124839,48.30949448006874,54.436388781409704,192.24394484820763
17016.750148702136,347867477727.22876,3.979849631757404,1.9861452802940978,43834363.25273199,11.64489817894506,5302.389461293593,32.316041004973656,33.13871973470416,285.50056455759784
13364.784216949163,565436133391.6462,4.135214889420338,1.5626896834188078,11445985.42398422,16.176528152921506,6889.485791247701,59.312007190924184,36.019095749446,273.85791481522625
16493.287000037217,351443263090.25165,6.812728581108359,2.7575022245037375,559884983.2312365,2.122432705172949,1590.6124466013575,69.87007500865812,56.06449321066151,313.8813336059848
23018.186781881825,942067791603.6259,5.169466809509737,2.516506915470261,3353562868.29475,6.641204536938377,3145.612131312532,11.086901594948982,65.84733494489704,222.20861834933
2962.789034709356,254710974344.91602,4.281670546796232,3.366116159781645,1222068326.231504,17.917360700859046,3048.600136463804,18.002534156129713,72.49603341595258,182.40292893836647
8236.229707229235,281214112379.28534,6.176390270086293,2.3462646517919232,29825344.998356,16.21873853096951,617.4146601967763,74.78617767689805,33.70192074802993,268.6060945014354
2275.1468530988595,634827977717.2426,4.476121696234743,1.7711805159163878,6056429.764663935,14.482827181243914,2679.2053540700567,26.748969734821735,34.562217417940005,265.930447869061
23647.72671262894,3864878477.8258605,2.3335601097511383,2.1594910744927,204478059.81446508,11.768727127680094,6096.726103659172,61.15525896216414,40.64863737961534,243.61004213700122
11409.003916985006,727557324797.5469,2.1986796977519343,2.2864236199208463,1214339767.003855,5.415354273605289,2034.1877193557975,66.8782693876878,52.001524965455964,247.51272773914053
17045.939531566615,377470105623.67413,3.618718418668616,2.6662636276516096,7819840351.729341,11.730337016931916,6489.211155538538,61.83852316046068,59.11673668799494,218.70755553858152
21107.441580355873,977747889895.4283,5.418656544498619,2.049000982178352,19331082.745069798,1.0626611729938256,7642.475979599842,12.247512914992111,39.253763823716156,280.6760892834143
24779.50607787397,691417901612.1555,2.376468629713524,2.60062664034761,219381862.10424343,4.08576916612126,1799.5239593284168,61.47965484768529,35.71578279875661,291.2954786919796
4463.670215910511,52215902867.388,5.075872109533147,3.3160917311319276,2920897.1573257716,10.389391948758709,3283.2336932791145,77.30998679926653,30.0,305.1352130897903
20088.058840096604,92628716114.16489,3.252462691256768,2.347460699597147,273726.27178848145,0.08944775374642547,1059.3589656282265,35.81552195766402,30.0,574.6644025403591
22241.86100435004,88169018756.05162,6.020187201453896,2.803138987875262,1841995.814695756,4.682925363178763,5540.231216078647,59.71785822733012,33.75303323588864,378.96885911275353
1697.4467328464527,952622307269.6838,1.6837075576464091,1.957797174251592,118154.60998596513,3.0873481720738707,3862.7778425621755,29.352879292497278,30.0,315.62033255018633
18975.21872454655,684051857166.0465,4.548652304623724,3.1026540900920447,35248285.253615886,6.9429799782065365,4713.803092059717,79.8218752080864,30.0,348.7519272835604
9190.770369315484,427606579682.9284,1.8397169685925119,2.039341260720118,7341428.324435298,17.174146559712355,6231.759785433315,24.583802799483628,31.84741988658036,271.21534097390077
16390.621391025583,200483489397.34116,3.648300539289583,2.6596055870111135,246248758.32862392,18.951011060915732,6211.671080937282,31.38961857578925,47.54713922193934,231.483623349215
13094.180802952187,873639872796.0568,1.6012384378647142,2.10049493946537,119280697.93269251,3.342915279088915,4132.645347713724,21.753391158545753,39.064074266315814,258.51249851767534
6863.685176122604,201556726115.41278,4.5491419437565535,1.634804700123694,690767.9390197264,4.6599384966708906,7059.743317970791,76.86240921255491,30.519466838166217,340.0071522499677
3812.923369097658,706679509796.601,6.485603145107076,2.1393254811220617,233941878.25088346,16.945201404524973,7456.13091064171,49.99984640318441,53.383771851046845,227.3342901971367
3365.207210685603,763324598220.9845,2.1514302453486396,1.9240613214226985,864970.1559539404,3.4948900704699377,5049.399327207473,27.288947207756788,30.0,335.1547373655003
3031.4100138580466,294656794199.3194,6.278947497961176,3.285347536805258,107094.14334922053,14.83926306000355,316.8671509757865,19.415396603300977,30.0,304.8356885908846
16125.855983297155,504915232255.9051,5.297269236100153,2.0323242292762864,7095178318.925513,1.7552952507085422,6209.966007636107,71.23647707184298,64.37783834445005,231.19515065969455
9109.565859288683,222990059329.11157,4.7799342753841305,3.448846363537844,136434.82407725643,12.983686760321264,7136.4185098303105,14.386170984065405,30.0,310.003329925155
5807.519236043875,378930278525.84064,5.39664120482157,2.4846916234497307,5113819.366385619,5.350717445031785,4457.54270038377,55.02841111071441,37.83820228491641,320.0452538264214
17451.184771294626,965134433145.6105,3.683331356239771,1.9421299331352984,154012583.04359603,15.003746630650127,5605.859340439076,52.709009976053885,42.03253853639876,257.2700676487744
17327.814361278437,693138341516.3956,6.117207099493881,2.282688266331391,7110050.506916254,10.411495935874633,2854.793477938153,64.02564702163684,32.41180583608367,307.41820898184454
13709.623162746444,846614359576.3088,6.56782797248502,1.8668622349951747,8054633.308331892,3.618955627516073,4021.814210914214,57.72923558813861,31.54619142678822,324.82578722076886
23406.466513213345,540600030867.1695,6.558455126314703,3.1673665076909074,410806874.25926554,8.074469495822292,6386.870005392891,68.55326189700746,47.306800615295515,261.69358592746426
9942.648670314822,239040503111.61398,3.251488631058975,1.7399385386129507,102510811.68931742,10.311339076663826,7008.929691700166,12.662199325584522,42.905692937917365,211.1540810223428
20978.64279609768,712880143787.3369,5.750395562984041,3.2470555029908263,39073942.34790431,19.919736537873543,930.5779682198936,40.120393603825065,36.40291482995909,253.95445832305143
2340.9154943388094,500568460222.60565,2.462622217344297,1.5918340969041764,2701367492.733997,9.633229768867405,147.31554388421455,15.667626887187787,78.62913103172338,142.309969068712
18625.86180394336,176849691258.19058,4.720227488375736,2.099215863058666,347190.81729752297,3.0672316309950065,2994.999139221335,38.36521220830116,30.0,382.98749432504343
24716.961638882287,412430477188.3206,1.5170901903868643,1.7797734404855536,22327377.258274775,11.126794431502896,3133.431752795302,49.25780244220899,36.703333383345516,273.8839258006769
21241.656299051512,634840584176.0869,2.7583139335542173,2.8705310918414746,1567955.4269170528,4.443240706403906,6188.909699475656,51.564240646441576,30.904163985359226,334.982152415262
14701.785623096453,735332121350.3816,5.606271752911937,2.524643461986082,152770.40882648004,17.59733416940677,78.69185295172312,74.73378025965923,30.0,355.0583415433112
15855.768576015436,243221552669.55585,7.183349783820341,3.3786791456957417,7855403735.655051,16.689659929403568,6114.385970382334,74.52054805651323,61.62855970547664,183.79048374249084
9155.593961205197,875997463351.9917,1.818683940809158,2.2323615221612982,467879628.38476545,2.6165100697885397,4295.248285965504,31.68506179176046,43.6417559636467,240.99391547313502
17147.387847323545,379551727523.5709,5.130593149133146,1.581498187000987,1204835.0133908275,11.788087177587359,5585.62485702836,58.9348105686999,30.0,320.05526044309204
19374.686887942513,271137446756.03052,5.639037630682698,3.023318126390267,10284218.041121734,13.945319286302814,4078.9761534829045,59.889516775053465,37.99375613791043,338.64562838317676
24956.59778738742,195120860333.66934,7.5605413776878505,2.6590012993514347,1349339.4529850564,5.070706468327336,6327.891972915214,77.00063918441032,30.0,378.97567699885957
12565.341466510608,804171530231.6392,5.758434665192217,3.1548706104888278,265629576.53229958,12.546183915111632,3502.1844172622964,15.875395021603957,40.745032907075604,261.8386033627107
2001.9496114493356,354165220801.4875,2.1697125660597996,2.3522771441472163,5652432.140619108,9.280637691500282,2773.2684678634714,53.200609173397744,32.822772386377146,264.540069943377
15098.51979290914,483399544488.90674,2.453837576539123,2.9763623227129012,3974778292.4355955,9.667469972200134,5095.787223635975,38.50844983954717,56.50678698848947,203.82878681181904
3416.0916745631307,222820600744.05206,5.632466837765485,1.8421314122989363,1090877.7800496595,11.048246531089488,3561.1152244979194,34.312976211136984,38.78810805051095,291.53816034922124
6496.743567124697,686091385077.8604,2.9015278989610125,3.499053109663682,5612171.340333312,11.424242110344267,2434.377231822007,53.22458799306508,30.0,336.8172955954438
8555.107826990563,781033626519.0148,7.533985586702373,1.847293949738218,4561129786.439193,14.210471274833099,7309.235753829703,29.567589093783543,82.1600187547459,185.694849279973
18410.23189213606,339425909528.09265,7.4844668051082595,3.1596012553177317,2650963636.450144,9.075935835432453,5788.956109635553,12.510660228015972,57.38102453107509,202.46811950651704
5003.299035023263,945079440292.0166,7.666263091021887,1.9248763379254523,2923147.49869363,14.466580395253484,1583.050750175667,64.44548597699735,30.0,254.3428197699273
4560.947197637637,30611578949.62653,3.4041919507792566,3.0650159691883356,26022162.731656242,9.74441461312593,5923.44670070299,16.075831191568597,37.51070963971689,230.77004987789078
1601.6239412212728,132943970330.93707,6.160174401742057,3.222504834054946,2621349431.947801,13.273187525703651,2026.6505506971262,32.97387810625915,76.77049501506717,164.17116512553642
21894.37844067008,588787442773.4592,5.809590395076522,3.253281812419536,225513633.99397516,5.2990427360510415,3455.8737740253523,51.644813206239796,38.208866868520914,286.8351434637777
17490.882896723488,701407160641.5176,1.7314245786955187,2.4514368938263527,153602543.30258945,10.856943026209548,1747.2020932724768,53.66151521587031,32.22410878941104,276.0953082405145
1478.688407631849,250683738826.0695,3.226172996250818,2.3576259462332523,200813474.5177923,9.386515257202406,915.2497844121677,56.63855522731154,55.176606286195096,223.33791749882806
1193.1614881338073,554071542820.2516,2.843983742916545,3.1675822602614727,4026295735.6942077,6.078816042342714,3198.518609898411,79.61524756821767,81.06402187647757,188.12879810086494
14187.520263638873,318386928656.5657,3.9102559112992097,2.658978445901628,38536228.064650774,1.2931244036642853,4445.100348002958,38.09709825768535,32.36176527924765,327.842014299936
7422.09283152442,554089691532.3446,7.694849157543962,2.7425536629770564,810773.0470972047,10.228318375709788,2423.9523619029,19.62461016970576,30.190702281850097,310.73461494352335
15119.795585582255,659328018436.5747,6.996410653229199,1.972134242417243,23100361.134372566,0.24461347110158377,609.2739622566232,19.65643511959004,38.91595241840949,484.44883395874524
11147.80230418365,972808080761.0039,3.4072598438938,2.392314028405213,441002964.66261524,7.827113556883549,2004.602114380638,45.7174043865448,51.25120969913834,285.2240544362125
23121.157776601238,455697404324.32367,4.9452049521456,2.238897776133574,28884946.679614875,7.444565308043568,1972.8024974616815,36.861762014099725,30.0,282.05976604405765
7551.320866553514,648216392055.3403,2.7497297903133022,2.8306431181760683,3683949.1063276185,12.693377380061387,4730.1101527479705,73.92145797733883,30.0,313.1703690136329
17139.061526752892,578039669880.684,3.3033209499235987,1.892966560038392,214609804.9146813,19.749207276008967,2264.367943993299,45.76522620269103,35.74004754038471,267.1308421242939
1824.3306346556803,317555576332.6791,1.9225211185967495,2.3115038534445773,17829894.120150145,17.167123917358904,4274.86921655657,41.63678429057326,38.04969154411444,236.58972088464213
23918.58308762867,253064878633.58865,5.676942255959438,3.197464117996315,6517804152.529698,19.502922033656652,3768.01365278997,70.36498813256432,67.69201884058627,202.5875432570971
24528.55796375463,987870733874.002,5.769985034226138,2.5928913541770644,5763718.405393792,19.021194832490135,2138.1987584801377,65.72758400668417,30.0,256.8461403151159
18607.328410902104,206853154849.15363,6.950260535222383,3.292087954649624,386753825.5109372,1.528549198073289,5932.325231945441,59.97152458459521,42.38754001948939,309.97475249169514
11897.705553307542,790275476798.9697,7.1650867872771515,1.9650548879133614,59615604.16461642,5.674850313181864,5344.053853523899,46.91481684886579,37.829404091836544,280.56996782700514
5889.8392635179025,146588244433.37,2.5403860947591985,2.379806673196539,244243.97929218336,5.974902234764702,5445.380975401907,26.427049037255795,31.37567332503314,293.0453509511453
20406.650336075134,804351465009.9814,6.329766150059417,2.50083244639021,22324903.35151228,1.4668598822150056,3474.313680283232,49.723220008729115,30.0,368.43254725362266
18540.675380102046,185729257261.10507,2.37559961337766,2.3011348146123725,139900.32095153583,16.94067900084204,2539.6048022449672,18.103561943550467,30.0,316.13321562790634
5937.873969243252,967156676859.523,3.929147576347771,2.8689871246950607,889525731.5033683,17.911820256719004,4730.020515716564,47.57686916206316,52.26013892557521,193.60862578824666
11554.77470685301,685987970586.8607,4.850987715134938,1.7974396231869407,470598378.1798076,12.119231273476213,7673.131789845376,69.60088065497489,43.11793458186003,201.25904014208746
11838.573976511234,90119153557.5852,1.821554441565994,2.538800780343715,178878.93053730635,17.82526899253369,3477.3418583631287,46.050903799918075,30.0,305.41591260731514
20747.058474331374,693177426281.8914,2.518964125045453,1.7775447009520184,31511825.871662367,14.301664818964468,5325.614133160447,14.793339860559366,31.968906950882158,256.48524977081456
17254.194766184875,603621159160.7891,3.2622546499352483,2.7583949775751098,6422399437.73898,8.839051165756416,3544.3738540497543,12.192255230990382,63.567826291089965,193.14295786862579
16257.604816731351,337546909147.7118,2.3290251426222306,3.1604962665489342,2649682.888706126,3.0397946992522398,7461.487266116499,70.23421844407682,30.0,341.28326474300445
16420.77185280032,260736737020.7169,7.571625769341165,1.5399940933871281,3322893993.03473,19.17200847779823,2125.086328171779,25.699843308670253,64.56266832891937,168.05506421613174
7126.516944870733,718761062987.3704,3.374074722566256,2.413872443407869,569460.0984150559,13.860960075586469,3672.61556127936,46.79893116786354,30.0,331.551812323858
9606.925865823583,741361631588.4929,4.757615819307939,2.48540718362059,107897.72030997547,7.115968983777038,3954.2816532695188,64.375227162248,30.0,373.56134926827053
1618.7259931993005,327206521746.6876,7.97747254651696,2.9405084213062747,44937294.95984402,2.6155753033417133,5831.897371817686,27.72477452329527,47.195542330902164,245.1748176746561
19780.05782739703,876227234612.3928,5.1831774000530855,1.6494398639500716,1571145.9845849436,15.989446791911517,5773.25795103037,61.621232743798906,32.189870381413456,269.73751941459
11108.45627166044,268827950061.27237,4.174722537448551,2.312041562540192,2489550901.278684,16.05019880498133,5918.140780078547,15.270478565147359,69.18792756650974,182.53891517626863
11236.83974864555,69865356110.38504,7.543650638507853,3.0709624623451117,234212474.398861,10.883033184455575,5866.1925596321,62.40293024903991,54.33316350925225,242.3208626292728
6511.228490873855,599868244959.7338,2.9462354098829557,2.564289123021749,271926647.87844807,19.999143971037807,3763.3685424635823,14.479296576449364,50.618185959421005,207.99492484066744
5630.968395756008,107071465761.0433,2.6667548154516014,2.9996923762265224,232488788.26206943,7.759085077255872,1252.9603344879345,29.39976956965927,49.506284570841,241.67460481620307
14901.637274441217,276664787602.421,4.979868398765094,2.2280195605433164,248192328.2889657,18.844195745620908,6964.800505937821,27.96929570099629,44.584705009360675,272.5958336494603
6197.548872490056,507186885862.04486,4.277461295904036,3.34017536377171,543969164.9501251,12.623728265667808,2605.417301626035,72.39904659420517,58.43367257450982,229.89060426971147
2073.116863353878,286360335997.67523,6.680409502550522,1.6546905164390298,223582736.11962283,14.741626627344383,891.4413694274068,47.4136004680794,59.19135002499828,236.2495750266779
19303.93169153201,214997127423.70197,1.7730652684783872,1.682328811605595,1483803454.5676706,18.345687168991077,1038.9679446748423,69.01529322677544,48.28411373290188,228.9765988921439
9723.501142955965,703185711720.2395,5.51521785867293,2.5569718098180925,61746263.954795055,16.631469962109513,3963.1226206774704,50.75957314651781,40.557371918655356,250.8225524391143
9815.771805532959,546999794402.95416,6.119414428836198,2.4416476980713053,5668147.188199913,5.808924646410516,3413.2123909302195,66.48335616749675,30.283598131758016,303.56378214613113
11067.297897136887,839761408489.0322,7.817458945355785,2.776935054929803,21589165.64059214,17.351332837963028,5311.5778875707765,48.59392457798856,35.17068216332962,251.5646325781638
20468.5981734983,581240013415.8829,2.4474608015589308,1.958112269478436,15891875.723572966,10.81718945047054,4898.805549344847,41.49394760554412,35.77838125094214,295.3272347234885
8360.503950525519,483447728326.5666,3.10058092161154,1.9520565819537512,4597603.599515057,0.9443355846363463,868.2215653194378,56.05839627042707,31.599107753348743,417.55188047854136
19071.887175816984,261257090354.43658,7.560881005200074,2.9982191355394074,11949249.038599808,13.492667994888969,2381.0225643950253,30.051424252022155,36.81303854622177,236.73692037163912
23518.84859909881,792066083025.4222,5.599087495641454,2.0835304014093463,8412668.16984403,10.018968066048448,7171.075837563065,74.31160073789195,32.90821106705559,335.5115289976322
16691.270800157585,196871811693.35867,1.7473187127808256,2.9545834703200047,359502.0768045019,10.755644616054129,6135.794315042719,73.56957065657801,30.0,375.99555694509104
11076.186488837104,242229168744.7493,2.0027360146625632,2.78141397015916,1421547923.5130115,8.259930510489703,6965.624208729009,15.091301185747975,64.26844666939718,176.062034584433
18820.848217093284,841588755164.4733,6.605363644079844,1.6666543066583472,605799145.1493113,1.3285002094520524,185.68110492238168,74.17515371248123,39.404878034226115,377.51798789712666
11718.485558908946,741192784536.6854,5.188584239966702,2.922259279472148,4871847.222151916,3.64525636184781,7297.5886779857165,22.730548526568654,33.70682981293532,359.9787897246928
10653.46814214945,612873876106.0316,5.1752006305226805,3.259030749211851,5316920850.596716,15.141269295585994,6890.013367701607,57.68911193328903,50.909523679913974,165.45811277712113
13369.43750753074,38921491866.04264,7.219126681523355,3.1332925146952446,5582293971.506684,4.722863888324292,3623.694219457067,67.61730665121914,71.26920166769885,217.30680753281328
8284.197202827698,127258491027.1082,3.0671364759129838,1.5177237317795502,1921315217.770494,12.57314752708752,5391.96841979382,26.88670116859271,63.07979379835858,171.10942388615535
3054.130298860029,499957960230.1495,2.54280138184313,2.5794278122772476,140237.51074387156,10.860112254544063,2183.228969239097,17.88587241974309,30.0,330.60303550040913
10663.874135391046,746339177143.9675,5.489738659543523,3.3266744235468435,7179430.089324126,4.466899934817912,5272.119830259569,62.932510985998924,31.882008776258623,323.70796835078863
3534.4935876678974,464101400090.9591,7.235750134750242,2.6974513483983324,19350083.0732205,5.647397503499853,6392.182361372986,40.970019152282646,41.682040485959895,279.74698660484324
10555.816102108443,17294007121.75867,3.224129190339518,2.080652141306203,392266673.316252,7.7021739689991096,3873.611398126636,44.067841384697346,62.44983245655346,251.05254784945924
14144.876169729532,184270814396.82303,5.928413371143788,1.8890892839995947,149300640.95649347,17.60971855677763,235.9052894337156,63.33027938557798,32.727309739932615,312.60930883114986
23302.423939538345,588767110853.5184,2.4904637070787823,2.8698950587099237,246543222.3400072,18.829058363206407,3336.599607691152,27.76571926509543,38.14985772047445,238.36741191515947
1387.4471106099381,694217365470.9316,2.617406522889468,3.042507869425746,685594096.012103,7.765771853406889,5802.592180992344,16.800627916007592,72.67812275102347,166.00052105037244
15725.730959297633,33429279283.59167,7.359815376107793,3.3251695298348007,5523026733.121669,0.9707117740697518,5633.011453382753,77.04178068425527,61.10042664525034,270.8903349024996
11714.512072926893,43332710128.74687,2.2667724668914397,3.3114331670662107,57219207.21330937,12.03792244518691,3895.5648242184443,58.97614026761836,40.36293774434909,290.201935573723
996.3976410014095,261310854146.2475,1.6582459882587655,2.1785603322314318,3312930479.242649,8.38063728887596,7885.815512503525,55.64942047809605,89.55519392775795,137.3688301793184
6613.930310498649,83502611884.86955,6.537112912720097,2.7077538630115683,1186026588.937072,9.871690197684204,945.1964974366317,33.30595374960868,64.60014529334914,207.13077664180878
3402.888682692638,541946690247.1325,3.856312065413672,1.7030383717179876,4893518.579430453,8.866910972742746,1274.7226015327599,79.69942144991967,30.254924646070055,298.478674619088
5811.456570420396,123702858254.69852,4.0782805893138505,1.688925100327595,1170448571.55391,13.10874245316588,2074.0355203809445,25.57808926624805,68.29994177943706,168.7864014817244
7226.970964792496,648219686682.0875,6.699074041903271,1.6429371336010932,386123.61174480355,6.123580351445998,6430.323950550935,22.46691900847926,30.0,272.08340271635905
10332.005216863809,777225542082.2677,2.6695826452527633,3.354288492175824,622011.0780193588,17.85799616561187,6104.918160248245,32.279876143894995,32.83311225564008,275.4288496111549
13461.465140477812,970516693235.4429,5.727125119886732,1.804864852454987,9159935750.696377,8.453924455836235,6184.367100317213,61.72681782616703,63.72614741766203,214.49267687844943
524.2548511964595,948407013230.7527,3.537934137444624,2.4646523969772574,13913711.887233628,6.8661453293001244,7038.186564687529,26.59072479863602,46.311521644806,187.94280989371205
4465.79933540415,273365876870.12796,2.177744994204487,2.3661447295888145,20095097.607099965,18.462752464113677,3548.8573454414177,31.893303021043952,31.826320901775535,265.4109855914707
2792.3764474156173,29410573213.5702,5.968724318305571,2.149542219253309,5690551238.605616,7.194951013941202,2555.3980298416996,47.07390997509388,95.88483052545789,158.84491159391908
13966.998281937222,329412886699.5519,3.571316874581085,2.5754613047028725,6444643.981425468,1.7073063299582454,4807.053008782111,55.49625384743793,33.5836735273846,340.08518647918754
8562.33432483111,708480410232.5345,7.13292667782046,1.5055817809471772,1530498.777321116,3.148954466289023,3284.8751534366343,20.445128838923154,30.0,342.102510925149
13935.744532850593,59802149471.33002,7.4737317265073555,2.260298676639195,244967.6224775243,14.300185170399086,4195.486506378355,55.82474460990915,30.0,353.5635463586167
5934.670903279607,359713297958.771,7.018836452486193,2.458688120939308,41029763.25131575,11.268393982463195,1130.3363966337593,36.67386269716261,36.03465639133029,307.50841767583495
1093.619175145829,298035249512.3594,3.5952863583305024,3.106608772410601,996427.52351843,10.715611954898717,3177.096247783924,34.23086671657734,31.13636893013169,301.60224846734343
23563.489081121046,219346416473.34088,3.037787058337765,2.9019268586032907,210877.46567189423,1.6857225218732927,3786.345999982062,15.531261973513697,30.0,373.20187404773895
3153.5489691303537,706131048599.5605,7.3032041756506985,3.1995236080359146,1162377774.2654414,3.3233202966919673,708.6490714711298,78.17728975978936,58.52792137931634,246.83075413678364
3608.039325062062,659097345927.369,4.444155395196998,2.2525964705302424,4395260.1113944035,7.954478479961437,7956.017100116821,58.51843826250471,35.98319499240529,376.53649780685527
4090.3972494984423,535494558540.2493,6.100308203127102,1.781811055594777,78877095.49783726,8.987713447656287,311.9095477022364,16.9916851358698,44.608380977875164,235.26738846222017
24541.274837835183,910774728906.9579,6.876567309169123,2.302112927866106,333601.65684099036,7.562814215242227,7356.929761743264,35.63657660836886,30.0,360.418511644187
15632.675884164904,103139749591.41972,3.3049632566408462,3.426119267850015,33721987.66946501,10.079747775618607,650.783339908647,15.604753676213505,34.56938089431337,255.59385209841264
15452.103816744338,149690074788.90634,2.274133281576136,1.928655188114537,144278149.2309503,14.68428997495112,6875.7881772703095,47.90724670379133,34.63907852038716,239.54748904564207
24674.105937203974,383450295769.7339,5.561379161731358,1.8495107259481265,17754892.810082212,12.732301493603451,4390.451797827113,59.01024901037754,35.020419852707995,334.1690815476782
2666.7498472290417,655882395980.8488,5.336249662460963,3.388674552318151,4868655.910134522,12.245144563454593,1578.7155956890745,13.958648414907547,30.785171413914842,268.90864559164913
24375.271867286083,584079708166.1199,3.256300472280743,3.3998461696204254,3587361.7401164244,11.17768740436017,1858.3138271214714,74.55178091952705,31.78224678971092,327.24923046075713
5498.322090574002,74043613425.24449,5.3005936890047245,1.7984737088598313,352304.96567133017,4.058518898191187,2819.350815715394,36.1894600931866,30.0,362.79553368874434
15765.251837269869,958424845321.6637,6.637322154109229,3.038905723102398,378840.19252158696,12.112497998019332,6354.241564299362,26.435525855437408,30.9661781104023,280.8228213111149
10792.047349918395,305065511396.575,3.7750713852368283,2.359485008371541,30094062.216700833,3.211198833874023,1185.6982585893184,19.08992134478879,35.7674080667065,296.5529177685229
9906.819430190866,358973254810.4801,3.0750651730162195,2.4844314320098433,494477.1977748521,14.27265145825929,1945.4290798880534,20.19388572256713,30.0,276.81292586705626
23315.461547746832,623630175413.6245,6.212507888462115,2.497376292916292,1309948.463623575,9.073135948455269,5544.49666568145,69.48575881375587,30.0,339.4373959340708
4156.079346786282,945165572294.2172,6.6081681084316655,3.4367431222366873,666942.4523959785,11.650139274919459,4915.79066673417,43.6034842046686,30.0,316.9202351658019
24928.19077136797,662688576415.033,7.702881346147982,1.8693222285001772,1029015239.6199285,17.262752080775797,3372.3883272492285,65.89141903221059,47.73297835270819,229.44435677123255
9788.56399674294,954773374774.3745,2.4593078489635625,3.0461274705056365,17724963.043756366,7.493290974434232,493.68446799835135,25.895467683109732,38.940788529494114,348.5086690523076
16394.985145269584,187591931229.36014,7.280216662273266,1.5113482167192167,57935886.54435154,2.0402612689724524,4472.405326185594,32.2566903197417,40.793048538647696,320.9330481074121
24213.714921342325,618810310163.006,6.473142272734366,2.7572202138176114,82184655.74776205,17.833370272332584,1841.477897184765,38.88303386213017,42.52172414452899,262.3209657430087
1911.2257342848823,828879062997.393,6.062349401550771,2.805355953398119,9592335.586420463,7.331426564766991,4900.681612409525,41.81626894847813,42.06669005304494,312.8677445871484
23110.176891667168,509024959230.3789,3.534848589737458,3.0074124189013753,3105669.6161046717,8.160144269573179,2203.382120850677,16.837550886062278,33.78036444213711,274.1224769102672
14411.37894118141,362174313655.6646,1.6442541827230017,3.3519247256122506,8170103.33857142,5.955668246038973,7842.844387003828,13.150184330507399,32.58093854916386,271.3265992832947
17757.72353494758,984758545273.3472,4.799078211776375,3.0076702113112783,47218913.20549101,8.432381342869025,4728.8458227932515,79.71269287344907,42.242823658698974,309.003538625229
4155.0125052155345,140988199409.3201,3.3575009471571553,2.964287971679018,6207065.136523448,10.443366700211648,4574.731318169446,56.658009724676255,39.6035863558363,262.4268626550401
13567.99205536029,410930116599.1291,3.383836623023493,2.0075750326419497,482036.16420160537,16.87406021355146,6695.779391483618,13.83387246028089,30.0,269.9549278602845
17001.08601076847,873373879186.9076,7.526400751752248,3.4856794183429587,3701985477.410699,14.417197698191442,7945.386621133809,64.07955965780263,57.08806629568357,251.6298182051428
11678.059030998205,900480846025.1744,2.4942977983458596,2.436817621847852,459231013.12059665,10.289954186301694,6235.584222297593,35.277977535744895,44.41736097869507,272.79677358062963
4297.136863598389,980382121177.6726,7.5725104673386,2.334900204558446,214461.481774962,15.288743875641199,4755.225012926316,65.75222905708839,30.0,346.2405361935222
6480.917339596627,884847707416.7892,4.774743615069809,2.503755146554187,3376756548.0232434,16.963440812609665,6909.563086184411,76.48614506000955,68.40491859826042,205.11672619416092
21432.623379340715,50957974430.387146,6.9488152943960895,2.288112911507367,711747.4995442379,1.2100642977871068,1457.860421713969,11.86012472278335,30.290486595870444,389.49657595604725
1344.5393244026882,929766569860.9886,3.3433192143724177,2.687275142451909,308071.0703393922,11.864965357081768,6116.192676745944,77.50049208880577,30.0,313.9331942333499
17867.120921799902,428167763239.5939,5.620484316550779,2.199249179570053,734656.776126418,0.9131996632728403,5442.392002715177,21.603257622038207,30.0,447.7030867810502
24985.055894605906,651619535837.3945,5.117824572202209,1.9798896978891918,4625615486.033864,6.19690424997558,4510.3761335189465,30.8062797320538,69.39895741540825,204.1464695332266
683.333404615782,394276474891.24994,7.50707958121592,3.355989803591479,1277825.018790758,15.260204570000223,6935.381724188306,53.886174286567886,36.156124384212816,299.1700428023219
4445.619229088528,813668262945.472,2.665439774475737,3.3556569599416237,860913718.9662875,15.836142353117577,5680.1605350102145,60.11499845396643,54.781448867966795,193.82344109263752
17016.535371881793,575919700403.4897,2.8297042833261172,2.4924908255613776,164131192.9368011,17.682352860891893,5736.700349794066,21.916193705251978,41.6666190868396,228.168748266233
1969.7754473410325,845544797009.3617,7.66826859644804,3.424294687888607,39004560.78356319,9.989846573122561,7278.834275859759,19.577830344577407,41.525925348915735,237.33675783952702
14949.854604468543,193772277749.29572,2.1367700351096826,2.331434319688715,6729273.5927698715,1.7285434751165238,5598.3023764591235,30.0582265145318,31.166360223868953,407.83206510289585
17258.002537245873,184983909771.80753,5.625436048785977,2.2747577369332372,291521.45942155045,2.579365297429774,2050.8370792224637,32.791952200044896,30.0,420.5494236712083
14909.58552879472,440377361207.9854,1.8936667358991452,3.333812271428349,357498224.31125087,4.923974007732583,1477.1654728586404,32.27554761502668,43.927569179910705,287.0623393901346
9447.025224016146,4752540210.935574,2.0004402527839216,2.7658340060463473,9416887.326649724,7.475045086270364,4110.44263940383,21.9918267119303,33.70736771575605,277.3573425275111
17583.416251672654,692853262043.3032,5.381466828861192,3.0250347399937647,47307576.55641437,10.554888470834015,1886.9481339068338,77.95653150721844,31.716405058579102,318.04536873491213
15060.213486338602,296054431754.28314,5.083891754001382,2.3254876631280426,181471.7719362076,12.936450366803692,5600.09030411442,65.86504461808059,30.0,370.4980059983613
5587.110716301034,557299788915.1036,5.224670291898352,2.3140033289520305,758034809.5685667,3.2919449536217686,6743.2495825345695,78.60144565264552,55.74915775025411,217.21563769910895
14296.820817835189,70004490457.28642,4.578738627574628,1.666607409756201,289306082.4461205,3.8199225673515342,2341.609909789229,17.2560385280366,45.143442769942666,259.903016089674
22106.726819903724,170645188738.33456,6.325335713780431,3.4334877692275465,44310010.15530307,3.5011466925793346,7308.660543125985,15.290453254412647,43.52498450893891,264.69197846186404
16837.415499416024,622859547162.7628,7.949225486371841,1.955917933684212,30306594.594456635,15.11099418788885,5977.759982219617,47.51821850788181,40.993327201334175,266.4602530536674
12058.891931149254,305663321448.41595,3.2925781015373117,2.488534127267862,4843438.703897541,6.076652563651812,7905.245884710679,53.01275143469701,31.49793513525674,286.9214179160912
8378.810520301555,214722727863.69113,3.602357837547165,1.729220543692141,5152517.51795415,3.3758927425412493,1597.6474691137448,54.46099628357469,30.41553360378766,301.36748924756205
2604.212131220535,228847271961.26712,3.5998220252308957,2.7939072267087326,219952.84979123558,8.655945647301142,3697.7610645598406,16.52799394612729,30.0,272.1667528994748
6493.364752596203,214820149906.13074,6.461248150988041,2.281750900495534,271373832.95469487,4.987952208731395,5126.060251824101,69.0657083181116,53.19168969133083,251.72827942901785
774.0754506284837,622851326579.5988,3.762100757304233,3.0353237481848554,167828.12326875606,7.417516378047182,6105.7112394888445,44.27995275307088,30.0,344.7307285985383
24672.33497936163,167692046778.24265,5.898790939287229,2.55675730897593,101646.84347802373,16.489079742680964,7296.342168232671,35.76972607338222,30.0,288.90620903540685
5950.815177154129,362706996473.5312,4.398269120577537,1.7589586303698754,142858.44831086832,6.711238192922608,7131.247555113273,45.31066523350171,30.0,318.94912166055224
20464.460595791632,687887177706.5867,5.450730335649581,1.521481017189892,1040488.6780120201,3.538444969863941,1896.614112736116,12.832210106084055,30.0,342.6397416610247
4631.799604221976,513671543676.59326,6.888599923231845,1.924897364600609,70954276.17536053,4.687430857312367,3385.5442309591954,25.05536003147224,46.676208767283775,267.15118743631393
7448.228165336561,597281273494.613,4.841381469102338,2.9486929896409113,254563424.4965873,0.7354278151735644,5749.256063548896,79.89430203292352,41.94008307588898,395.7425822155912
10747.794321094985,250907728556.76904,4.588625805503586,3.157028255201727,12696730.842066817,18.02753012617065,1067.1908027815298,48.67913963125151,30.0,301.6935074821989
8447.938771469326,932714940450.3325,3.2353347934344696,2.1826700713192286,11045706.399591174,13.95450523558401,7675.328255109222,15.497863640827214,35.91277450209341,235.6082173937349
20059.594912616598,413879834437.0873,4.853379781828595,2.571850142465709,76547223.34400746,9.294051838080772,5978.152602984328,30.498477818625375,44.0743906396662,253.0717896738175
23963.488496377868,286964649648.39795,3.205679773912425,1.980026580917112,96413497.98792942,11.239253201873073,6632.446651855561,22.9342315868953,34.116784389819685,269.08758476813927
21944.714849445787,904326279732.2882,6.983206337166732,3.2608864818399215,1678757315.9446583,5.119115071861142,7260.480639752378,74.72903970350544,49.26784599146737,250.06599446059573
4262.6577402200355,655289959974.7717,4.027616174600295,3.430414291818364,1245778483.474612,8.103576821419127,1431.8354144362443,66.43472742376491,58.92902688984543,212.33496451035532
19528.87257055761,613946249192.5873,2.3391996069272003,3.00588004745388,1311085525.8318276,6.4307205699927446,3382.8265844725934,48.28324980536262,53.31324808089444,222.24306224787946
4124.699375965431,886734765431.5159,3.0597889315213402,1.6777734411836622,1662891788.3719172,16.499640606410725,5216.841553575273,76.62471674057346,78.92552518951089,166.34829389004963
22877.837110771485,58541227731.09814,4.974779538537165,2.374237161237838,2506989038.757568,14.88133605855625,6581.464377986848,36.1008617637261,57.50364926395344,230.15807577764042
13188.02510388017,837679674328.0682,7.455868852893391,3.4810113634999533,59783858.274875365,5.713415786616547,5906.655224551027,70.54773901422122,45.50634406042294,312.4316079891779
8741.336657389314,677864686440.7366,3.4536497407360676,1.9587696586265295,94587951.41977948,15.256844166830634,981.033488783158,42.72794063313297,40.46062508345745,246.539368976777
4347.124684687724,359993434787.3346,3.218510326645525,2.8409433403509574,432643303.49675083,1.9239756371970693,5168.918933315072,69.40423775796597,57.23209120977964,261.9359519597352
789.3226603856131,256352086172.5131,4.14263892626588,3.3771269628553133,988639.0899277547,4.091263187566051,2359.4889795725985,73.04817871918661,30.0,403.336222537679
6574.701295691676,104806795075.65776,7.790404108898952,3.0464067765267746,6343152.465860096,2.1722668543818155,3257.9174975115516,42.40751301412488,35.89062825509831,329.41803448158936
22893.49155039214,941074229172.5198,6.993927883998801,2.7177203113285575,3658178585.3869505,4.803014221890971,7953.89664644986,22.460097814774397,67.4540175064818,234.4284261913534
20032.923710669573,141912961417.43286,2.472841681985495,2.5134103177911253,41097192.354182616,4.562567805544653,1264.8759331716599,23.466169838432258,33.80804969341737,318.2253992733749
24259.94583989263,259439276292.34854,5.489396366151716,3.3576287246740666,181525.68723007015,18.016063104060827,844.0004685113834,30.220407490806053,30.0,347.58708234750526
2968.6572674736394,691107488462.2903,6.647117321736225,2.2894667342153907,10661024.04676372,6.581421288764302,3279.0615748440264,25.605886396812327,38.22530176953385,265.0110203811333
15008.379215888901,710152727733.5547,6.492067218906544,3.3025379997691062,636716.3706650777,7.136598573701886,6914.383131350278,37.17775512647961,30.0,289.1350445520271
6800.186613754027,160769543833.88934,4.6774956964050025,2.3621058580151413,6045529.007809669,2.0400249735790728,1306.044094193146,45.46767885013842,36.32213344187842,329.86027566509455
13802.071791423981,814131346634.4669,6.256904006881274,3.0130900475176556,53073753.30911301,1.3663498033223918,648.8230713921754,16.097952888969942,35.27487789380045,357.7697627294792
8351.144696304651,510287758889.09326,5.293312968854394,3.3314277985349534,33549187.652186543,4.426781687958957,3356.6029847972163,73.67502530861645,33.279555233958284,381.2794000200309
7444.905980962259,848456829658.4308,2.8093923885393175,2.6012858172564393,28336431.085733447,2.734195463538532,5062.0616128313695,10.170228355174604,34.3203505582097,315.6773139194622
14559.209899602638,87286302562.15468,1.8643486641373062,2.119759696668516,123507.8999289144,6.924969034120011,1245.9931531374598,19.68032420708776,30.0,314.47459245926
4991.294965803738,42830956263.69058,3.9017479203271916,1.6019734393173486,16808323.251008485,3.761585041063848,6438.664903707384,10.588719322693677,52.355142694043415,309.9559663924122
11993.769205816863,636990744503.9683,1.902603512659009,3.11851992700955,139578.5995211967,3.604517953058455,6768.867960033338,79.05697794699368,30.0,377.4064380627577
16444.900493578854,150024647086.0197,4.067587125485799,2.744019841386834,10575572.303197024,12.968356821814199,4185.541447641301,38.74551973739237,30.09140656728996,260.4729269929626
3640.4607929786994,524949520784.2542,6.887713510209939,2.0260912956509918,171790662.4953985,18.84501335081791,253.40622106069281,23.72179838912299,49.40534400293017,204.67881924956538
23299.559636484148,14109745175.749435,6.9879119646232795,3.2548233063231793,426110.5539984771,0.29900948048203224,4133.657221357888,18.307007824884945,34.919775578801314,421.6435167932947
12890.255136626058,779929480618.9397,1.721480488710116,3.3406055275516024,3835868440.026489,14.125843794186585,1721.316153969888,35.92883211297005,62.02076064198786,188.74630293231786
20578.435311166384,899530270648.3314,1.951980538811712,3.274332159025752,142088015.8784462,13.200993560426522,3574.3150968953614,78.3129377597078,42.721353867435084,307.802069227934
16520.683050216052,838882923081.526,5.854136069343091,2.703035796712367,1224596.9627280552,11.7218363637029,6080.300454648476,48.41075915787712,30.0,296.56872514004573
17895.023059952364,958352854797.6052,4.749991517124299,3.453163214338587,9341967.216598338,13.861347689726149,444.8066954244187,34.79522667760486,30.0,256.18115869154303
18045.208054324532,903095851563.035,2.4708295527475403,3.249611262403536,305166.12043212575,10.198554909116712,11.214714946385802,35.5178595065204,30.0,376.09512020835984
21939.94747800608,444018574272.347,6.735942515258606,1.7085208098913187,128918.85460842354,18.542008781758845,1076.2581772720084,18.213558506978657,30.0,277.840064607193
15533.33315864964,398348810095.4382,2.9072250575917424,3.4622119519186887,3795835657.8349876,3.2065866113631905,372.5008965982116,46.190505185821735,53.04331110671804,237.6543883052508
7316.320217174046,896183771787.875,2.00797015552212,2.5976127453397018,237640388.45468414,9.497351628014826,2090.7564213126534,39.69345411898304,43.453993887333134,260.38985370560994
2937.9862502037004,926938868418.4316,6.371796397650056,3.340071807115944,791098402.2826802,13.078115739245858,3240.1017697820243,61.0195831993466,64.01147837512477,188.68514569295775
15353.140176528466,972835975482.0886,5.452818835107767,3.0206828696653636,129081570.05235799,18.178540052985092,6239.870760324358,23.436335124611183,39.4443068879867,230.18882901069915
2125.643692379236,768317466525.5479,4.063877801753604,2.795133350710837,3418437453.0035706,9.774339359447083,252.31455720207688,19.613629085346552,68.4298127402832,165.34847003826118
6411.68956639349,201989627952.5504,6.002720324592975,2.1533447633127274,3017130568.0827136,19.541075255085108,2814.4113310409657,50.702245935006594,62.79381828885762,174.23170981616516
1987.326022746837,944954191156.5863,7.423974476492818,1.5540600471686683,195340.71028826758,13.14683318967353,7436.257731287323,61.94052248515902,30.0,309.70877074027845
13947.745930660894,947141519674.7528,1.7221858779832102,2.053472504884167,885829.0487672667,13.999290138736459,4615.277534932743,44.82501824922435,30.0,252.30421724032718
4428.284061100267,666131697781.6075,5.57991634488968,2.871640645747191,9526853.153204681,16.373234080302467,6615.83984841466,65.30231526892344,37.944618605179265,277.9031189070116
15454.979326120096,857280409069.2184,2.9180874306011386,3.22622981374316,5075137.033152788,14.691670166119,3873.2776302389298,68.87605432574318,34.358018118827054,342.60157133700653
19876.195706150054,561176859987.5311,4.581895439618995,1.5046931942309592,42448530.29023513,10.476407089966724,786.9493403019951,74.16407638581462,31.22262594756052,320.19336754595605
20636.077658910628,944127001284.7773,4.255877337741902,1.9159475475736445,2151092.1163124866,15.463710583997454,1503.6435139841885,36.472534202332454,30.0,286.5142727483232
8083.815949371872,93937302655.6946,4.034867840924443,2.846135430804174,971170741.1921325,0.7628724004249705,6067.077852167024,73.30416563143305,54.5994453151403,314.48121132336905
13949.386051015152,863963832521.0742,2.7373146516085027,2.067270208640813,109010.72817918814,18.658707443770258,6914.219125882123,59.633771439974346,30.0,337.4837985263045
14293.763622115795,55504573533.51031,6.717224586892384,1.783405708107231,906912551.3032366,16.47183979707898,3745.659081559408,53.74387258073441,53.84929565760853,204.7354798771549
12085.735962777082,339107713110.9683,3.9668838020300514,1.6638721964470464,9265127.13227396,12.771340444290422,3944.7284311215644,48.76419875345427,39.32750277571968,318.11599870169294
16550.290339906736,135326507289.61931,7.2667756960871195,2.775757993649112,106090.14518586075,1.4216517170271998,3606.477105053005,11.380380756664632,30.0,388.2280936320314
5647.134533676573,479135613327.8197,3.8053437741521905,2.6897196340566896,1719179978.3687203,5.933730773700027,156.72126977547978,49.223133763044046,51.20758849346128,221.75205895559264
24491.45936987646,232246925746.31195,6.958136740414497,3.2172271442993385,17130596.49925408,5.109882344737303,773.1236429649813,64.52938556234179,31.953820035456538,381.17277010635826
2902.955763727845,952072427261.6178,5.039031154910471,2.1296753344905293,420371452.018885,5.177648397388792,7935.185726470861,79.18573362812808,64.77135854220612,194.18773152196547
20815.91795947642,559321774332.0759,4.006564026588649,1.7734372366711055,2467423078.545815,13.458441642117535,345.6889392540554,40.318026775707864,50.841614594993125,202.7177889701697
15055.351680304102,897730838572.9885,6.076209394886974,3.0983101773803687,148444.3647746834,17.528960559154203,2798.262767792788,79.31104846593145,30.0,351.36954922103104
6498.94130624604,278059190992.6819,6.613255059922245,3.476371849704666,2045550.7485365935,13.648523458988256,5528.583053925297,21.976204520926114,30.0,289.49972111695337
18769.037516177345,25978533969.000866,4.637490136784132,2.2207790812364374,393059.1868708025,7.8057567203688105,3404.399243055592,77.07399848132587,30.0,395.5108221904133
2569.7819440882627,775655228028.918,4.265232784492989,3.2306992284798604,309065.69436763786,19.386266599532068,7861.483840722606,51.27585740410385,30.0,247.5748266903624
19473.236943995187,702377957594.3119,5.253223307420094,3.0250909415217246,5348173145.913034,17.258518013096356,271.5821301756241,56.37987145533779,58.48757230919808,230.9177450009342
14954.63794495383,545492100182.5479,5.303561960287168,3.3231705895174963,1066220175.8555005,13.724097266932223,6997.7260885403375,50.15761145869501,43.23365424252208,206.95938768373546
3213.382800711839,815342914386.4829,4.265614903055468,2.3487449531618587,6662324.777537594,7.979439695393275,1086.6067225986703,78.79924761064268,30.042158209744258,335.403500686766
2447.8862957630704,840084532563.7599,6.424808709877145,1.7026030096476485,273190261.6048222,13.69235745099943,1646.528505972258,13.100812462139311,68.65222922088336,183.65373089674287
18895.49016919333,587903720114.8658,4.098189410399751,1.7367124127298574,3955727521.9588113,8.189502505387894,4231.147216508425,38.73254783536699,59.79181783922771,226.84255757690238
7676.929709344011,965927825926.1451,4.444489228736202,3.0263968409160844,1270771.5092646475,3.1459807430636073,6972.922847174405,71.26626328323434,30.0,361.36898490632615
22287.89534379673,719712227905.3796,5.43456845781683,3.2266636789967356,117693.82782027681,12.395752356593066,3318.5077364187296,21.696497546806427,30.0,339.0398455690236
19170.789015239312,676875699287.2526,7.91451786254932,2.4140334818741023,1319902058.051482,13.97714059035365,2355.6552938075265,49.87158088083148,50.58986625293526,217.32403218975423
17605.660995584043,361422431136.8528,3.1944597215916692,1.6191417784742919,410668739.91863227,7.018609331145826,3219.3593272826183,46.65043409475658,50.8170625224519,262.94211103273165
7325.848289519548,2259576341.4290657,3.0076931994249114,1.6334120807195793,632829.0061204365,18.58969095593638,763.8031754902455,66.52010535334517,30.0,310.7028059500912
17869.14071602964,240943432951.50412,2.6497672323343875,2.6972007001248475,28069147.805897135,17.09247824916864,6707.492246495302,74.27770626874602,34.788836943911015,317.26579516101117
23729.61827061343,763920742894.123,5.981387393002868,3.3372487004299405,634117.0422118651,11.677908220421353,7322.568640523973,28.118450377784015,30.0,320.8963717689591
2743.2159420789385,709871544565.9197,4.41911514321965,2.299167027411833,103055057.30968079,1.2517034251566082,5409.439628870174,58.52008389798631,53.250643648597546,303.79756038181245
8490.984729087368,331022813807.94934,4.025941210482786,2.8012396303983116,172921791.64241186,0.39345595461892313,3562.9103229171883,48.33815910170347,42.67720326037943,393.50636041848355
6249.470503809057,625583348955.4642,2.8265874319676465,2.584015537913543,2417761.944792601,12.815731332466374,4917.064873933123,56.39504435373665,32.61710897291988,328.7213648994279
10134.628292816335,195288284185.6577,7.292399453121699,3.279515688904123,802020805.4473661,16.285427308611233,4419.415790949822,24.02644730046029,55.27059595123055,211.51493024880875
18687.150043921687,263628455641.32477,4.380624728945508,3.1647752232844706,23333599.7844971,10.032039027349887,421.92566833819086,29.087137293061854,33.328622230276906,264.50125601943574
12118.943244921971,947408146494.4027,5.450006524661139,1.8986971203388074,340243280.0647686,0.5185841669799782,3161.4264494894173,48.48924997701409,47.598979757624654,371.22008423198537
14482.899849946034,413181159755.0216,2.231442258901435,2.8550861971194372,158145160.78448296,2.93933619019688,5258.061175645195,10.206190579536088,45.31104768480441,279.5293212346541
8196.794757919388,244988349311.26022,2.201819408451857,3.195006371619076,17938852.56620905,4.264336271051866,6783.914639045677,60.14976917946139,36.35473223646926,311.6353365195445
3961.5870436339633,487108759730.7446,1.9378045208159727,3.360498763625078,2907945.818486461,12.573726887671521,2878.1942349347105,21.30977376193157,30.0,259.1526883585985
7039.874398974349,387016492771.4864,3.8877495254489083,2.679854281050444,1050804.7306398936,9.746887542370379,6555.984170753698,75.1911297559895,30.0,339.94207321159746
21562.167380428684,729529307820.0684,4.573762914247425,1.8518224703210333,536685871.12735903,2.0890255123472103,6057.758489600987,70.24250307970703,48.201118606725025,330.45001474695204
15259.215572758556,962116144374.7745,3.089757971420039,2.616464168168891,162075505.7426531,10.05840437079162,7435.187996469388,53.63458024720752,46.138673453058956,252.40878711891955
9760.722493332227,591737832720.2673,3.7729037882025125,2.8316380233167013,2539274.4436586406,17.396381825987984,7915.552688843076,72.37403693807087,30.0,270.4220924438616
19852.696552521895,591147595789.7281,1.5406902211545033,2.044978123040135,6846929624.1966505,8.810344380666551,343.44072681398677,79.10715397888195,57.63859673393711,265.9755247929937
2079.2070951452642,364834493889.6243,3.782075024199066,3.446002964251379,1126405217.8510935,3.037759864929721,3505.3908796148435,64.24695467086734,63.88259728759703,235.2307569796706
6720.33165409845,564631367344.3634,2.274613676400509,1.9586525026161479,430537.81714700296,11.581257494413803,6190.745935950217,53.864272983519776,30.0,320.6297725471787
6137.5272744048125,319329547058.2718,2.334499109430282,3.3227050434620766,649855.9008777901,18.59124960072078,6587.1008441422955,41.44972246569851,30.0,302.4371338916714
24641.431773121443,1093073220.2676163,1.5292896341400215,2.3503615150492854,52509641.63725475,2.3624133629049284,672.0052414794675,66.94936102156333,35.30201176391716,331.009067680033
17799.415268622626,866096306782.3121,6.026473679423195,1.5011083296658079,325010.7698675424,3.170334576771832,4856.658879522724,59.31050557624822,30.0,379.0172342500403
15635.755441519577,429444656077.6197,7.553344531320996,2.5865781466999573,6632694984.44241,11.358512089127146,7188.6360039921265,43.08479932621203,64.33207793950778,194.67310778905045
622.131649714586,492088992965.51166,5.540046145539022,2.7565717318346934,154923402.13629872,6.832934525029449,1824.201979130326,45.00242741740199,71.67734306050389,213.37457626056622
5015.595051201506,83501831925.01277,2.125313337531413,3.238726706416595,214225.01585844875,17.916434194670106,2785.3989871212425,26.02551718547494,30.0,257.7210001770858
16070.761677840417,837110676294.8785,7.932721421051276,2.581126476940527,16497899.42864102,14.269639742972709,3164.8351381154494,65.2013050609093,36.44239702541336,268.08887107493484
9803.123498800811,170337900040.52002,7.841303610697336,1.6882587643054632,1287782.1274597852,2.984401733308224,3162.356647500714,71.48315481747493,30.0,338.1705321493828
23144.86940013699,410621748163.15717,4.543524481773677,3.3536271186125557,28330463.511252996,17.420831814918728,4498.033091684797,11.15385044114823,36.66901323519776,260.9169775885765
19235.743368973068,840265706798.3342,2.2011499196409234,2.6307095818509465,1718412.7991418794,12.863726233300229,495.84333852476794,17.832923233873345,30.0,291.60970075158076
11460.90978370094,457783482430.5793,6.184805512706829,2.043062383944358,1442051503.0337281,9.898005052222892,6235.726297075037,79.38650200530331,62.55760347459896,210.688154369167
18863.116949687625,931152404314.1282,7.749543329142342,3.2977172329769875,403177277.78133166,5.1681015265720776,991.7878649567401,22.467526985381724,42.75623710585306,271.4962963094149
24397.40593374243,209315094106.38626,6.561547426901503,1.7418269447340686,3411070998.0171766,13.011726627868912,6508.39456852506,61.556993248142184,60.881810573049336,206.00306927368368
11794.03020518603,715233114721.9414,5.557318554711377,1.6949656780267233,976760.4666888874,17.974792388523873,146.58394693143487,43.65899065997023,30.0,279.84069373332386
16241.884253269067,977998545563.2039,5.470407365412001,2.570018187601163,8452033.05275366,0.8176013330578715,6298.337588727101,46.494584565447816,36.59219325982548,436.17677450744344
23007.283069001733,549614087606.67365,7.856467742336587,2.7497684556124193,1064958624.7010736,7.534242584030701,2848.584289492581,17.58642739732073,58.620728409155774,236.48389564534588
6592.529219886245,692184206460.0942,1.9752756893285015,2.5219183347829466,7400021.870543496,18.71640726813658,5250.30772164669,19.649341875691945,30.130882178163365,281.9503646131672
22220.66888482382,393227266374.3488,2.47211412733907,3.3579840942248644,7860350.564433388,7.689043444581237,1441.5844669672715,50.453736208898924,30.0,281.64047285270067
2889.845315938075,751337588388.1292,6.900274390807928,2.0256416694521953,8515148317.709434,0.765612518800615,4300.706876477162,36.43408286222245,77.86025296908964,214.79671858921844
16386.98017939734,908874147649.6726,2.443235022078434,3.4804701517521233,715016287.0972033,2.0738102723366323,2399.8997887423707,65.8223462125442,38.32080681333582,279.9110131531478
19679.534798866716,703055863994.9622,3.9914271650386928,1.5386986688919748,2014130280.2587454,13.830662689859496,41.35809454752972,78.03846671047162,43.23442202176171,301.29958728515146
15557.85237168444,935928775452.2678,3.3297451643558773,1.7370679893203054,10835879.84251253,14.017404177411754,5803.876708464023,66.8621798975115,35.848532783352745,254.5413984829137
12640.602701737304,588653063339.6577,3.082390656862556,1.871352612054824,85034001.18987633,2.3451485198841353,1058.0953453003517,38.41412119797062,35.713186412911526,379.76152461485646
15625.003948179308,577137863313.5225,1.6671926822047733,1.6591514541090533,17896489.61542264,4.423359410183541,7518.236688513746,43.75264219131782,33.87733633003444,312.44219815119834
4215.760865096392,304628083481.7672,5.180633212976272,2.3764357328580292,17843000.98868359,11.29926512656265,4354.358786691546,20.968161115614844,39.60171137054565,256.7187365775898
5781.482403090349,709627781536.2947,4.108056885417496,3.2307443514242395,435006.4319585627,13.74633304644297,23.377787859324737,58.69841587298965,30.0,368.8684500756072
7112.533926930378,881952639803.6335,5.085336382140573,3.1415186537602606,1624292567.3472555,3.17796540067003,7559.934693149953,41.31509065337238,51.323453930686256,215.8059582958743
15145.593845435935,646316579812.7051,3.4793033422337736,2.989513712095234,8968342.144792696,9.154827719728248,1070.941756680045,70.01686062589867,30.0,340.94693114928066
11326.576306754227,233039987559.36237,7.619495557852707,1.5148188038709154,81118884.49238183,11.262602209638603,6673.190032184957,55.64207379353556,44.01864551930296,291.63360043398876
6489.658140903069,544109570612.57184,5.343756749569929,3.2314120535124564,1929119942.5009878,1.0415855036515669,2640.9299293800655,21.938026880743667,66.62139094011259,249.39399855629955
22128.828637542214,755937661013.998,7.747845802459734,2.29299818391043,736862177.4156315,4.513941995394161,4548.815623537622,38.76880673947714,48.743565288189174,277.66703844399564
9661.085087183974,939363375509.438,3.7750387026812815,2.963275509047758,979918.3383427461,18.38196996418313,6687.444776682159,57.38642951244467,30.0,348.41730621855834
11427.777121132332,156596892924.50443,1.5148819927510937,2.953837368927457,123753311.22623375,17.60563198497372,410.76369822105846,70.05455997841432,38.12973325261635,290.34000750740785
10537.676375450366,127497963469.46962,6.578226172255864,1.8550420544370723,30106165.614147883,6.483538172291793,5443.663470923618,34.5564545505237,44.985510321708176,268.0647283680223
4957.602404280439,412944117289.37573,6.877962554644174,2.530789695168652,1998760.4988826793,17.366142755872186,1197.1730301261057,56.86459813192027,30.132761814389145,318.0445489719134
18424.861878040716,125612043851.44139,1.8815720818021842,3.352361917892148,160062.47115594492,12.669412378336425,5734.003457492196,22.151497996115417,30.0,288.7564407397129
11487.227425587022,980428932076.2059,5.5648999850050735,2.02609726016376,140914777.7824945,19.633362361016975,1294.0250259083568,73.32989010224196,35.18552501444024,249.68545829204552
898.299192371602,424304942978.1919,5.7966161357607815,2.9300556960030697,793002532.6693356,19.326067990332756,185.32988953745414,50.26188623090443,60.17593230345403,176.0317100627128
24118.335707815026,533610985457.38586,2.447270135809174,3.416102078587741,5112014282.32381,12.357909103629083,1251.9506872022114,63.80201553686091,47.74893603478532,210.02018216899205
20486.208484087634,227088554204.99,5.091409593541778,2.221262351258785,5955507.744683971,9.383396654719629,5009.6449277948805,37.77960134753731,33.724784947580396,295.2542482529479
18227.20417524918,449126674410.8057,3.080792724419634,2.2752673453833046,9910276.181971109,2.8885020086521997,7885.957068999689,75.83788293988798,38.879909408835076,371.71303711446
21792.75082770396,984693950167.2849,1.606936070829355,2.405125018417147,653172.891680873,10.630496462823595,7761.274711128459,60.40747725982831,30.0,380.1540167735458
22716.77771333598,488687662679.8181,7.134922087444766,3.1180784833388877,8376837999.593941,7.996058584792607,5968.073131116408,20.756020580140806,67.82557994399919,209.08807864015736
8768.497806418747,8824916980.560406,4.696018612972017,2.3785694434723217,1769843974.1634316,12.929857466979396,6598.3978411017,48.51298779062524,71.1770452864524,174.42495492352091
15468.487621209115,242528287723.1003,6.581044155919622,2.4724919120147506,6137883553.849236,1.8353429836435784,6992.976591230851,29.02263802793926,66.14268604824302,207.81218827232536
15415.791325537057,978454852023.6736,6.198804709489207,1.9446349795405544,29973377.995229624,16.706609318798673,4231.546569603851,68.33516927776249,40.36271346805536,322.08873249582496
7048.841885859626,989067524343.2191,7.959084196594439,3.476690130704381,1119197.9884915547,19.343934107799218,1836.5339008789547,64.79770814175615,30.283201661646565,290.1258398258942
5937.830160453146,210493879278.6159,4.346697125357756,3.2847083079397965,73438325.98823427,4.2267862722309655,5292.154934119384,44.61816401233768,41.32887219064241,257.0358514624078
3290.727743066041,615264472579.7656,4.279078943921654,2.700508626056915,7252029.783582198,12.674033755719487,1141.3268678587704,31.134863728994272,39.66217368059717,258.9590478781246
16653.197799953094,76909253597.08395,3.3314111858326063,3.4211201429198375,5486838.205919224,16.048671721640662,6660.5616757260605,69.6880876035316,35.03446245689889,308.88291540343357
19632.51528025411,577442065002.9867,5.563456887120895,2.8739955334947602,258119.85954507397,11.110465251500687,3302.6073418445067,69.53390299211165,30.0,345.0488370319595
19143.34799816659,125921575565.73593,4.659731253609348,3.418211265038326,232137.91184810648,18.711966185660625,2139.2692890982107,45.36651235414741,30.0,325.9063420951934
8248.746741031871,818661704981.1343,6.2369472939208475,1.8230717334792594,7834165.914306638,10.261738287034536,6749.22945872609,60.20798371366181,33.65769659481722,298.9227911266925
5528.866336397455,939575048027.2568,3.817326039869277,1.9509148138061616,4275557189.6018243,5.447420466417525,898.4282004929215,29.98504523228805,70.30251505526722,175.9010931394787
11613.547372138237,172987635062.6746,2.3504908204606183,3.270364927276788,412210027.58898836,9.458423851964804,7798.863000994726,34.41949256331902,47.16414908555781,207.37098380197236
13896.92977589251,462712705882.6554,7.105830438776452,2.339748783253241,635028038.0423464,9.782931789867693,7603.79042166909,76.08392082741062,49.473636359167834,234.00233992356823
23017.634635229617,102043896431.63568,6.88230512277045,2.242315408205136,1484066.5699159747,5.111543744917145,4874.216728849956,61.53937863192211,30.0,348.0594985867208
21933.167279714326,339140667932.9679,3.7815012162523374,3.008670712768021,470595809.28871816,15.749708185900115,5699.897056398776,15.048437308614151,41.44095244421355,206.64131787014412
22943.42911689478,65098689662.77172,5.987286163827995,2.7606513203387193,10754633.92127087,12.37404497952031,306.8239766825709,42.04133943904124,30.0,321.4488278558778
21331.4284358315,264547263470.89905,4.7006188907914765,2.188143199534485,198131.28324837773,7.438850731219415,3502.293432694394,37.70214162552797,30.0,312.04487351733246
24132.239508689625,990223676865.6344,6.446318631352151,2.295721175105454,9420367.328898301,8.462041748902097,7078.086798627898,26.169248017673965,36.87092680469867,250.20797311243606
11904.749930641907,44604222718.13453,4.035860396319331,2.3167675166003083,453178.12390148954,7.465437315838455,102.06201568926973,79.64592605060017,30.0,371.5318450538377
1663.100687110812,858968470650.3411,4.981655030042992,1.7526626561380885,1855655335.4539855,8.985575826884288,2332.053220665851,19.50537005475445,82.81893192272854,168.60672912079517
2547.269787637717,77453500301.5271,1.8758046764208571,1.9591078589403568,1590268008.7346983,10.58548648119712,2837.1868819620213,31.99868870609381,79.22916487258624,191.92976239735611
10061.765473422407,528997402120.429,2.6369148803225286,2.5750605632050076,2737440.2050990458,6.651993094663022,5403.8863049217225,69.41030154230823,30.0,290.59105796769614
6813.333736188433,452120340307.5532,6.581476450538169,3.063654304556999,114712703.16394158,16.372227649321765,5641.663456050776,19.25922675937448,42.82499002889691,254.66199060916014
4663.54448834615,931554728465.9849,3.9801756341237033,2.338096568858442,6588682.679292548,18.57092420705961,530.8650416956422,36.329722477613174,30.0,283.745515239002
23853.49247546189,199050663235.2273,1.7281852574923362,2.2667055991719183,590378.9600937215,10.479865974268462,1747.9471926133333,54.39347923734135,30.0,314.60497918840906
5287.77991606025,179682835697.61975,2.589635857127653,2.8010323070610346,176618648.44171837,14.241687738384593,6605.723425141681,33.582703125263876,51.09479436757032,233.57944255620453
24004.79217172316,748714339853.7437,4.1753872085564945,1.8145077277604258,631732494.8322462,18.61425665449983,1542.6238250046363,38.61745036879505,50.96175830036378,266.0970217805576
19140.551587869573,725719747380.8807,6.166435195609018,2.261500648834206,747504317.3097639,3.8791933859419525,2299.405340676742,48.50793946719465,55.35753792795733,245.7031883378589
16203.168967067975,699182071311.0282,3.862652771747001,1.9162724723939877,557317.819751653,3.834964643567696,1306.3321117717667,76.68808261706936,30.0,373.4346247610665
17062.46452218977,26128090045.264553,6.343707403462648,2.8032924686558296,36550438.57300958,1.4985900474291851,6036.987917545414,70.96348357582319,35.82121232424648,342.50240454816065
8621.120929648538,259960426765.22192,7.077393817418042,1.7247280298321548,131673.01682044432,8.869954699771325,226.58060179644505,17.837403054269213,30.0,348.2020997147172
16337.462432427914,839895337959.1215,3.717387992337132,2.3956456392048855,282388.81316577,6.65639189858251,2422.285085308962,49.86006614998182,30.0,396.64185832860494
5073.956897891,600858520598.6512,6.702441210553765,2.6923641141848167,254246.95801391496,11.232654346548605,4263.198006774528,55.73077197400594,30.0,329.13806477705094
23473.783097131498,602195318537.2609,2.324724328546232,3.1673508857564805,193176.35524287124,9.048820444765123,58.10319813633849,32.80332812766227,30.0,348.72197128003666
7893.936829034542,295917309488.2063,4.199342912965787,2.94910255285221,4664947.336651023,3.8443684607861504,7632.349046561965,28.493791443857265,30.500156524262277,325.6821091495812
6752.069551191783,260173828383.8593,2.1341555758303516,3.385726242027726,6143247.382282657,7.854047281604836,6955.620336678766,51.841321206981924,32.136011370209616,297.76089211160803
17923.48855575686,946554941463.3667,1.8414319271660422,2.8597568145058907,308568585.9785047,0.6264918667685692,5182.056692765509,39.048469636171745,45.17431302888805,301.5807407726574
16582.993592621457,727755551097.9333,1.9194279536554049,2.19837926980036,4460654.711112299,10.770825886762903,3518.6553872425134,73.35454230179786,30.0,328.4493171973302
11556.823499410979,126866990935.71974,2.1808881760306367,1.963447765028844,503476.2871798579,5.457649954313125,1250.9021986557352,21.448810855862952,30.0,355.129700636538
15994.932749924264,937707004436.8217,6.932218502206592,1.6131648073176805,5424730345.05389,2.291558750611644,4433.578381042508,12.875870383375284,89.33244340292902,236.10758738264008
4407.580258140975,582370569447.9031,5.033901303618985,2.0551752334199334,2384415959.0517206,1.3638444358065558,1921.2716994008372,72.97314094975857,57.44060005771151,224.89643635832462
16996.5435313479,333363033594.7211,7.65802322055057,1.7736973776934015,417954.2800958261,14.303255701499769,5107.758726052057,72.72874109603177,31.253141275774013,339.8947957219525
7129.96203228225,397140049260.15204,4.997001958531338,2.2384495554833634,6514686.1764432695,4.98444332210474,1173.2328772559326,39.17391252261839,33.421451708866684,365.02051189307156
7184.4814285732045,725404784948.1079,5.586623660017514,2.9051562785052107,692505.5445387571,13.19299967465544,5739.78282453217,62.772239323098226,31.244704030143,386.35005835893065
4473.408406122722,376273275413.4319,2.699145747413205,2.8840680484262915,6245355107.560606,16.31939487193737,2590.0122139128603,69.20005985138914,80.15456417006415,178.787808100821
8643.239808386033,578745220373.8079,5.013776634119104,2.136332858727884,6024041.575428559,10.024715696822607,4020.8339660243873,27.842317292746888,32.10913374750902,307.269899842539
8615.650977627538,710499786148.9082,4.004466567221624,2.517104741232176,309447.6112791259,2.704400462785743,1302.9866063673885,55.811084245168786,30.0,365.2375075391915
11627.385786705598,195375801930.96722,7.554329723912406,1.9335431396035982,430744699.1806954,12.310229957593833,2057.651856348147,61.600494532814814,43.85496448201777,223.58039308662464
5165.277864325562,944241542001.0631,7.570487902581648,2.5059534370680367,361899164.87779516,1.4785699073144916,3607.191965328759,35.024456717050015,52.34979298033322,297.17255516963314
5228.684635889775,356173415262.63837,2.7902409812645663,2.5201637524602285,1603881.5021375665,16.35201345870693,3670.8685002425136,76.21963537310704,30.0,258.08502001566575
13772.595005749095,419375337702.1572,5.530850615599379,2.1025936778368037,4048640.8673227197,15.242727267827972,7998.224540471936,77.70068248285523,33.08351576417158,301.59565947226656
3657.496414426641,698514669353.4528,5.648142719311357,2.0189355924811796,11887608.325465819,8.071563595748508,2690.0174062386413,44.07095129072547,38.53719484265347,331.0928969905383
17377.976695726462,608785480602.6747,5.1564780164771165,3.459148927963364,2180218.4416555283,5.4184503771160415,684.1788824486448,15.319992425774073,33.33246884108923,335.50315754107385
23626.704583633615,440120396819.3423,2.3081431019684704,2.5742470221975076,2782521.5778637216,14.205611352541261,4198.506757307281,74.32780426357337,30.0,327.3019700261396
10956.492730777267,649742390558.7511,5.751099572465602,2.624153263154632,1018478721.8080201,11.365835688268547,2581.3876484345355,46.60820966012,59.257842627223035,224.91485345335437
22577.08017219158,902828404743.737,6.694054352007301,1.5155881807361238,574451048.0696658,2.9445886404648274,7023.435503725538,19.717899269209646,54.686372532072134,260.49075465902877
2908.756482583679,800283816361.8019,3.743969220045346,1.8636815632709003,290499948.57896686,15.19578211306071,1690.2824174038356,61.24680864028729,47.711721905309716,249.70441536749536
1552.4618707032919,824259185695.7637,4.844586062637022,2.2132439236400456,271561240.71695584,6.712804679291544,6846.748019784056,58.100752826382625,61.05307497891287,231.33116030327076
18173.537499089078,258409150158.9044,2.2561316512703065,3.4319614850375375,40682689.24327662,17.8822574769522,5311.982613653353,19.79008145196351,38.17775546782742,261.55208472611326
19145.028538046667,419403929894.28827,7.54947662466568,1.8504834685741152,5683376.010679693,16.59789388257645,1512.035781253534,29.239880338250156,31.418288548702584,277.6319833187639
21154.926903660908,553819587834.9176,2.2119960456200802,2.106579422653735,400612713.3295063,5.552472942995735,3247.92481532412,70.49829192489989,37.21553280717638,281.6995002921778
1892.0331207995448,44191774970.66377,2.854451193343606,3.4803139875699585,381802.4295781936,5.142312090440042,3944.5358354395544,77.87096615155569,30.0,385.29162665205416
19534.222846442346,769792410585.1442,3.4401100927002273,2.4622172846717922,507402.4104465921,7.987895672931242,4179.174465660181,38.367644901804766,30.0,319.27903580110166
9725.198953516254,323464100951.6645,6.867636554683142,2.1368155509404527,427883.9927588806,16.09943919038072,3182.7883396232164,19.421035730769276,30.0,286.81908768785473
7931.772000713866,282596795444.9362,6.054263483265307,2.76871784097364,460882543.2449429,2.656548560011256,4681.176213845663,34.638606649821696,59.18659519501052,276.273208475127
4739.086072910774,259292750064.13702,1.5455938470201664,2.4926045690328875,90720288.32571888,6.355218271819962,5736.763113824095,45.5332108221236,34.6931273600059,265.3184279965021
24902.386000011913,283379982040.799,2.6931500565361683,3.414898183282916,17815659.21893866,13.199203481134653,4054.4085886986936,31.02967488455344,34.63239848347351,306.89011826236896
2059.757938312159,338015494143.00006,6.375982664747362,1.6663900959840905,24052305.26465897,0.7181365984159754,4823.440524088587,52.79101783171643,48.30992494027682,303.7514651289479
20761.696357895988,604824953251.6011,4.124924191505281,3.0810958410353226,1373398712.2756405,1.1652080841401158,6878.166693905764,10.554647336120336,49.20987154523319,278.7576332039287
16167.613669517925,583565738334.7412,1.67038796103719,2.05817275692597,405881.1617969377,15.25531339797201,3987.0369554941603,67.15334922321159,30.0,382.7399888712976
18509.470884415747,255712497890.12177,7.765459709080161,3.113338661980463,8245583.647015207,10.470740485166994,3336.2308113611957,69.12593184817322,31.68672132709598,330.50158652326047
17937.069438084014,206425070148.93094,2.4830139341136537,3.1954406811657328,632165844.5114386,11.17416640264141,1989.5296150261581,64.8453568844318,42.74586268274172,257.4414056242455
21531.64488429297,826358363713.1667,4.818033160304379,3.198445716046797,194624205.57340494,5.014836189473292,1059.6055314674618,31.24042682277653,41.68400875242537,310.05944737832334
5002.905711474653,92724244953.02885,3.114054634691482,3.233391397776844,14987652.234106068,10.65908180615444,2345.134013551201,54.26603142418388,35.94901838535286,288.3990204730099
520.2031124497918,512823328378.08624,6.293550581464838,2.936255013566181,1323445.4590589115,10.92286339522952,3255.247519667366,35.56505737591368,33.15515700537516,301.87514816146546
15163.94798156002,520561353628.4019,6.548719643807372,1.7848082934297205,5397666733.363311,8.304739479614819,6116.418963243902,37.24922308301628,62.756320465445846,211.71410522484575
9169.536663421683,574137232674.8148,4.081932622911805,1.6038051869975538,10954607.316777322,19.290244004146263,1747.2560200269133,59.63701850322869,33.630255214000556,263.7781863621048
3532.7896123698733,885650230257.0198,5.779922539483707,2.181530487561716,2450050406.698443,1.0328171015802177,5620.1471069427425,69.04784479592718,69.1736193123399,247.20068882205115
5060.399475553852,623914316180.8275,7.408978299552156,2.4901397172221547,774733615.2514111,8.327814482922069,641.4808663967215,68.16941457217887,52.38131469997588,239.27937847910906
8627.85815525096,973633792614.2571,6.796259270201941,2.1052418014791052,2030720556.2794683,17.156858735200192,1275.5459487301825,26.176130384914178,64.98583442518499,194.74911125615256
2220.717586724229,871353211995.6442,4.1968351646919455,2.984413867851192,121509.42652957646,4.165082017727019,2617.365125321402,56.062011583270966,30.0,385.67861613880603
1894.373452147046,214741044746.95206,4.369594350328146,2.9448869555358494,24375702.45061216,18.70319968825645,3763.8774890248533,28.694864768812607,44.32890502645997,234.5134232664798
22942.643243394883,241184069041.99094,7.264708781175634,3.4438490022274886,1982298.8731329404,8.538541852393355,1455.61797196256,53.990848323232036,35.80119021647505,338.75139467000565
8146.517359165557,344774791141.03467,1.723423202771229,2.3011461809988187,2344805.2408909798,3.174149544144264,905.1272000669338,35.704339029373344,30.176171962868036,329.887043591087
24564.65208810283,391515023565.7162,1.6482752200398714,3.071455321619527,2234609.3501205207,1.9073367729727093,4530.945451507196,65.29710967014717,31.599254047401207,373.637448543797
24126.9917040948,552995567312.5752,2.8376697201726437,2.9823999414806135,8842363.396499623,6.575038165439407,3301.7835784975005,75.62277922091853,32.04430547393232,321.9897754121134
3992.996417014288,232513400383.70593,6.879540690454734,3.4774990344845875,11311575.03585236,18.3984925393288,3332.9797124605443,30.298677961363737,36.31895606923853,260.1038315690956
18015.645420956676,222345958768.58456,2.495885719511805,3.0472305024187296,147979392.72544226,18.784957465030207,2470.494048646766,70.81700282147057,39.721877278193126,259.4951383612479
15219.719783613195,381390575978.1222,3.354315352164292,2.067149061404124,3175577.8332451344,11.28712639657931,2976.26779603668,61.80003829247318,31.00520027178557,340.4849721682799
17420.853291076262,672023441189.6388,5.588946485911142,1.5305447982554679,2311456.5313889277,2.407896801971622,1480.7560251026632,49.62162305506722,32.71355355783515,346.9769068916424
2856.679500354632,688125924970.5753,2.697578265398975,3.4363323089575557,6353909.331314528,9.15901975468377,2171.9648469996914,46.7478956969397,31.839921921249513,260.9323642785721
5119.721926546672,976116763923.5496,3.4702562180832275,2.932138087689494,270752493.3246993,8.384305860214264,4342.760610265303,32.35137937549986,44.20035714469444,269.3378705554161
2377.6472055465965,202416231506.38013,4.534932726300749,3.1252132558716967,100197.26753752213,4.65980595099071,4183.111880867006,24.229954434350496,30.0,317.6658638022689
15301.288027818244,392859758997.82886,2.982710344491598,3.0864883088575046,542799933.940735,1.5668450563507976,7248.360043687751,15.837034725664463,51.039778897858874,309.4081220580317
24671.48135830273,964677533261.5625,7.950688945856565,2.971522179986338,4952719.81692699,7.662397461221293,6661.993950202236,59.871428627470046,30.0,335.3053010749
16963.621172619565,690009052656.8094,2.562399112588241,3.002948937168351,76067451.49877375,7.468509504760144,66.74041862465506,25.57088535006109,34.81652276987672,277.8720454668301
17913.657608037276,592278932543.4944,7.024591181981645,3.358916369547737,642112997.9446768,14.094394993373049,1845.8136774420573,44.67714390879139,51.128157448384826,245.12793308472095
24622.333517810388,539646511755.29553,4.555648904741675,3.328222563856947,35824145.33815793,7.914817751281762,7102.684582795433,72.28704381684724,34.755690169376784,295.8434963867368
17111.283077209006,75511304625.87642,2.339303918181225,2.258453491679966,172090240.94831046,0.31201844102533294,2524.878297306836,56.977447108893124,44.34797046708746,421.76048134489275
1484.448529397523,893373915442.1016,2.270160021556774,1.5619230472656958,3978356070.0254908,0.4493728321649033,3826.868141622638,21.846435566591538,94.5401550099198,192.09149296788266
21741.637220986642,625505589909.8922,4.751924364330559,1.5773631869921334,141036.4480786929,13.765933597832547,5403.129559307674,61.411768263983966,30.0,328.7872862574111
9434.618114280509,571667836260.6261,3.7978811145498663,2.3932767290469377,5592991.7777112555,13.232676082020175,4351.4235969177425,25.03837166683728,33.53271040798004,272.3639415119418
606.9087271105265,539500803821.49927,3.024914944234459,3.1699590598008145,4307951413.1021,3.2490300695234646,48.89508635157347,64.59366082734763,74.1155549209335,197.26980594676814
12927.237350240104,391914815406.90436,7.733104391577368,3.1952224532310436,1538682975.1021082,17.33118989158702,1660.4420890075783,15.439855203515458,52.27109535662484,191.4438467062158
23456.86752146846,254665436696.2014,4.511968314115741,2.3087791624598486,121377980.3272785,13.26932362444911,812.5129905508085,19.91964049517424,33.818906115288904,235.55274383486704
6804.601836277088,755322230012.4989,7.5372713789201295,2.1032232506959345,1401247.1974256914,3.1233976295904844,1349.4856062394886,75.3933264085968,30.0,363.65468393352154
12542.072739794578,509568008194.14435,2.5659982194213224,2.5132028888630917,4494332.400295349,5.787877645651048,1187.475855878308,29.61992008543199,36.672354171411534,324.9965022744715
4757.533750668574,33940498349.68802,2.6925294369950796,3.165086413739875,1948865561.9386091,19.474573543060774,4986.002744593999,20.544506211216856,60.74675844724968,142.87247677941846
1913.4704558277824,399095100677.6635,5.374179991125935,2.772992239354336,309996853.99032944,8.184541074798915,3258.451416219717,25.04354868723257,55.1544397868462,216.40898183494613
2473.3511944712727,928603709619.1943,3.254191677009347,1.7796116273190696,2680718.110058956,4.773604005584543,541.7447453408329,35.27698130684678,30.0,332.7013470123954
18311.767196053206,373895187646.30133,2.702096061473193,2.2244678873171155,458381.95129030733,10.506400680278452,667.5005018234291,68.63311185612987,30.0,359.7671110929618
21669.82453318265,413233594692.5658,2.115455005186522,2.610851830383076,801404304.0150448,4.150757070521076,7603.347640005025,20.676487749337205,50.01919951554007,261.478589206863
4010.8215616860316,623961499093.9126,1.9957593569965648,2.576524862574344,76054234.35370414,15.844752113641889,1246.5481402103371,11.102550019597127,40.75333448750008,208.83705300727476
7563.804911356484,801675002141.0785,6.395594505187272,3.161268040177415,6564338220.867165,15.896330573245027,2038.1824396937623,70.54940349081046,67.5691600136382,171.00052163021644
5278.221957298269,668461449243.5945,3.3340604514038077,3.3643435276813136,10775957.891441269,16.02682153572829,4598.616460451245,30.976107996041577,31.853396897397126,249.7671530780519
1157.9665346974843,850054881068.2153,7.859724496499626,1.7009261883505116,5560768.543709865,12.364524009918952,1504.9756909234893,15.384199914736046,40.47769812953417,213.13260793813902
14059.068562231098,113971473070.11125,2.6902873286143114,1.9488151806917766,2843025.236616764,13.89619561520819,1588.2598455981008,11.943669976557242,31.16683891447303,278.16157852017005
17648.093168372365,924592628726.0956,3.803903225155011,2.284313821278843,25668511.55977853,6.461996451006781,589.9753920983604,72.97041179523917,31.29142975002197,324.60050304805293
16372.998281684226,903922028489.4536,3.9369060266351674,2.0927961629020557,4108168.160526805,17.583814432443592,7846.760963078643,46.61982745233447,38.21102233049813,249.06296181050467
10007.311908905067,519149067437.0012,4.750993152789395,2.3165809899168854,232248.54342054809,2.926026146140961,4852.343741533079,52.73493992487496,30.0,364.467891365841
14097.751025527681,624742613044.9633,7.159133148366448,1.581442457230464,3636179.2943517673,5.127018349162117,4242.6543036275,53.12392548953553,32.96189404938771,351.07979162714787
2805.4330125875044,212813837388.35153,6.926006364767217,1.63202654032563,1242881.3363624997,19.854104866454165,7110.477914657025,46.55356860699501,30.0,310.0964453592974
4280.441108705769,447947990033.9509,1.5647161506146696,3.1767229558741485,1193781876.6795151,19.209914444409055,4759.457065621101,63.848289580743604,60.61827643690869,172.6349537248658
23328.968179048094,202704158216.45142,4.160157935228707,1.705163568223774,1506477.5554149605,10.177031740905475,2112.035280373851,73.42602015557688,30.0,392.6946634846611
19156.93982158747,21977656964.340572,6.881588751763783,3.148150223989499,19695084.80129658,10.007199306998924,3783.343833088685,54.87541355283812,38.17458936597395,267.6408266994788
23107.1078477166,980903087223.9844,1.5012857508736164,2.1130240036060703,231042147.077587,2.380566555149408,3825.8536367695715,69.07188981206309,39.17102148515635,289.56500963008114
22958.666970234495,259147256563.68936,4.968657219418585,2.1184467397777116,557358.1598263151,13.210017503476417,3190.6559072002015,10.673107226960724,31.092506497405775,327.5485044041893
16410.119119139647,593108715789.5264,3.1865915386658124,1.7014940562536143,45332787.25552279,0.6690975279454292,6031.507619675947,43.61317497586436,35.7787760059124,348.9853621067574
23241.846878748045,300251083287.4795,4.182995570073654,1.5265267629669974,1721609927.0307674,6.321211861933671,886.3655478654226,52.28333015379814,51.843234779957164,286.2167743926951
10709.250525520349,370622249588.81464,4.231980549212253,2.2105772168907705,83253741.23518229,8.396891489480495,1282.1260440493759,24.086208340498892,41.76729795962451,256.3724676922681
588.5979972310529,397762160820.7162,4.046403864663844,3.1707138125879664,25818570.612149835,17.885005849522805,2983.8481715164935,21.220783273794204,46.87658098777306,187.27765928500745
2032.9923382309048,335047396278.02637,7.29767579437321,3.3399109290761237,1564568108.5139408,19.370630629401017,578.6723073864448,19.53706056957877,75.58946578029227,144.11133619295407
3182.4394796699726,637400121940.1764,4.987013458301975,1.6231711122606591,5448282734.777336,19.48126103769292,7899.290376421821,29.937406035282308,96.92337427766917,158.81742811933665
2836.159602980076,960936309552.3356,7.374353704881901,1.5618161276112175,1273289028.7689776,15.98679827582815,3971.397275294598,67.63877476580878,74.01023632975573,197.17381317036205
9116.708575831455,428635221371.583,6.223825647588781,1.817601240260667,11016591.426466277,5.835442840620357,410.3482930705844,11.935413156257491,40.30871256403313,280.18948395814374
17681.134774179263,973326750727.541,3.7822804613310366,3.0325796173713915,114410384.02697396,0.9547471863715845,4867.090595674292,52.16994434016247,40.523835066945274,361.7636053998051
19870.895761712127,667797569547.5458,4.708163930068206,1.9097655320469495,42974266.73947312,8.541072421612162,6251.025573511341,14.77077062264689,34.5349455612041,277.03989641158165
14960.225221443305,607136587884.814,4.034080498334396,1.961620748788932,3285058.5422254624,5.983055541997813,3267.6528397365846,51.523741395560094,33.3593930637635,316.8648832147482
4087.686276645999,237104614695.07123,6.88573280830209,3.2778853957825786,15017603.88199593,13.121041557793978,3849.4523725234817,27.65454876555891,35.12646187806815,294.04730886277684
18823.589252630292,62921642978.67491,2.7193857778112642,3.249898077517069,1400663776.51358,7.452614223914037,5607.794020410616,21.013971955309415,57.843373231859516,224.38706740634427
9192.647018871174,851934918357.0586,7.586679834700084,2.8405784388403372,3179795.6752446005,17.820581340232618,1878.2041278019024,42.608294142740725,31.81143423339859,275.09896639307533
818.337042459008,573981489963.205,5.272759212637455,1.828027560962958,2804046979.343616,7.511958511298404,4785.334457127808,26.177443805683712,78.94862034341214,126.37928860478982
7374.4212030523595,414414448011.0195,5.476426700792546,2.262298379303144,9060383824.144306,7.591023688758166,5051.2531537463765,36.478696173533116,85.9674937812823,159.66441377017156
8599.713576453958,811967510121.1614,4.859209101637814,1.9723548123182104,3418507.0405017207,15.194418366932306,6439.102876676644,54.313547313179946,31.400285608041557,305.40932379656624
7219.015612843521,310581071996.9362,5.104227100791964,2.843691163686257,410856.6049752475,11.821036816890286,7129.662405830212,75.53609862555811,30.0,331.98491483947083
20390.818753095846,783617472347.2313,5.839890206748376,3.059862108361256,6107616283.186331,5.143004191854306,7527.696257281744,53.2474986305928,60.309697222066696,245.06261401506893
19118.196741055213,327964507441.9616,5.757729158155588,1.7842674440351112,716680.8471593332,13.549956769950391,1019.3478680617617,45.49477523546871,30.0,302.84169587272896
17541.024745109717,920881265522.9772,2.8919560776547675,3.295911665814038,719977699.2094417,11.281724576206837,6531.977966680149,48.990005993904255,42.30549514665561,216.88738329496147
3905.6244235504996,267967606489.9281,5.285861045674981,2.425651814367673,156879.93229883537,2.125985680473806,5406.691894426222,43.04650884397236,30.0,371.2531508861078
20291.930787803907,137554980020.45358,3.8050718644748764,3.0900117089898966,1506001.8048871253,9.37191357917507,2972.11775862972,49.39674519395191,30.0,374.13534122813564
17090.81106075143,698097010252.7035,5.640696987718712,1.6032752170839246,1998833.2037860604,18.37814621605529,7383.261272149035,49.9124182294816,32.603012172963915,267.1237835524277
5273.523318794101,162848090217.5177,5.0609247717414725,2.221162374038875,3063198.638201537,4.275280801635805,6882.334953471342,44.45365354216202,35.667697291555584,324.27786362026495
16378.301291897153,949363100925.9353,2.6679195691312017,1.5295618953946504,3949287965.9020166,8.321613690395555,6197.127241730341,65.1860404940818,66.46077549097245,178.02457841567534
12346.035204590185,655555456833.7537,6.275770464003735,2.936969462871299,752572.849126261,5.555198057256953,469.29975002182283,37.352172125693244,30.0,334.4949801554476
11264.076515477514,230861430423.8647,4.470587408616686,1.6589019404623704,738235.3213224871,10.761560053433861,1424.2845654880412,17.59831460576698,30.0,286.8905051202867
3247.017505073526,208819725466.49448,5.08437008985989,2.176571582052889,287325839.01401114,19.503503335776024,7347.450193006481,55.01365166026109,54.65939353706438,204.21904377346334
13198.454758206552,923875115245.3824,5.872178622011284,3.063497361277613,5775446098.560946,6.23159238912081,7858.069011401598,65.72674527812418,58.62613512733714,212.4695031519031
2948.3293198229094,607858304991.978,5.7436665304613905,2.997932956865828,8839379.751294095,16.66506248258553,2225.6589103264414,64.60124385461327,31.03609208048769,253.1241303329729
4524.207987729533,893736112936.41,6.36803733058529,2.780579240745685,733910803.5006238,16.774002647508762,2226.322165566999,27.649214558438793,54.44774353273842,180.9961562982921
3747.3846997316864,110226094620.62036,2.8438862361802633,2.8880412776827775,142948.4539148332,5.225341889646673,4886.3361283765835,55.29146767631033,30.0,351.1081127083117
23875.652837215188,925392270186.9806,2.21754301929282,2.8024626502071452,1319224153.153829,15.463502755661784,618.6916745237817,79.90113490894483,50.29406076088717,235.46844910112293
7479.184915875307,520049791944.7763,5.849667235383238,2.7825519180136604,413984904.75611156,19.763032902693126,4766.570604902367,17.319555148758358,45.78734658909473,186.43406105992685
9202.50592810219,668422247909.4342,3.0339021533269337,2.199309280082799,3041433038.4126043,19.082720260286838,7749.825830857511,46.5928714017064,72.46684761353706,198.77264528290317
8390.974854252883,372876098665.8091,2.2449316455738733,1.5563314081537112,153911622.9458835,12.134521478871095,2382.6534380336366,31.377121125271376,39.73687543331237,226.56844988101918
22507.13590686452,59141262865.50419,2.353043703261152,2.38365169963156,5089594949.468832,3.07719643620855,5944.5329056672945,65.3856268529428,54.728197677631,257.7380144717525
14292.664827704768,957972483369.3878,3.5332008053468416,1.5909193031806894,8897890.307034975,2.4308705770860692,4203.956933925805,32.73093886260131,30.944769903718193,332.977648344989
23019.417523866137,994598334510.153,7.946615812320093,2.4377347902472835,459893449.35845715,5.373079595506345,2305.6175391251986,61.350839873989514,39.371460506267674,268.1757807825137
7848.160192783441,364547484213.5942,2.5221921234660525,2.4281579534595132,424444627.77233195,12.046193734829014,3305.705193068621,21.231800866559688,55.6825053567404,208.50226069514292
3313.4495235827494,943867985884.0499,3.440487654940041,1.8574430745276385,2203125.8357737395,7.755200281465577,4413.144688513695,14.68772244419776,34.526524720719024,293.42078179736933
14127.352091742277,167727123235.27325,7.484771987233929,3.068523260738372,4007722986.3136573,13.995467638659868,6095.110836007193,17.287163159701166,66.87377000521667,211.04409729550392
8965.656298855429,154685294974.1259,7.7615024104152175,2.9084186838208623,786835518.2632083,15.76617888543927,4330.952005146012,28.220426975467223,73.66285721459364,191.7229792490986
20146.717420523335,73112766897.33147,2.987481847484867,2.6190790814018885,2146638517.0487783,3.649411687865923,7401.870885709248,69.46599976467013,54.40615788282552,259.4210841020906
22045.873518335637,391270016314.74316,7.222942530829274,3.3518171602433746,6500623.357567942,18.110617493245595,944.42017429406,20.530364731322205,32.15938359764585,289.6262558812016
12078.051017223259,52303197879.34899,2.4029666393995885,2.0743742264204217,1607955099.962506,1.2584320364979313,7662.004433886179,12.337333459682613,58.994265113545346,270.6181461285488
24298.296090094955,394657794955.70715,6.449986673453352,2.024064442929987,3757355.635156518,5.335317220530243,4409.704800551004,69.7422581469589,30.0,323.58209301329805
14048.818655437944,138391290259.23956,1.584553044207915,1.866871631104778,6637510941.595552,16.305261355089314,3140.6038322733684,36.24175797020668,64.4206866343387,176.89703412857992
7137.549637964656,730528065045.1617,4.14302759006624,2.5888795755634,131745.46717254928,3.7154577488748393,617.6480032161755,51.211378341857824,30.0,429.9567627530568
12479.900125934726,833362815973.7587,3.107678843663023,1.910714365397161,124720469.4173212,4.4417456120761605,2377.023262584313,15.865897760986932,43.41818406386466,290.04890767826856
1414.1021638717261,687815739980.8602,6.076052092034297,3.2377911568032363,364080.61552811344,19.514344425401177,3509.0968315083037,73.51411805196409,30.317934018413624,334.05802006549925
20198.028426445155,200494951942.00345,1.6043648538087005,2.1086195409676076,392342962.1505057,18.251668537923894,7497.163023779457,45.31101716270928,41.051096259548686,263.75351729092114
2985.158745933313,766848426059.7628,4.521861089334965,2.481862020472121,6583267.743960043,16.264548794567016,6053.838405804354,16.269871262309636,37.94898742448311,264.9755541106091
8064.337968323622,249500947533.07794,6.028738660842079,2.559021529860325,2255292975.0649815,3.5173316450800898,481.7690925402626,54.3667873991444,60.44570504644406,244.7804022159793
14350.255401621112,759488837479.9304,1.803581676126189,2.1152930948709967,2309471219.8394403,5.140008259164089,2629.8686712154063,35.589600060434854,58.64407644404959,217.40446183874366
1552.8905783490222,567398007498.8159,7.33310118384482,2.976839242139376,6925471.8370500645,4.741595789228864,3936.5442132223097,34.73849368458562,34.92173263888659,286.44672294583216
2443.264029945482,366713149578.6934,3.847783148076918,2.884145872467513,1121783078.9793494,3.823030559612632,6802.180526015325,38.5753013319555,63.15863403518622,199.6962089962733
17554.850761518814,83493294523.67967,2.5742279095745766,3.021622056442489,254498007.06791914,19.41040786539288,6213.655629473477,45.568632807991456,44.75118705057986,267.04582139165717
2258.538779988834,827509682297.516,2.9655192241979953,2.711840939581988,13577963.699780982,3.362262029010916,1736.9403597431378,53.35281758998437,38.24198680425795,322.4968875978521
12188.530223060725,939652981145.3046,3.7028885370730107,2.4203645845197554,5202142.204237278,14.946927823719847,413.1719142857335,20.248901852683396,30.0,285.1171922290588
8798.043018808385,665918114082.8575,2.789438161844899,2.3978341930850324,1125964.3944265917,1.0677445912175252,1067.679406971683,62.80564076019582,30.0,396.51242289712957
6087.9454949322035,964541602151.8721,4.818761900448819,2.933069123236931,207034.28187611737,10.898937391047308,4031.284542084759,11.900042415098861,30.05479108038645,326.96954486720415
5125.0829976598025,934111484931.572,5.6140562872458135,2.254070482111032,38618628.21612516,1.4634561346025636,728.1220684856576,58.94210003823776,35.261433827799756,338.87738259094044
19203.576696448195,194609206195.35284,4.317295707741611,2.374519562224372,50142119.24641418,1.281982975058301,2005.5645273304817,22.830823573657813,33.45602676266743,330.2205499105845
23812.78373218192,731212617385.8649,4.275708974318295,1.8273422384440687,16599434.47342052,4.643138251996985,6572.568121504066,41.27768352447169,31.520877133002703,348.0293089366445
3934.4036839816276,349305470132.8751,6.581046875896567,2.8592609126427604,5662209036.891636,18.515787692309406,3221.605273528916,49.308575688137104,74.75886688425497,173.98714448500198
24012.18986976611,487517873048.26544,3.4566086342262534,1.6538494984695864,117071.33918942504,12.794661837468158,7969.210491266177,55.31658769411457,30.0,310.1068846184607
15071.681335140041,156966274183.4146,5.547997420397073,3.4810243217609633,1784533889.3699415,13.045460005208865,6050.302204131815,65.37247764278945,54.3606935434334,206.69331028401788
16220.679931399798,974779453278.2245,7.303990302782571,1.7874751543392313,1009502119.6438048,5.988230964575195,2126.6969655255775,46.13375578953743,53.95292581023773,247.45024884545353
17893.196264493257,726137656939.0254,2.939843373124079,2.2659567922368526,621959307.4047401,14.486148657604828,70.48703809340344,71.60890062735626,37.287409335144936,258.607857479197
17750.912813687235,266909042722.65848,5.529354745158972,1.9755612657965627,42128554.876257025,13.646972295708904,4222.38772628624,76.85357671128712,39.846102005862996,252.5918763673222
20585.372150549363,371472318696.3433,7.661816570356097,2.0813162519676833,894904.9102973279,9.260624529606714,5649.787647895667,78.32328019432701,30.0,314.6676032829871
12344.981958018587,422483504345.8576,4.943669157210454,2.144906498608129,2062513708.9597392,13.667977826638426,3762.7675358172132,32.36930303875597,68.70737204616248,159.76016817826945
13567.285394110177,747533976610.1161,7.849835204031346,2.936673278108758,528412731.4020133,17.349352021114523,7252.972237241773,12.252192631519272,57.33915052746532,225.77927035822086
8433.76156035369,925697341072.3177,3.515299287201177,1.8534985463088978,1459170603.974341,19.209594825204995,6145.927907474319,60.105773907277324,64.75955935973724,211.47105317901102
3078.8110476863676,321440811544.43866,5.167910302330288,2.02771308435868,1509864.1255003812,19.93204838504659,4166.950290642425,27.632838869000054,30.32007111345716,300.7387045622652
16783.684677692367,472500615780.3313,3.5217323828061935,1.7024121805408883,59139134.65983403,9.791827537957662,161.20206958229133,63.73805596522121,32.613293459623726,317.524885350833
1323.4442450631477,593207979627.1283,1.5241762629381042,2.1629199974281534,12017003.69681597,0.7034253349998787,2712.592803883895,10.350038186556516,44.25169662681136,301.8044017170341
7253.058751542523,393344599056.3232,7.982502652896779,3.382483486721044,157890927.59706476,4.622104111586699,3960.321011747334,64.40282417139049,42.979030792240835,314.3849383865488
2808.6316789294565,504181819184.3619,3.0603904422422974,2.2602179653666745,579480021.6582268,3.977136330492735,2009.3723878817989,14.910084680106777,58.62138229792926,194.48120576260123
5172.815354406593,105708523312.47298,7.825162904038756,3.0546766080930654,738884.9866063314,6.045748064242853,6702.838852056387,71.55429224575391,30.0,306.26982865743037
16148.90736598583,167675220045.77835,5.744713373206325,2.423407876000188,741636.6108264613,7.24201814083224,3401.5245485734745,55.59185893157325,30.0,332.83497039062496
15897.677440020496,401101856118.8877,7.375568458165723,2.399199368624063,165209.2576286976,13.390111511064047,1638.365975919395,21.319850649338704,30.0,318.3198883704679
10815.845368394946,914939096831.5406,7.786817855848614,3.1479418880068293,610836.7976295614,10.537494737699529,6235.0041689157715,45.547535910323525,36.89119253184191,295.94281814264457
2709.2134239925335,349358696386.5878,5.190889841222889,1.553638907147549,1588057.2255457146,13.012404442994905,4870.187411798159,45.36409589293322,30.0,269.67379347842717
11117.660953255505,249793558812.20502,7.997993737958178,3.2297729984189596,230458.58737667106,19.438198933411442,1584.6567902777276,71.53270066782363,30.0,312.1982150072872
9142.249360528189,742862477987.055,6.487644410289905,2.470416903200372,6004194.806671614,1.0289854873966653,4266.640924467956,47.26357089808777,35.19203849508734,400.9731907152547
18151.249244970768,949130216946.4432,4.904794614608227,2.2022543703681183,237591815.56696543,0.3372536774588984,5559.22468706782,48.5333845455902,39.9283613191403,391.84291183069826
14686.151900876766,459124157939.93036,5.757131347240758,3.3136699019178018,923348480.2625207,13.326833549167281,3592.9822697115683,32.32999111532659,49.241580096008065,278.1256609850972
12543.361299756474,8605946962.227537,2.762763822622895,2.1797187035470706,5358969.85761438,10.947762612544466,2426.032541564452,60.9953001140892,33.168094290307614,296.77982876147985
12431.061016472382,688149643326.2865,1.5717120393622743,3.455394710172392,262497.0879212269,9.68084580293365,5520.452758642722,13.520874151018365,30.0,319.17450932864585
24174.273737880263,415061386555.34326,3.169130759446424,3.3727129985659094,626414252.9872353,17.073883909925264,5501.256023785728,77.7567159811174,41.68464473423898,227.48305252318556
19029.208431734536,673645862970.6786,4.327310601179395,2.035846424433484,9034797.89178134,3.2195712567991164,145.3300542008953,52.437562914553766,31.31876019351627,384.5381166352313
12675.999231273132,277717238112.6877,2.982341814601401,2.1812054396473632,1807748.3560822273,11.493706391747809,1880.6612190272417,69.1965702938339,30.0,309.1721350526078
12240.954015779951,2409141408.8185987,4.841233336910287,3.124335092034103,22566015.246703733,18.641946766411934,5174.065286311638,64.67468163747202,35.468043995744,264.85695734107316
1148.7379819716043,344496874249.385,5.776636924460332,1.8912201645294529,7068404266.844327,8.944777813013054,1800.9168254333733,25.27067107119163,110.46108795784367,157.6556207153699
23591.476951335262,704792637820.5989,5.762660019150245,2.963903128143045,7297921.427223057,11.619318349844395,7701.612265258292,30.235324357975063,40.6571761811245,271.5007579699692
8319.762308299576,393113889895.90625,7.3094687984653355,1.7583022940170465,6269968687.257383,1.4464871261043972,1310.6995838294,29.460786215100313,71.69898934112892,200.99439050970153
6770.507506078222,219174920479.0863,7.781074127140863,1.911211053491932,1844360.4400327865,7.0162019717666295,5988.246329524666,25.786264239717898,31.003289802269386,272.9844912377216
24985.518671997947,464007400127.23737,7.289517586839275,2.5010116191773353,337072.8709681213,0.8758962266235095,7986.597788754967,11.113510452794932,30.041366194712666,395.1559937015246
18107.89695186085,752348770949.862,5.53113723575502,2.9917634536328457,610792.9491385955,11.468907646895827,2779.1619498486125,67.88660155963333,30.0,335.72589275864726
1660.4124458325555,119433967359.21922,2.837467004842339,2.9788572871023646,739449805.7843033,11.829959186318945,4828.987757864777,47.649673614516004,63.466259301055345,180.78269091875896
2016.194187126623,691752341894.6141,7.632432534604525,2.7178445444934907,48760211.67051347,19.019264552615116,854.6386386565774,51.382883855176765,39.45097469581727,209.02711195757016
1124.7883170248479,667344356459.9235,2.6365925659874927,2.0442253477918118,81210325.63485044,12.786200164645322,4978.369691696158,44.419237514860654,51.71714153724313,237.66837249757782
15190.663038065291,370738508947.19165,2.4842779863180233,2.3307557282868387,6895122467.068761,0.10951016463244587,7900.3070116697045,18.705451261821185,73.99793440320065,340.6080708811521
2253.3302515178193,970336221043.3031,3.5642006313853276,1.9924285331683207,33433885.637256555,16.673026202971702,7783.1447626835015,40.5272022058754,43.518011802899935,229.27534166961445
23368.0147427008,894705404775.052,5.228436148698874,2.0540348500815937,384684.2847460623,6.626642811896822,3300.107735678518,30.554324829175926,30.0,294.6083389141697
23454.21023055561,316162164640.58905,5.9295721079077275,2.1464480413971323,391359762.4990884,14.299720281248652,6566.75743728256,72.44409826532058,43.926382405865716,297.74739996455395
13878.324635327954,31092062302.74969,1.586402402746634,2.697695422067045,1094603.4694545455,5.317369095849279,6614.531620792306,59.08456846019542,30.08343229774797,370.2883878339754
15607.653819200796,308305498440.2699,6.557144766178376,1.9151897771023316,80851870.9270163,15.216485266670714,2624.8603120958887,21.38601732956752,43.34093300794248,250.2151979201953
7651.412837368621,204722737819.1007,2.637627069067074,1.5851390383681951,1870224867.50748,18.553438926468417,6583.753613402456,59.134213213177276,62.06153254886751,206.70464030222982
2067.3272890026965,547252366795.6787,3.4271515348346377,2.8849093035983255,24288761.877837904,1.6324151021053985,1307.6126040711815,48.38574310955858,41.778442307887815,310.9715668925713
18567.78090719948,918744502437.7334,3.593563717671735,1.5436128012116406,3727567.396716389,10.910020945733784,7831.244780194347,15.717412313184802,30.11372594063374,254.63358945456545
2993.7567243509275,870337639700.0115,3.660898992841826,3.441569635718137,75462803.58746211,10.831020265867087,6914.718864111096,14.868577296770367,44.89552351646006,224.03232964359714
2596.162204950632,305829849835.671,6.442389414361563,2.2005710204933413,431277.157467635,5.764432559999684,4089.640028520836,20.32061321020764,30.0,277.33715656336824
8124.966175503483,428598104958.10345,1.766138354314167,1.5131627446383653,3450009.4240067536,6.866403459920258,3088.723234930319,66.73481983431668,30.83932507319303,300.4610625505337
805.4086660281105,36543162537.367386,2.7773658195500768,3.269170622829041,33167591.377348207,13.539407322040962,7568.129572932113,68.09643302832782,52.75530423370778,226.16321916886488
11133.872586029742,544163963485.6418,1.645075002490913,2.6996090666736556,1865330.614570213,5.887591022751128,578.2977424185542,52.57264970219365,30.0,353.2074908803165
17838.18229696188,63368916682.7488,6.5589464686264805,3.1347845896820132,157141.39622994696,0.6610127763769011,3992.132651544233,11.09384226570585,30.0,367.0499646270245
20133.048819837506,938606227622.9335,7.8941951993733035,2.370049431271931,84276190.68516695,15.395264714436529,3900.7057345366147,32.19851451454963,41.49268779461441,247.7286229715698
15305.528943073572,866933967918.4374,5.787056535232668,2.2083637660278668,10144644.300381029,12.52259855997179,3056.784335854208,38.06360927339418,30.0,255.26542403960227
21248.417976290857,214188412249.87656,5.335904675972273,2.8103788860958607,8975348.015580649,5.046573967726399,909.8943585259326,29.906970091705894,35.2949722114123,303.93465018489184
10459.303992294203,699368980493.3656,7.402430387025269,2.312001749782257,9639710236.591106,19.23274279850982,2018.5367215139988,50.678932970259474,73.19339150599781,166.76906949514003
21294.916083981676,568020814412.9507,3.1572009113626383,2.612417196041843,362176.4098952592,17.97363919478293,7865.114770882255,14.354788536772606,30.0,300.49060090683804
12908.596107210293,801357911158.4706,1.9320049833970339,2.055645756229488,590035.5637144275,19.28929834842169,6465.531594314746,11.397895955999454,30.0,265.0649151994479
5964.385135958235,475652631099.41315,4.814804382319402,2.1652908134615503,2406074594.3002796,10.269114762378882,6707.88242483547,51.15067709063165,71.07461642437829,188.32522654785143
23631.568343181418,191772778893.80734,3.192266570629887,1.6643815264434427,448031.2379811891,4.741571455419066,4081.15744540773,28.517125283214526,30.0,327.15120038321686
7236.786409009354,639843760279.4315,4.432030495425863,3.0627439734367305,3873594544.142658,3.5178920905316016,5297.985194239847,58.05704605176526,62.22932805441292,193.3498173275224
1141.9363626009313,80281246715.61801,4.465949028781761,2.197701653947794,228983561.77784562,18.973044191035697,4044.997386569254,64.43149861549036,62.65815193537565,180.77745652724968
6445.51405239816,584588406580.4309,3.572406856442451,3.449998290862249,43733529.12417304,17.822030624000902,5422.101644176279,52.77400169255361,33.45502327972599,273.4270628661261
9483.84525080698,212705592759.65213,4.661109780289848,2.0195176482375836,2466058.686836389,14.831701477207158,6909.1127103959,79.27868303956522,30.350799055357594,307.362213940565
9108.06724058697,684936752187.123,3.970987223574361,2.4501053605390517,6271442.002966399,10.234770913704812,1948.331681411118,55.0048783638697,35.588529543985516,324.3464838575916
13354.353981367505,828043333684.9468,2.2348856890821986,2.1110644010767823,1348257514.6992452,7.718930743141781,7607.637237821433,64.0925232607436,65.18381036157933,250.67812120632087
22136.608609880124,109525619757.34319,7.13371709813757,2.8878507498313475,193875.4153606977,14.083730171366632,7309.7584157170595,54.871213358458995,30.0,382.1748166874375
7662.286564187629,400269151880.0402,6.058279143796469,3.116731839240841,696214453.4697161,0.24010169324479486,3360.137440783961,66.38091959187392,54.33025502998157,328.1151420221459
13258.879894999636,733521854254.4089,1.7685076224989635,2.474021461035755,1377537488.973519,10.509338324077378,7814.745584259554,37.342133123550695,56.61707982964885,221.1028227874621
8833.404365367744,163703897815.79697,2.252611764263491,2.2338551148124237,338715089.38560367,13.589262331119228,7061.367942352908,40.40503546029212,42.09329780724836,231.090427718535
20633.43995464341,566524103512.0431,2.127344059628156,2.989502638127693,187293.76660705777,15.087511681762994,330.218382696661,33.46312418300979,30.0,317.0184175938531
4361.23707556772,671839310036.7412,1.9013330555573797,1.8829100881280505,516742999.5297355,9.049068766709066,346.4921935283638,50.35345533262131,40.72482374616214,214.38374204282078
3036.001573596433,354794252445.775,1.88386904296356,2.6989326764242643,412875864.00851274,14.915526710474266,5661.203787649503,36.2250068536108,59.98180194499177,200.81720596674006
12823.383704321242,831982442220.3269,2.521230164085302,2.967248920545839,116270.45718874264,1.9620419160729354,6271.539026434192,79.15033714220614,30.0,438.4989127930805
16961.245851254553,510658674388.52875,7.011151155444533,2.0385392227581454,2893455626.15772,4.703829216686177,1997.0084884911703,52.2102614574952,66.1964840145539,221.7978757536494
19990.36742672378,626995212945.67,6.883516425288143,2.811398680228039,458119.86770656187,2.9350237511714994,3994.9058243721756,33.49905987968515,30.0,314.66526604103655
14945.808896180251,140873655831.982,6.590452089309504,2.970452290173852,6366648306.508616,6.829766783918894,4318.594848037701,45.57162216948703,67.01974357671249,200.88692571275902
19459.319152315515,23161151372.494522,5.495592292500723,1.734833258968145,225867.06341726353,6.916650865863517,3570.310127454177,64.64290276756792,30.0,333.55232014761947
10121.396434742632,50749520076.41547,6.2027080958886245,2.1478149686783397,1549698.2559563688,7.5100962837756935,562.2882091799269,66.42820771946342,31.307412586154584,357.7949244669566
1305.25792152849,903920244278.0676,6.30012787046199,2.312612095868377,282625248.1020983,9.343206586063943,1758.9798558642347,54.597105756626796,62.82557260212457,186.90385425057903
3344.433043588135,882642501605.867,7.280533656999837,3.0519147941197957,485519.38278185937,8.75485802276459,6517.940805768314,10.163136387742073,30.723969609392647,285.4098087417599
1448.7037301104065,807591631570.4033,6.2602296926324765,2.63501026582508,841080.9274145176,9.83491502342261,593.9642085560426,70.8029167936547,30.0,292.37679846557
8559.119436674071,199612891622.76956,6.286985502136275,2.3991229462738213,113725.59515597706,15.064303456861174,4980.903810471472,73.68614098809695,30.0,292.19863990766214
12639.537861082717,525459126490.8513,6.7265276226376445,2.137544897341792,1356439346.6971889,2.883233943676813,5076.924017719426,71.01543756990836,56.19448345284392,250.2836109547785
9229.778349595015,796117304431.2728,5.116306563529607,1.5081227344497674,154200.7562522666,7.046596175250052,7652.356160142643,56.978120535538416,30.0,343.71830816789935
14234.687139126609,674669506586.5925,2.88468713527696,1.540440181927174,145500698.63687828,0.05269408899760728,7899.735406117893,11.89696163060463,48.98093777966735,406.609250646058
12274.924138073298,115522078154.74393,2.049526104198879,1.9808924514725172,81571160.52902775,0.6131723377321546,7560.8897822738545,76.5546180218588,33.33985260935401,393.5127776900021
17109.598645666538,895541304271.2239,4.223783142482342,1.7333812116701852,35991612.365183204,12.148097918237527,4335.158267871146,14.74652644302048,38.11019674644372,222.67929577811452
16840.57300730345,160683232095.5695,2.0959568659594066,1.7391731940555508,7512571.600276924,17.526230954432858,343.7880204841087,20.46389710032112,30.0,267.15543878122395
8292.571604162647,171796521617.64203,2.6004762051031527,2.7054792481328924,3146391.9500747873,6.152898756245363,2225.631889401589,53.953077061915835,30.0,321.91697954056656
8982.254156346742,901008728162.0791,1.6549600764558274,2.7109106464403894,6091687606.919413,8.067816115571711,3809.209392731248,42.32665584997476,60.945444796738165,172.16875267815558
14836.12163021193,484617454477.57697,3.4513408917373143,1.589544218874686,844872894.1874721,4.237034542640172,322.56753960640674,62.8330648912569,43.410859009458726,283.6257806404746
15112.595463325624,372892453064.6409,7.804985845613119,2.6878705036008266,4108307982.1270494,2.898853402527737,306.407685125999,54.320099564445805,51.94517868279931,216.49040368563615
8210.147884109761,553657188641.3142,3.963053272318669,1.7916371880674031,467185939.5967761,17.687759053861825,2598.944215235564,10.293298364506,59.16672843156978,185.17642961101842
8592.788201497919,981397351434.7786,3.0658019393320286,2.254451469614479,1396511787.9813097,11.4637942600284,3104.8843454118833,54.99704627980668,58.2260463392604,228.54032331175605
17504.102823060603,119631335610.58763,4.122421601398505,3.4793677193351646,6620291453.294258,14.11225192185324,4650.94652601387,70.0753953401487,63.99622615448106,171.37111454963727
16361.565160463704,756949091843.2164,3.458700381343403,2.5440107264408978,18544826.863621574,17.643734836405585,7463.532619638976,69.6502481363273,30.0,295.1419788834777
3808.7447146544805,334326527918.26526,5.880199349034345,1.5683760267246902,3423586988.140628,11.78844594183535,3135.5036913019253,21.01856347929364,101.83011847769808,145.20405794713645
11305.526052047138,117050153798.35289,5.624033947534024,2.1953164033584165,164199.1155367273,3.6466688065060158,394.2437213013205,34.31531051108614,30.0,359.59994755409105
22371.298928409462,421933933419.58325,1.6777289005082252,2.8417963176735324,346226.79555963026,14.280670651575113,4324.948550655204,18.36705836417573,30.658874722107534,326.9218857496416
1389.4890645596429,548753328972.3932,4.823600512744103,1.94919576927018,28305555.065929838,14.968730698601945,2870.1199577389452,62.60376344467203,48.802938992689185,221.12577906130642
21451.516688863234,205962431766.5092,1.7352979698903415,3.428898473917153,18615137.67891848,8.30827402683403,7209.817572779439,53.929234876278365,33.270650080998124,337.63047810727113
4497.864848071518,405270053827.14343,5.902861231692787,2.3505873957818313,15526208.0077028,12.355439831376584,3457.669570856245,43.91035464386867,43.960959729131524,271.6072417037891
12927.591495312041,635676389796.265,7.5827541490771795,1.542174613485421,48524186.01184871,9.716769185938746,2581.1613900720813,30.983127664732372,44.02693783057508,271.75133584668845
10896.242508613781,576448443272.2025,7.398671211728224,2.581132329225918,49188543.6297068,6.693338381740833,5793.80325103793,65.09687151844753,38.01984295767541,322.23229857013877
748.1687648657412,723160870894.2565,2.8371287285910225,2.8523792487050743,2253324255.001772,13.464701533368581,3951.0910554313073,65.40033939417495,81.89043943638586,158.82057595327646
22927.224958695984,836404696532.8683,6.327193460189057,2.411982354103471,5364930.0444563,4.986675357516298,4445.241647824218,44.38260753726431,35.59462160975812,330.67302576734625
11645.668069690488,409140922629.04193,6.654928811763674,3.3563416795477323,3812455.4586065463,6.583042469362453,1225.0186494188536,18.709450179288474,30.001730692228563,290.63913213966373
23879.572780635066,422967852494.95197,7.118388965210998,3.3038643349312125,323203605.18122584,8.143490569434363,3007.789731224721,42.575131836257405,41.36476933755775,240.11904665231884
7525.225573990838,496692637763.0187,3.1873913602033865,1.7779201463055156,174736924.8072421,12.311674060145748,380.92824062737765,72.7246769285749,38.51289107866058,233.22262929891428
21723.756448691325,566353812027.9252,4.43042649881904,1.6598963346889137,1410051322.1488364,17.051471535422294,6041.4816086046185,50.885977424193484,50.48873941545108,245.1828211805086
23098.54456289295,108323565915.21742,2.9397787887378377,2.1246179948615804,3518768.007462055,12.317586706242873,1972.197485765963,62.78005477010629,30.0,354.99201879752303
14142.394201084126,312636041559.41986,1.658011471872744,2.7162653245353727,107639.35365226345,14.535323081520584,972.9209292497904,30.626757728037205,30.0,323.1514665436363
5465.605802759079,171892623485.22888,5.783582081122222,2.7031906286306793,5251923849.963967,5.888513057571158,4720.2011260048785,34.02144484902914,86.06429048673988,159.5584235250289
17288.56208659014,385853376491.3692,4.304513516305446,2.0432861994500464,166389.9030497463,11.768930390795152,4639.6429412251155,18.1984562808116,30.0,285.1315187373062
13949.962629971773,973354099219.9639,3.1127597236631876,3.402201093554001,251226077.05287325,2.121842800203345,2533.222580312788,33.996355345823304,38.76392720988573,293.7083059133265
23640.976813389334,582731373950.0231,7.006175657447478,2.114663433431068,4065930.5755633633,9.292276415867082,7699.185911763957,21.872945135576046,32.86259895310583,272.4650859842094
11262.16551435705,429382090539.02637,4.721924159864819,3.1083988722023124,13111889.390664928,13.81308278121002,5087.815271518663,47.728588389940725,33.15444062589097,260.71745175270183
7078.584367175639,565937329286.8136,7.9652749018818385,3.163960361169403,1549401196.6377263,3.635464306301892,7411.887154257702,37.56638438881842,75.26431201053265,237.1019488476598
3888.0315366056243,669076886350.6238,6.656825875103286,1.696870037854685,12528452.729027519,18.046836731504364,2411.7595096347086,68.50261813486367,37.36055149134188,285.0881543517479
17616.522432823647,434954028336.9377,7.1498727982834795,1.965105824361704,527057.0665254198,8.37299408613483,4418.9064436276385,36.79096843827825,31.072339846301638,365.48577785833635
24365.685665024266,447710356543.08295,6.526659617184866,1.9303830159004873,591800632.0779321,13.439280219853908,3314.030623595707,24.863685338852193,49.82080180576738,229.43701674868632
1194.4223789992625,701401427980.5792,2.1885118431790405,3.3393026335495994,126199.485777339,9.42439523681501,3312.1339808457487,15.896440802950536,30.0,309.0266134515551
18640.911192064108,60863522343.11806,1.9226885042488595,2.2022098478778704,2364095.096342301,14.658550462629766,391.66090244902244,27.67999533286986,30.0,309.3244523717825
23209.793882711834,540081028207.7759,7.448012021994012,3.1729426667830145,49019407.70871191,11.706849666193367,1764.8947376748247,58.81543193694501,32.51858852539207,313.9819976271312
2332.1475885700593,547328264889.8892,2.3982817222587136,2.4560360043545497,15446087.032104673,2.495320429952303,6955.910339306302,53.8361606980869,42.481060697261576,285.52348593347966
3199.166105100262,756752504376.1198,4.042969979382692,2.4144380883880405,126223929.18506463,18.498053711140997,6800.343857775959,53.396215813314114,45.91282816812748,224.46727211967593
17452.948912017862,982644769691.9058,5.464421575113551,3.3068427151864883,8067490.516775773,13.218209865505377,849.7330989846118,70.0719506000915,30.0,314.3629133332348
16375.102709446814,795754991032.0214,2.8773392743629715,2.381802814388854,8972708.553728849,9.467843359588066,155.00290106760528,27.696658137817256,31.36267041045087,311.8594976452325
2186.2716752480196,503789108861.8554,2.9643527841005493,2.9897038344618525,5537150.15199177,13.548267008011546,825.34569943217,42.95548163477025,30.0,290.90925340032055
20943.357427703333,169454010153.99893,4.530568724893947,2.3487550035807345,2731192710.598813,5.254874351407809,5114.023190790331,21.77290999966702,58.940228417399865,256.7325605133914
13323.884272199863,588261383372.199,3.8458180944895264,1.7037394731526252,122034.48015444016,15.390769724321506,1926.1850168202184,25.315639242607958,30.0,287.18490455842885
22726.335646747008,834299052413.7992,5.897741835628728,1.6061895889948963,4991255901.620867,8.253946900165321,6103.367454447079,35.964292616433404,65.26740312136025,193.4179889757397
22010.77658432126,932414131231.2689,1.9879952708840787,1.9164803539573958,6181706.422741934,16.110428593395962,56.57486665560716,59.49559299933922,30.0,298.9811467571005
20406.44034172906,825310554183.7211,4.676931351605828,2.944536072454208,6674423.788376052,5.5173610536598705,5729.022956316346,68.35965776330636,30.0,324.6164944657333
13139.522957988322,188969417393.95715,2.63268946515086,2.2472994402009894,426053600.9406053,15.816085380461333,7092.262289589217,31.504979798091313,51.34473582871426,227.94354600188979
6666.91072286109,712576151773.467,5.4437125585048625,2.4082151627750505,8737429.682443287,18.138500750498444,368.00373106673106,37.843500824062986,31.337105365732846,271.6816830427007
12896.399845822747,880155067330.8959,2.2553863964422303,1.7037527970350965,121122300.39684483,19.61737447410788,6940.485559408534,72.13624635410947,43.41267975064248,282.2714884069228
2969.8787561436116,681017285610.0085,2.784607132441189,2.746075199576119,3297261528.785977,15.545364243835515,7343.771802593157,64.61680683247586,69.79734998716428,169.26604679277824
16641.730637598943,685752355176.1742,6.725278388481537,3.1068964208039036,1702120246.5349753,14.095063768442012,4291.362798770853,58.32345265824372,52.166092648901596,225.35733351564147
3782.441871110687,500162786088.7925,3.0285854352470896,2.749366488008724,37742736.7590679,10.422842261784266,2283.3844530054303,38.50003783911242,34.008284921870896,234.913035288046
13023.737581267715,636976585149.283,6.290924702159867,3.4692281636506124,383054562.54051226,2.1593990445865647,4506.885051096132,33.87413239514866,45.65409858395024,342.97284356082633
1832.3583670870357,294381424842.3019,3.2749075479732412,1.5326827830249423,9165870.679486427,11.219085319796966,2491.5875541239684,60.64007774177397,36.3528748443646,268.7146957987395
7838.056011728824,88810997975.65842,3.027678784019902,1.5313396545010425,758963314.4163779,11.286897768234704,7466.347230649151,16.53285313859636,68.18784887008573,219.1198075880797
6185.971286409802,827715077030.4957,3.444506088728238,2.5000112062300808,709442.4704382124,1.3414405245892476,4353.617654338549,48.04264105525,30.0,380.88772026713053
15690.772796435927,943144364247.2083,7.226057898747865,2.0328161177541135,169105.9572586817,13.827993076348836,6391.648430629427,14.256366266116572,30.0,313.9190348644866
19776.27444455146,856822478554.6088,4.081576785688732,2.8730208107020077,50543275.06639434,3.0214016400208266,4883.6619411906995,53.63363188886495,34.29810006158873,313.57722383465267
1903.9223862428905,333914219867.2492,3.084443444245829,3.086420307106265,1193145.5450850315,11.95240785692348,2314.3739020647254,49.78880017761352,30.0,352.92784237676324
21331.950286306914,93531057777.777,4.988156579029935,1.7048718175659994,440179400.2169385,9.479032967298124,4006.0365142144274,14.185489738554768,60.014514643512776,258.01659559622306
21588.80852638781,280139107493.0189,4.006669176603381,3.3346764054924716,321083.17106047855,17.50733253328143,7040.331737815397,39.39055754618883,30.0,320.3954507043333
8885.592320056558,842835532974.5243,6.636283878515811,1.5598458756122022,110274.6507096319,4.68327658746148,3069.1548734205994,23.471494440188167,30.0,328.9844904721168
16645.59961627289,655814851818.7084,7.93789651903468,2.8768078555889938,239065412.9928353,3.465580231679087,2737.2413709436482,65.86855500715998,46.34292951065007,369.035394245838
10364.019276734514,966694277408.693,4.922733877327919,2.2690015325145785,31915172.020678602,11.045863720355198,7651.879436618305,73.92979420497082,35.03910773308346,341.82995447706924
4277.676613645972,342681675756.08496,4.436367834743521,2.8348784256197646,5755420165.955919,9.231846491404774,2679.147170721103,32.027449523859836,82.27494454683386,165.23651014762234
13452.229254796204,551472568819.5221,3.7297300890402565,1.695272643221793,1727539.7110736526,3.2678862973907377,6877.413602956561,12.05232622742591,35.955572162474205,322.5121181656168
2615.812025289118,790038431600.0062,7.826701759755895,3.3741606388775773,413314.4485413132,12.293558028933596,1434.4629540428095,72.8358192018286,30.0,357.27224611036746
22022.567807201704,233992708739.8696,4.641341294030433,3.3748166796800367,130476.08262255692,18.12105630275924,6335.882446998547,69.11656110417198,30.0,276.4904224021815
23145.09910553541,964090010569.691,2.656979589584321,2.5388016283522234,16643196.65185797,14.818064082251542,4926.260186250913,65.7794115683592,35.58615178288326,317.03025013796935
20629.52185677939,592398080094.1423,7.799903385000395,2.519169068130289,319215.83513422176,4.23066273552181,970.3706641240132,34.94651811386293,30.0,395.4708799473365
14281.938958521476,7898555422.0898695,7.74573381899582,2.7696163756274084,755469945.4291306,4.80620276574024,520.9218731169885,15.57945991801302,52.14300110698511,233.7089826514526
14161.165482573646,25154250474.736767,4.332212840177998,2.6601379010950756,229049.30161694883,11.173346588514848,2393.4752832003755,78.24097009384994,30.0,284.2574974157515
24622.88072672278,882216134185.5787,3.7632090847142217,2.5870931336550225,4015818279.556638,13.566466939180785,5263.073526432195,44.538741456427154,62.32907499193465,219.4529880394647
6573.59140086398,645281882479.5497,5.92284340347613,2.6783822977718663,50613878.26649326,19.580958866114443,2887.308679138425,34.96278588263403,38.97577358477389,228.7927117005462
2360.7349646775833,763072755991.343,6.888006850106464,3.2172603443573387,303291154.8073046,2.141154836691176,2176.507335107317,64.40474045957473,56.22224213904501,231.42222146614975
14267.552628228856,784016216940.9071,4.740458859842928,2.7221335591615685,451424.9192428463,10.949581252448787,4659.093600277569,56.94907707981047,30.0,337.55476414452363
8555.24714634753,420460355791.0002,3.6502844418447173,1.8916687095934894,280237.74451856426,19.748118270367613,7620.912731163087,12.93059053700167,30.0,302.07995820144066
8397.299933797083,798611447531.0557,3.4590610706095872,3.3278240807584165,5867037.750007309,2.2623908973403544,983.60332939768,77.08783752816346,32.34316128940566,374.80779257414855
673.591177163727,937532507280.0933,3.6228917268937173,1.9319212371656915,40010381.86372703,19.45274456703562,5160.204681279952,48.92446084617192,49.070619741542245,212.72770459337855
15107.865533924358,172171935598.51385,2.267214110795665,1.8303233895820497,75424034.00530756,9.270449828703004,7300.093214119978,23.17669981974078,40.47197336899593,272.4271766329791
6968.825705752544,764136635405.6211,6.561032836308857,3.494115658127723,4455970.340417629,14.361923725895782,4333.392671990236,11.117876184619863,36.59716964706407,233.35024342379296
5102.534430720684,307792699823.55743,2.1822391128743868,1.9268333889060565,2308402.1807840825,8.534166177525469,7713.848377721483,48.65662970142736,30.0,292.87501944138063
1490.582319128591,321493681560.8508,4.089044217070043,1.7001867173188148,8073330127.291835,16.828830053525035,4787.177690422802,51.58281735062786,110.18412957310645,148.33883078807736
9426.858623652477,412755438281.53516,6.927131691415623,2.624014421738601,2308392.2082446297,18.174931895924864,5384.090303328837,16.97372567650884,33.820833605310916,250.82287057060918
22034.737373468204,863719656188.5656,4.126688321997349,3.154387487349986,489355.5761551986,3.3749704224833237,6332.32742855173,48.144964050806095,30.0,393.0983099941474
8748.434786135622,22057045253.981857,3.4159516865186905,1.6215014397266043,6270444.408946539,14.957485034309892,1605.7914191511495,40.22064855945381,35.433339857907676,269.7977726965722
17137.318147930044,433926772884.0571,7.663649204721237,2.4802083504365466,3306408.9808608983,0.46375360156363304,4485.934924513907,40.6338853678307,31.958569274126003,453.13399532590466
19035.40060334673,680047969521.621,2.322534397964569,1.6370046809139782,12843281.602674201,5.573359839088285,4917.964796938362,78.26831440913982,33.196362361682894,340.13694861000687
8538.46982515989,110416347867.06369,7.251550368099083,2.357382235778566,131391926.93925025,11.069233079338476,969.9798434592421,30.712000101241614,44.96500710247087,247.4766804433629
20630.19800779501,792253804763.8195,1.9034991917892299,2.1879202575406502,103690666.55110382,12.083940615487434,3649.539267683606,71.89123968833778,44.24559548036951,298.9177232086394
17451.051661840254,941902655994.7551,4.187941183541705,1.774258836266113,310062630.43473846,7.337065685791632,6167.7201824184785,34.116343507068464,46.113714398148915,219.31929523985679
14201.434603173313,90935730142.15752,5.606186860736136,3.3620420468604317,607330.8653116984,5.445241789211966,335.2428008932297,22.56511925587777,30.0,308.04739160582983
524.3153692404085,152948984882.7403,3.9052494969209257,2.769773958904728,169715.62193424717,3.474420681454825,3313.8011380334056,20.658619217365718,30.0,323.4900211257862
1359.7237651087992,974097250848.9779,4.974941736249479,3.186112601156414,899599071.7594756,4.832267702050104,1174.2839742118415,75.84466382253439,66.40268104334359,229.31790731637497
24776.213180598552,197856442930.1008,2.826010832816684,3.31188905836302,1218325.1178913042,2.6480300462481043,1414.231294403437,11.630436409519938,30.0,302.8007895331393
19665.956125837205,78940596763.52878,5.1987243635344385,3.360370661976975,3787259.1145241493,5.2602627670306665,4105.470371614488,25.34124471082973,31.33046168166918,306.2041937934134
23470.348839937204,952192584203.3638,2.374631659845048,2.9962292327387576,18984474.145821415,16.434522540210267,245.55973257297381,33.8331783345603,30.0,290.2978252376334
22606.428520491674,892622817186.759,6.674626054582246,2.1138966304683944,381532766.5761813,5.786069411999162,3405.404202290306,55.975993844081444,40.45577948582381,295.9435105265878
1000.8530869973955,655725817007.6583,5.294634437373844,3.1578652377107073,657539.959143268,18.15839443381177,215.38423763413513,36.30604956189869,30.0,296.955474529434
19900.25859988131,551431375856.626,4.632558746322541,2.54036582296414,3250957746.6581697,4.94232087830097,7405.225231813132,11.428950149031703,62.873946915862376,204.08135415060758
11553.070728273287,919232777070.0741,1.8553341729150286,2.0433078436535412,4051694.304814959,9.86467963485487,7064.802197923948,46.187178642233015,30.0,294.46171519283376
19844.175998016064,655520419591.3477,4.748533183458695,2.2715476199878397,8190557512.454545,3.393019516053405,1700.9894284637955,71.91259824381571,61.48605382280299,263.1160329663028
664.5367120029359,658397000918.4106,5.163201297348062,2.102447061546217,2673393.051588126,0.3910389050056426,535.7769019479458,72.0599723546413,33.2895428340968,393.28795314968033
7560.882879413824,843685720516.3888,3.2268388371465697,2.432408080006055,424878816.57090265,12.529527718983774,2012.5788904976705,79.41166718355794,47.094794120164316,203.04406529918427
18907.432506886904,653246024046.7437,5.904337215903443,3.0626702762418243,7644437.953093588,6.788427825255792,236.85136414791918,33.967477083283455,30.0,333.08429357514325
19929.009320738947,503677383360.7905,1.9989734666378838,2.4697346836850667,1523837578.8824854,6.934247905047928,5880.962483094945,18.572396034058166,48.501553634088125,254.85745096203672
15683.007729758287,389722108176.95,2.8564790294152225,2.035717156181963,20513178.640078604,8.184654911999699,4595.416496566782,14.867697311224077,32.30524530351005,247.98927316212493
7880.776641433462,503134389657.34796,6.294065362607529,1.6748061493580615,2252472148.705313,15.566304360431912,4355.278104459105,70.69641843743486,62.19812316651672,218.15993048258682
8103.883486552641,522479126608.54535,2.456944423019157,3.2115121742591977,588427723.1428465,8.024844601835703,6817.258027823186,62.374965289136846,46.757577484634965,252.4865065452963
24185.7171092298,360832520286.3707,3.0960673275470048,2.3347372135526894,85141829.71795335,1.7738147292864794,6476.406545610258,53.930158342382626,34.96071739604022,310.2022874281452
11260.698391238011,448118960861.9371,5.7305597613784975,2.3838450907492357,1778073.2498775383,5.6111343050897755,3276.9638119590077,44.77322448199846,32.261622549687914,312.8203761950771
11454.575980974008,801872130991.5884,6.23747107477223,3.0274431404651434,1992225.961677076,11.543777791811758,4886.591767263424,42.01384632919536,35.93722473078674,282.91559041204806
14032.152380897138,416513952162.51917,1.834680155052308,3.1994529917296193,9059629925.77516,19.87006375219437,3540.0453866151215,44.576632511220296,71.35316327234543,182.6177239304078
10532.807253177525,25560741075.662724,2.322831186139398,2.5222898159493408,4235844268.6059833,2.9057824242184833,4995.83750052525,35.46912467216082,64.78348155843732,214.72619424165555
14040.453332636647,283020038754.52734,4.399767037981207,2.764735667617174,492143.7212726183,6.502859354061699,1220.6835888539986,43.22740131400439,30.0,376.1156261592738
11092.217857805168,231742632349.83408,5.353167141409276,1.978313401077967,1047906.6114021308,9.737586191276625,2407.641087690775,24.72306383525883,30.0,321.2962171758491
20754.515530253575,793582218249.9565,4.44957802324647,3.370135891132053,342036.0884802292,18.89564034756597,2022.5498984480935,18.243756638744404,30.0,254.1560927823059
22771.749985057955,449293609178.7503,5.705954953276427,2.6358425361234836,1015521.1963415546,2.213017780049883,1348.0614410786932,24.790661538161046,31.658574684633685,325.9934903401073
23336.70136547636,280311262724.5901,6.413953892392733,2.939209780990386,2826102.3819337203,15.886747948605413,3316.566324790759,77.96747878391689,35.54577475901231,321.9695185175431
14325.25704281997,810705073136.7408,7.672035008801365,1.7284261087051416,1542178552.136497,14.472945801613601,5814.730187478388,79.34805450426829,52.291026863266346,212.06708692133836
11332.639657880136,19217785339.807453,3.7742246353414064,2.7738419047154332,299165.3250755142,6.1634356989244345,3174.492816013918,62.60580279642139,30.0,345.7205998410482
17778.38144040003,174251668480.37488,2.5601809952790298,2.2378995648070665,2573966142.7415977,15.486385497230328,7861.258758217654,68.6033845518011,53.97941741171204,222.75339618955292
21038.927986749713,826954992440.9806,3.216546027873325,2.40012595035698,7238534641.293084,11.518733463064223,2423.704514274271,17.249645284343863,62.87101583573231,203.89671343797508
14293.06493062624,550652177008.6749,2.4630688928366418,2.864324064684806,2562715.1838955693,3.4686364633252413,7585.556958521611,18.611862538290204,32.276354355360176,288.2782845994823
17649.535034645403,773650000929.7058,4.062596672823955,3.0926550864168894,19105976.036957853,5.75050727940653,1556.4939461106364,16.48582488914366,39.79145886870893,243.40284355113874
18868.369092670575,838176176586.0629,7.171687228360176,2.1987304766700637,44324298.21107075,6.600389025392902,2572.98894286394,14.423696753523227,41.019824580011225,272.58107774682935
17071.647529573525,941963546625.051,3.755889330138318,3.2464737044692615,1067693.661008999,6.494436583630185,1321.0109371647557,62.3139117955273,30.0,328.4226991959985
18780.272115368083,63425535878.738686,2.4673475644468787,1.9379806083833901,454864344.0889814,14.939989354489253,1910.9021036006354,13.948215042739417,50.778590713436536,224.8400366593773
5611.81064762196,799234944063.7286,4.8971137331493,2.6257964665252365,79431725.69911176,13.222882001474472,1265.321447670538,76.43283946266563,42.70056659729446,268.6886289318607
12710.17640203404,708766439453.6866,7.9476348082909105,1.8025309606694784,363820.17217263486,16.40611036346543,5002.370216368223,55.78259315525582,30.0,289.317812777003
14912.579587824637,207026393650.9585,2.7231779213469367,2.078499544788774,3019336820.0930634,10.240377009602204,1612.915052410569,21.961338675082978,66.26353769077507,236.97313374190497
560.7093059970655,931702334637.8568,6.556187186418692,3.290822938794519,3243123.3004377335,7.043106554312234,690.2058952074501,67.22658053940336,32.801508521393025,292.7838614153772
21471.081465935207,404202476104.5117,6.851833133232967,1.5231135521499093,604277.7227165154,1.401637780268866,2138.701623333117,67.6585633423003,30.0,405.7476281520047
15445.600456900345,887610639844.2767,4.108699232756512,3.331222377290894,8114691397.255932,15.898128724281491,5430.416545024969,49.472214778250965,77.45385684239774,192.25038505628493
3663.84012660598,605114099551.2207,5.527084351319412,2.1568040678277205,326997.916153802,1.5416414322037781,3434.7640993221,16.36887911556877,30.0,385.201820262741
20500.748278107763,526748419793.01,4.310427429882726,2.891590839754168,198830.69162449703,6.064218348569978,1257.7030942859908,38.05446917984189,30.0,337.5237856250147
18067.89567779334,159524774372.0455,3.205125087509817,1.6834365888683356,1540866.5741048718,13.394228820607527,516.9670097541091,48.39761188279283,30.0,379.10402519901464
19078.338814859108,914327709959.6886,4.269772200470342,2.782542924673283,3947522.253810145,15.295197768793301,5837.544104396389,62.065701385662955,30.0,263.18197590752476
10105.040315615477,556662350700.3389,2.119385888095465,3.3189225595303773,14757518.310698798,1.4168298581303154,5635.836208973758,30.895261438089207,32.37439945488713,308.7553668503792
21427.961414027308,6093399404.411946,6.095214738795803,2.6104038507999663,266594441.5919973,12.171972794685406,3697.582457755377,71.12100039271263,45.99100954364571,233.37238169275744
10643.675762242874,18285522785.74214,6.889754705590477,2.224242996566952,6738557.23005249,2.7859212697156592,4226.714443782755,27.551657970627534,38.46851796072328,320.755679915853
14477.474247166989,777632827385.4425,3.498099566908138,3.087155240192388,62613510.473617174,15.156937289718726,1931.537955483302,79.87389435576125,37.05852938351789,294.68561276536593
515.7364406469063,161937191442.03625,5.182099358469886,2.9254508487431856,106919.55145455361,14.610564103073626,3887.84125642913,18.053871223831273,30.0,278.01054728768366
16299.391309607625,598738836889.7096,3.0089654582563368,1.735385121843873,8404239.287794555,14.973748502652795,5831.566848592054,68.30647197376263,31.1993552925384,303.75402012769797
18095.30690713445,681082280852.0183,2.328492926123276,2.8314030737532727,5306930219.035477,1.3219635785150887,6174.545612694229,19.25518167969234,61.326907874138485,254.08788132517304
14394.179454475412,279366313582.9039,5.813520673229038,2.8293116921697594,748571913.5300269,11.210534342542774,2730.5540223303205,63.151913655803234,53.60102050609808,240.15804986894136
12665.691017568593,569314239097.604,2.3716993773014305,3.003842334719396,505827976.27642256,4.854949819826245,5434.015941233486,70.36108599771885,43.10281064128264,287.92592504903524
20343.443605936853,240259505730.3287,6.582863949840088,2.132613730280513,3331040.2656569,9.941368368125161,3897.0105423885275,31.904297129588137,31.244074310023233,289.8130467298126
17193.631570548427,946315481052.5231,3.2664045668810067,2.302555963281592,27598206.881106924,19.78875605115215,5917.293149150973,17.093374901820404,40.747711355606654,235.85553797171232
7312.813973140563,860170296179.0107,6.820337054517294,3.420076113071624,1669619511.8951242,1.8549346748955913,5529.337411936429,79.99364109660588,58.97844052020566,255.55206153583956
23997.296782959653,288043503454.6777,3.895279733537775,2.6469138415555857,2516392306.9295626,11.901337855812383,6005.350024172426,77.97365698149179,50.670996787839414,239.29598316585765
17828.04625778585,528814962135.84875,3.897476852179401,2.517009954196289,357038579.9004565,3.3417406654204966,1327.418174360598,62.97747644398442,38.60126429502581,347.59697026135115
24704.503758354404,500633356521.0486,6.378722944371147,3.4736993844041955,19173754.189406987,10.225515880021048,2583.755371183867,37.05432533002211,38.18646184433415,259.9211134057551
24295.902248587274,960023297926.816,4.816727535130562,1.9591152637921114,232180.22419874958,10.441957905923573,2127.2201155578205,19.4080450816084,30.0,301.8547219220158
23013.288208847203,394029386155.07385,2.8063532716641806,2.2958738201176394,395154.14581526915,9.15170229060062,3582.080144361257,39.26352042678224,30.0,329.951981615975
19006.602760020036,562227992394.0122,7.027655562347328,3.0197671231915777,100337.80800325371,12.810329523111367,3724.650553710969,60.42398042747229,30.0,392.8201945671575
15431.0195281757,928706666180.8423,3.710995860032437,2.926201162572089,6251710.337598988,19.48514928399832,5341.784516447764,20.665477851747482,33.86489314056367,267.6384113640326
4718.181260231643,162811888365.50696,2.16804894544961,3.4334012861517644,130894.02349359442,16.11411310673068,4561.161000774728,11.176026273231674,30.0,264.08407596624073
13812.109726882063,550486052792.7347,4.2040067919987045,2.808600681606168,14966110.71323811,19.172546954286574,4643.200235290257,73.282468116183,30.642494239531924,261.05621853723665
19251.72479866102,105673814688.90926,5.230751460602914,2.126189946497372,97209367.21285565,3.829586715042097,5067.548871384424,58.999289843907476,38.403413912037074,336.95977322445566
13261.000388286411,617499314319.5687,5.4642546706041335,2.2953039341093495,95367566.72711703,19.86492577638075,2190.388748931469,58.568809010630375,41.13893794530931,256.9904065027539
21771.858645938613,365683837703.8013,6.931450994474831,1.6794258480335797,59770596.63311049,6.138017219510219,1816.7916421197524,76.30300300087553,43.08281725750741,285.28133922249896
3186.5695301966075,967636105543.5275,5.019144354657585,3.347440516644159,1351619.0497799297,0.731605163654115,1729.356547361352,46.44937373038853,30.0,459.9036559495495
9833.038527191535,415409765739.34515,2.9541181399377754,1.7573360454923848,39440690.38969548,8.752910088715804,6237.791426083993,32.26538679362852,35.5592358578261,279.8680770716294
12896.128255544603,136188501354.06927,3.2008311497834026,2.5914074481528955,7928292277.349525,4.961630721383917,787.1210573228475,73.65979517227846,67.37350120207105,203.70356452732477
11091.969748793148,834000126928.4432,2.1554638239136175,2.3027902492349357,16714328.564603185,15.254304783090797,2535.580719642875,79.00680997379217,30.93073534445301,262.5656734300317
3160.3704216280503,820866870556.2227,6.283507880035701,1.7684472260654749,2357536534.7546988,1.7844790188468744,2249.381057248185,11.432194415244442,85.76453188933728,166.2482112190705
4261.443204093448,694859924683.1649,2.1886200522484267,2.085984507249596,8072856.000152821,10.982663978769358,4739.486774283298,33.14710145743171,32.58637110452584,265.59505203850017
21021.623674959435,748812053072.4261,5.437782109786172,2.7671380318082504,130383366.12056907,5.823463616924994,7394.290760579371,35.368392370814675,43.844564081360886,288.0853735419533
12367.414350435549,264715952974.18918,5.380158061302986,1.5625029822217316,25656329.99441116,4.174326506488682,7029.971257044814,17.785946529081844,36.156275041392455,311.36426392025083
1693.6994554418272,642053858369.2809,6.605773120339825,3.431979066702586,277403784.58856267,17.518991685868503,852.0446984041627,25.510127704465294,60.21403748005725,193.41480444163284
904.0358449524228,38020833185.52242,1.9850930479552371,3.318191235940101,3068239085.830048,10.33432950627056,4326.279720446771,11.712031774892601,78.49263772235342,121.90242863505696
12100.147348861,196890946999.8907,2.818923732822614,1.669202892653006,16014144.613804819,6.542619232709322,307.20714628952476,58.74913098931048,33.89884803716206,318.9212473815831
4527.27878514887,932279515273.6392,7.4121554506504,3.23670709670778,612346572.4972405,14.935052026477576,6341.325325849611,17.483360514758033,60.86143988044381,211.4818005047861
17775.585676980936,739235557847.3616,5.219539391503079,2.1571424370964936,2586415232.4276876,17.071150255512823,3003.9984763681828,72.13393054058983,58.46798148199543,208.4486419925932
19985.424831929908,230673310316.71683,4.4749863852155105,1.6350088970515484,886589801.0407768,8.869652395665655,1726.7696406052444,50.878281868553756,50.79903980830904,265.4751485702602
6093.269357199087,111383978136.19858,6.359895725504831,2.1122256685837915,132672.219432992,3.6833747011857603,3877.9743519174417,34.931133244207174,30.0,378.9128024478173
15008.335149603628,948919495949.0566,7.366447932079529,3.11777498843457,100218.58523192958,19.887038302743207,3486.4755491851965,66.62209318785503,30.0,348.229650105322
4283.893765391957,112188553872.46669,3.2095626401720683,2.831662904335845,2598952745.9050636,7.211575968363274,7545.595533721038,55.54692914951674,73.14399648178691,199.62847326147158
7937.774964062482,257070790977.20016,7.359591587273732,1.9771192013407775,443166640.96305245,4.149812149115484,275.16183518899317,62.71159633006793,52.15297821246329,293.2597479294766
22275.489607445117,182634810365.46414,2.2065150692648987,2.938352953140484,6175329861.799512,2.111016247051116,7600.373392031279,71.44434581019502,55.71314535728806,231.32537205259456
13830.403241316615,7464812947.947551,7.854939810244207,2.915642229021078,2900093.301327978,2.520886026020417,1882.6262382589964,66.53655229768708,32.24916356083041,414.59385199010177
22204.273031032903,314135459963.2699,2.571536863147466,2.9857227270138877,870645307.3420224,18.86370168162727,1168.8069696637522,64.53998082725104,37.83609831627703,214.6342194168571
6018.57120239792,974178897419.891,3.2305363959149105,2.5813133353274793,1017677998.7764499,18.93587507136149,5937.1722224558425,61.08904124619146,58.082300748960826,205.033143697954
8585.596409592317,341903963906.05066,2.1278606105956683,3.137891304241406,1934783828.3645537,10.183263300564441,4185.389664840945,36.424188577742065,54.396740267361224,203.088018056132
12038.327392192017,504305375162.8942,6.723897294762903,2.782724435913827,288495848.8558614,13.858098678206765,7166.222787223676,55.62817986535239,72.8647146100933,236.81751675714295
12261.9618422663,745936037985.9974,7.897508403270913,1.750798419488785,491518.6057458042,16.66119880165585,4345.670433206743,49.59892183275939,30.872316991720542,283.4890890629095
24942.37519600066,551080550999.114,3.4303473057034926,3.12051197551067,253929815.793176,11.171218904395214,4048.6862153428265,77.44121205530257,44.70952887062367,290.89390501459906
3303.910314792687,743591763820.7992,3.61647774261166,2.147536210088933,105297600.37962842,13.356275733570198,1657.2334099089162,45.06548734115081,44.948451163852006,246.4360503885495
21373.143372238974,661636206554.6471,3.3133693719700164,2.910069436394587,4659726.88418705,19.341130006672635,7598.692561095599,25.527247412441582,33.51800241159904,261.33844442480773
21660.20996583582,608563414435.9918,2.506382651397013,2.8502634121836117,1104250.129011501,3.4920981891958527,5319.276844516635,42.040984819877636,30.07264389423759,344.7882603990206
14053.36647267579,649649257562.838,6.618387408801501,2.17182504207342,2663788388.974005,2.818731443950658,4816.534083729248,39.02550779278512,57.20215411915277,267.82344043889213
8928.910622349267,799164562913.8889,1.894678960059296,1.8233673169773643,512545.55890117557,15.072983749035153,6322.545429223865,42.79614530866112,30.0,291.6764973672974
13221.039555063257,710191684609.7094,7.790531848082837,2.8899161758807153,12911880.068517884,14.081402027956695,819.1551853601244,50.67213010780947,35.665728767966854,292.30317208068067
7665.458767760813,791775128930.2708,7.527550909308814,3.19804670615882,130014746.49645604,3.7597467096024615,6932.643437278047,76.36157535650644,41.787002546830166,299.62813031787124
20078.13248677852,145598492685.89307,2.2698540543476016,3.17646263386907,7227401093.252227,6.083175562907254,4008.8568595485867,29.67562299843364,59.477516897300895,256.230168942628
12707.839388403088,677674055036.8076,4.941905032868135,2.7530096837327322,226402783.5471894,13.720838529929026,6419.682339546639,77.83901707699667,39.74778108467662,247.30841664457935
23183.133382497537,737022175303.6208,7.9535338311881905,1.9548145394695695,3344960.507502778,9.912587663605468,5703.920254340234,64.5707836173332,30.0,337.94456744631856
15755.937936723072,299967132530.40204,7.042025118814771,2.1324199346059025,201052.5897774394,17.87482902555873,3615.566681802176,22.804464873687436,30.0,254.72460771013067
13100.823661309742,874577453265.9545,6.148369218730636,3.009255361878753,3877176.879132198,16.751236242986582,6159.981492800353,29.6308424578295,30.0,252.23563791148163
17921.19917245248,304712298591.0971,1.6459961453658627,2.3217078594138556,2910266.7438305174,9.768039330984077,5768.322215726525,73.65276748277756,30.0,310.37270375654765
12846.35762854074,243832875544.37793,1.9444533948935692,2.964994836936361,1245653948.7198632,13.353946070077233,39.737844096492985,66.09401571195698,45.05615186165622,247.5095890683206
22660.405585276454,867096948383.6957,6.661111139877501,2.1188999851862516,7636999.683295432,12.887048170569924,5676.887031193084,20.035255954417778,44.82936066364649,263.9646007693321
5018.926041727612,247020591096.58856,3.9468915522412966,1.512636493073464,310628.761001715,1.8869691391695533,4075.221701584414,50.919801053390216,30.0,390.4599453691611
24347.04275177469,415503046929.3377,5.84480720348381,2.7069801293126483,2238140332.181969,8.54055768218788,6717.372133711021,29.389528032314626,50.03812157078818,213.8648827055335
20398.668520354204,367923462113.9889,6.3046805757805275,2.7018327102108013,123103.7645289625,8.825631301576523,6479.05924442994,54.08252401527425,30.0,383.0756435212712
21587.967365689306,898061924496.4498,4.244197153913079,2.755109365559993,103525.41440818485,17.95247664048038,1373.481627020234,22.150740522548865,30.0,282.95570753824524
12331.241893091243,455236283052.22595,2.431981379555067,2.0363712715369635,23646464.554393716,17.711350430989278,183.85175435081715,34.633904089333775,34.678859155248276,294.2337457908197
21011.437958771137,694309238987.2822,4.013514270014877,3.122141900623178,221871.46446961473,1.199827626851059,1578.640171807578,37.19699308233301,30.0,448.308760583864
8015.965047641526,794039110604.9243,7.16181487507093,2.4749336776607307,768262.2257216005,16.91112116351017,5931.590916884422,47.639613095578945,30.938061348485498,275.4275935421115
19167.73037482229,627903952843.5955,3.652057563707862,3.024775817969694,8441563867.29708,12.253065338073307,6972.097596733844,26.752188299459835,67.92892467016775,182.1772999612896
3941.0288805310547,943694554630.4164,1.9072213768647248,2.7221869287525293,1666575584.0614963,0.37370804537092617,5607.586389952211,60.9422446706612,68.308634728896,285.8081202730219
8022.771941081463,802507726748.4789,7.734354211701081,2.3321416296046413,660980092.688673,7.6639643401073885,6566.495685130923,66.64866992554579,50.03591001480956,273.11005721284243
11420.450252313454,400207227468.2355,5.924399908330145,2.8592536932812243,225925507.22413716,17.767404589601927,4702.054602154645,54.7992783613967,36.284918007049036,240.04213329883385
8396.833094513837,950811892445.84,5.015568887594178,2.649954712024111,173411.24054707075,7.196760300380696,4057.1002071523926,73.21570537642467,30.0,483.2505197953408
9981.919332792499,524575308696.50085,6.889197753428046,2.5214222667957746,1511971340.3883986,13.545108345729343,7763.20854861034,65.33466349554118,59.50976239164673,226.59238147176936
20592.5662472006,22578300367.57295,4.172544407631124,2.797121051838614,22695598.883154757,11.334984968661848,653.9153664810756,13.081009748113878,37.47599646831156,271.29761702176177
6788.5593574831055,260014019639.61713,7.90325266106887,1.6718779527338588,310170.05672777636,11.817709000541583,3376.6206038768523,15.930486209523725,30.0,314.5558721791909
18759.38871778702,621729965307.6796,7.074224951085855,3.3205221787108576,3189738.3193828226,9.641966517738476,2231.6772893438274,56.197803697547556,34.1820302098217,276.8685442704386
2305.94569323547,156815745509.53442,3.32354082076394,2.170164092164721,32347490.86728957,9.672720221706243,985.1872848149567,60.53128362470239,44.913165078258395,287.7473387271133
19260.60813411899,584068460825.1587,3.911811916654659,1.9493859271740588,117077.3778526707,18.057776636224975,4848.560210809392,77.75334586152738,30.0,297.61670764969534
19904.56944932944,361598660709.5075,3.292329267289897,3.0435927153523563,1828510.1071463467,8.305632779890837,2113.370512418555,10.233277990747586,30.0,312.408705315912
10341.61999981081,534385945672.79395,5.785715478513551,1.9624437741850365,4782094.385840752,3.868674816608627,3709.08672403537,26.587235655942653,34.91395033913971,304.0920766465417
18200.706667603026,1875845998.4049985,5.65565755193813,3.49153924640212,20842830.545159075,8.423626019208884,1101.3429794207168,68.22256674174875,30.95572039187252,283.9106494791233
22920.89089175493,848421506247.3438,4.896288177832661,2.3409850831268857,102307.63087259555,14.67160858344078,3125.9922233671136,72.40735012746738,30.0,396.432530610183
20117.46785208591,361926125850.0406,7.777962434723402,2.0932488173262866,67175839.24730673,9.531080995717005,1610.0362058379374,42.51025381145558,43.44514409499789,280.6620913025535
10065.939504725517,140159294119.51877,4.569789373154983,1.624130145252147,973124.8306738109,14.655328857870611,7176.52729003038,43.86288253951786,31.619106595991845,259.76443485995736
12363.231099861578,437916419089.22296,6.594195562277674,1.5836083547276403,96884132.23164977,4.833687758009985,4183.945312599975,69.75335392239249,36.27039145544032,335.2005157110565
19594.259847252233,486177807311.5406,5.777618261648354,1.690281122280736,1569464.640326388,11.676085543079452,6398.353244672868,42.19780760567939,30.0,273.66115244541226
7668.567451303527,637403073093.4784,4.868202110940344,1.5100656576242237,10317921.227246433,17.29329545423418,3890.953395373237,65.1199819242834,34.36523486647071,317.1942870387718
20195.1271375674,524562915789.83936,1.773618196874089,2.1541799588118806,131265620.61936797,10.609525689938488,348.65064447674916,76.4111094350472,33.309118731223656,298.4726882935968
8537.742992743058,43524538543.48057,5.773717654830856,2.1209088002016117,191806372.63228765,12.75454390351618,5559.482942596601,28.32923644936021,49.053636309096646,205.55232180402942
20246.769268445685,871512450565.4426,5.676868047795465,2.360183490877178,142225.82629778548,13.592197798300056,392.1092221332515,29.207993777859244,30.0,350.3390055276286
2626.610862092722,456509475278.0295,2.3116809648515626,1.9658458464821962,47355752.31433754,14.806607315555574,3166.37302443962,75.70218943542923,35.86460074093186,254.71654989407824
1587.7337743094583,76988695545.23639,6.673447339844328,1.6254823158882397,1211179040.1954558,7.0382779239863495,4380.045443725182,39.70095045999376,91.81390266008944,145.15061437299883
24943.048460560647,772828463700.9486,4.535461542392774,1.6423250559058975,1076750.8611573065,12.555591825086376,6240.828240777519,11.100899544479383,32.86609942411891,277.79348917107933
21801.69951924988,660154758628.6494,3.6069490936312567,1.864292750610366,45702840.05447099,8.352561086065492,7189.812135177536,45.17428131032624,39.73830103225225,292.252805075296
22129.763834921996,649438123331.449,6.855736007998778,2.133179053738229,17301079.90543873,7.849627831180897,1646.46211067289,53.17321038838416,35.693905833739976,316.15560262484263
23806.358716362127,426914574821.5593,3.7319112367358542,1.7959841004310246,1776947265.920177,9.530271344670245,5311.941466882245,27.13164362700485,54.25983709680522,218.3243425423125
11238.749580654952,410497652123.9258,5.5420301433448715,2.2302356472288585,15624832.602276431,8.185898544878324,3767.127501250515,60.918726970297755,33.01199022636519,323.7816343441366
7527.471089663729,536339100048.7064,5.516446209467199,3.3444403067243966,5238446975.9923115,0.5660787290860184,6142.450512300475,26.305985181115577,66.61993917606337,260.5971050099292
3685.612377938623,50595362304.69037,1.8432388867262353,2.0232060190592334,182869869.600053,14.85280177293753,7519.351581121125,18.375452676628925,63.360886857149026,195.33499074333656
12779.62377169238,298958465260.1566,4.248418598735654,1.8367986340252938,64108572.54565441,11.70755566614231,4268.407241865942,27.455597286088516,40.53212990856824,254.04019314159365
5891.183851676892,987894185668.2,2.948061874557717,2.8295525060044637,2881361.20768272,2.7947162989101346,2301.300408734711,47.37368933015063,30.0,361.114622771998
23420.995990113333,662192826935.5867,2.797209302356863,2.481762075921397,96078911.10522397,5.263094137477856,6390.088486102012,69.90517229702147,37.57352650234748,293.2377062618891
598.0774798480878,418934746483.1567,5.757252276076864,1.5945080316185143,453139.69952184416,12.240141194802467,4218.619685397495,47.05325361963097,30.0,268.7651483277192
4008.320074706479,222363880577.3501,1.5741649693573991,3.075614662332778,12056478.536395028,10.384436220600264,7059.404378110366,69.42898649512546,34.65097600071295,268.02407579288877
6538.658400543956,745209616690.8716,7.799013358394227,2.930685943707552,2643259.0567149334,14.482255554578586,4532.924384094119,14.493047240290492,34.02666658412508,264.7702018625795
5374.439434033279,260291049415.88168,4.070041539031338,3.4545967234806825,224585915.7948933,9.810177230121033,7497.612399310576,36.08104903767093,46.96526969092988,215.29148884018787
6031.571696202903,162370941476.1915,3.442222934891883,3.376613239124591,660662882.158968,16.900487738623294,150.1175842307217,40.46249465755609,43.86027636936216,215.1180724811175
16573.16632399887,154515745719.38702,7.479833599593473,2.668496587250488,4396876567.3368845,1.595227675482155,5914.281045874964,66.12080095195378,67.62151176746048,295.05793188861225
8524.045918672156,729263549901.4532,4.663368923694492,2.872042587161225,1289745.0029735188,12.283106851941493,2778.838287152665,52.74527696427505,30.0,306.41105946319385
15568.097356632645,642810611478.4631,5.493114134654306,2.3190136479736543,2653099216.3634753,7.4624326548972215,5352.2767892036345,64.95256425966686,49.23558632577763,233.16393492433866
22311.319374334136,69807029565.13124,6.0230298661402495,3.276934373058093,1697295367.7398474,6.1715140704652605,7539.350681704629,33.69897215908274,61.29774303479942,235.39932566720526
15262.6407553797,115043700319.38715,7.164173277649012,2.605617650398696,2051907953.006332,18.8756553351478,5234.750305524107,75.38229407848735,53.3667729698799,236.4285128495111
17516.053386516345,633847233506.7097,2.3433229338108648,2.151102652670091,503940552.3684574,17.282959608081775,5962.433154070423,66.95595666125443,39.48894296812923,279.42718636990253
9454.830806423253,571116530756.0571,2.030745664098154,1.518982983819165,2180756.712258221,3.7151347812790503,1272.8231005833493,74.08398837913867,31.263588388988012,354.7181794695877
4413.592456756374,685999374372.753,7.959120098175805,2.6728995299539995,2451099125.759223,1.1958684510548931,1372.4391943930116,28.39572479163212,78.16888219684591,248.22822337616034
8354.3095300227,178039730324.3536,1.5577447105694582,2.550867781029789,99481496.62056501,17.351735371130992,4591.676827707854,10.459845943559653,41.088144432473094,266.4938705997058
24124.92489325065,726588179629.2609,6.103265898497669,3.1237543557262066,504729302.9683829,3.4274746934831595,3450.5297410928847,53.08368192004601,38.54679753313893,276.50243017501094
15734.378919101859,936096531234.0824,5.471924852731037,1.8740092526132728,1062396.8637472664,18.568588297341176,898.0928463753587,44.48052449886658,30.0,328.2552347355685
7299.022426133372,601050713485.1267,5.091581641109585,3.1308025356946825,612424.6710178151,5.5825310795376355,5829.399442550131,64.52679122335431,30.0,303.85516235570077
11547.424045471544,196130823512.76422,6.607881734670607,1.5305672205111271,2422468.705604916,8.262494725655095,5594.663287149835,16.824572930185457,39.67063239735512,286.68111025279734
20970.069417059363,679544175740.2512,7.9510741596304815,2.6746267553994647,36045734.861664906,0.9474292613122262,741.6904802974933,51.68126338304882,39.30430681261548,387.05716155864127
16876.86748229145,343082340464.38086,1.8047578397105282,2.293704802489762,12109479.619091455,10.773750895344227,398.76772799758805,23.922886498590977,31.47439381424068,250.00163807253608
14235.994597864621,49288697097.97504,5.4944482021806715,2.1630410426847835,2741827829.4827714,3.815282653766762,3036.7184429682097,46.02192091196863,66.44562719652825,256.5961433926244
22186.490477529107,302339393013.8031,6.159054845503829,2.3665919343334414,116169.60582697405,8.649965968183114,5067.144190399414,21.082493555843815,30.0,324.49365148925415
16974.76951931136,905585196365.03,3.4886054901246206,1.9471829723981453,251328.63048469948,18.392143915028974,7149.604469177971,73.86397851034528,30.0,296.6488424150179
16246.878404381838,411139909036.655,7.303599001986052,1.8668513061999503,4236910.610984279,5.088826360996301,3481.6995292088086,22.82939935270488,30.22797574081826,316.8037847247575
5149.319361663819,864665473365.7543,4.470453469423127,3.1102137680028994,689701.4868408443,12.716631600826744,681.9828671388419,50.25536728918909,30.0,346.2564807285273
3106.522733803991,508659834863.4481,2.569110002687654,1.9555166004612947,10808192.744844824,4.079693610357913,6725.323777994311,10.392676259408173,41.55644751214476,243.1665604228767
24145.981867906277,516978471981.611,7.053650804131951,2.973943988992732,387226884.87437135,12.216442576448216,1007.9498442049163,20.950696041286896,41.29269686871862,193.38754559668607
15172.030067458641,5217315848.573271,7.629016532760185,2.9227210888852646,9270205444.581453,5.818626928027665,5102.75640917662,44.95339367428559,84.55426443957218,200.14620395658056
10684.243524087513,637104436184.8988,2.1468469693968335,1.566800831414005,1024173.9755207457,13.647193361650354,3313.4926147682463,12.867315770130293,30.0,261.8104274689485
14931.01011230033,107814737216.57521,6.385925636504596,3.2621448403750906,2137337.831193916,15.423919949676963,7277.465367293025,47.99478596524706,31.46646108789634,321.6541441845226
2014.3930462570268,478748935933.63965,2.897592424573928,3.0787102601867606,697739400.4816217,17.61948948930371,5642.238176554694,22.903381953805855,65.67242088394131,162.09965280223665
20642.118210650617,260317595341.24326,1.5436944148486411,3.0921344988467685,2292179.037561143,18.375972639086537,11.139342430053603,60.85774620023094,30.0,341.0569787890973
5807.815621326231,392383573446.34906,3.193989848755024,3.1183821044380537,330179316.1347827,4.863972997421004,2988.3678894982154,70.78040423592591,49.57286528906664,260.85672691990965
20211.3771547897,537077818589.4451,7.056913928934855,2.6651064581501274,82688524.30868538,2.6234258339394407,1450.6695318326178,63.098219472720004,37.16980961358521,301.0683136336849
13592.27185995846,14465100137.85823,2.4176951990942603,3.4867617337755243,1881353883.216166,1.0179179077015499,2275.4166976260367,14.437324377726876,58.42690158421305,264.6869077421176
7276.014334594118,284584298688.03955,2.3493477394899935,1.8583042809549102,146785.7426589203,14.421139450936886,3197.656536169185,44.74423389032282,30.0,285.64210184865124
1240.1437319307263,989611944679.9305,6.303810090301016,1.6446718618833496,7920175404.370489,3.7785020015590316,4335.666958572921,17.782381235406124,92.44558446788949,130.56586413730193
20487.91720550184,57400068421.43379,4.141337650670147,2.908334944758844,6626029237.056242,16.013322383606734,6389.069660791096,38.63402965201033,62.53103923941292,174.22575011860556
4823.273465998013,319394168763.8802,2.465159471474913,2.0878744747913727,129401.39951836327,19.298122175987118,700.5615980287015,68.76829185537501,30.0,300.08051694651095
1769.2253331768993,321422153543.1733,2.9950024471341163,2.7164664478601055,31444674.85535268,3.001892581302674,3534.4159053380135,12.881222452968988,48.01426292753576,251.41347611409967
19019.00440523408,379386541546.8416,6.664912512406429,2.2834032258776853,10165541.667933831,5.702449383122633,6807.238564881686,27.615640308099486,35.81792052552942,287.81926983520617
9076.058948137981,684781233661.4269,5.551247135377127,2.167048317002007,1865588.0706115784,10.505090814279106,3463.1200916123694,67.8599018702412,30.0,327.4184784796197
10038.683136995425,247744550939.1659,6.4460370216822405,3.286497249189745,7746929537.577674,8.639456977323254,4159.167094619062,38.41492911725154,55.493956935567574,166.39910855121371
6553.155888377615,460269883866.7087,2.135526053422245,1.7840869172238638,746452.7701187566,8.547535593598152,6231.061642490884,26.47489165899399,30.515161066240147,296.6856380272442
21549.87272807398,644863921988.8823,4.477677838523132,1.8779713087872982,2078607.3637798626,4.381256565228263,5706.026443984234,76.45873080470167,30.051017295436086,342.6093381160694
7784.5733896100355,322322736006.5303,6.6811906300786585,2.8356817057401615,109929.65577409233,17.789839750181,4084.8819368432287,20.901122068173997,30.0,297.4920444861438
5649.717958900084,948772631730.6742,3.2276528806448015,3.06520202553026,79637137.39413013,13.64770668886643,7737.07364040967,65.20255424666101,40.61293066669553,264.9538511473753
8076.618295235825,979672655270.0464,2.5997282944441857,3.164428983969843,2013692695.33403,3.1196723726546285,299.34627616445835,22.465432338998983,61.07976848644766,239.00468222253326
5477.164591601226,119674448013.94345,3.9815953098117487,1.9622994326845038,128695890.1962718,0.13855883763464066,445.53696176794523,77.41364653935518,39.89806259726398,398.00051419788673
8282.552909727583,343820540580.9257,3.6669698299520745,3.2642268365789078,181149078.84847683,15.265524815770158,3424.6262571409384,65.02498379906115,41.71747268604092,254.18690384893864
2531.937460270239,207972861834.40552,2.7055730627343233,2.7191013128491104,214586.2290254709,0.36635952539442634,1271.2160476474894,29.349994911929883,30.0,442.426798843764
4383.9857134267295,186790408767.5196,7.7006420148156804,3.1464368378280865,375004168.70314294,17.614311191835416,1739.9017397261546,78.85299496857088,55.09517997695304,245.51317742736256
10717.795643205623,490980347358.44116,4.640139629610362,1.6370438804064393,11092312.440140996,10.612057848038555,1209.1594482086778,18.01217488329693,36.45020623269082,278.3206106382692
22046.93796195197,563827544307.7708,5.4524963147145105,2.213788671970843,23364813.26148774,18.60520976736278,5542.027882114673,70.17178179110357,37.007075213402416,280.0909566881625
1903.6232946960033,425652614945.5586,2.287194906872368,2.5497279689813377,84154597.47584556,15.448537731679599,3375.935375064021,58.96005709168533,48.84143536966809,198.69108654383123
5710.530315620751,272555600542.4876,5.465228072854833,2.653914065164572,7530465430.834252,17.89215486708884,6675.0561182307265,22.171905229920824,82.60231738609932,144.81034620866058
22754.46905076911,278622295632.06537,5.109597505855014,1.6981431081474123,550701524.31283,14.889163326817606,2010.5704620206102,48.24599771713682,50.31290023492133,252.9703819894806
22305.35951691808,992128164212.5745,7.557540630524712,2.577316489204351,262806104.68753323,11.553508258684333,4991.176940527045,10.834736811523886,39.66464382007987,237.56659254771265
17146.54541575056,923677450312.8766,4.180059206968284,2.830972866186049,14436608.324903814,3.5025524366610976,1715.4002103471146,50.1189377087328,30.40444270449051,337.02281007829885
6391.6020753333305,75899765090.51619,6.583403653095411,2.223190171529345,148680.0103459749,14.566548080594634,125.72858923564063,50.75424902038675,30.0,294.6842662406125
10785.35874586675,656550995445.4736,3.477176360003793,2.5014784885612613,49365479.73182298,11.866534103526494,5514.457870344123,38.596835068618276,35.80382624937989,250.94590981215805
5674.914363730144,456878150607.2368,5.263112316131224,2.08513284328812,201560836.41903377,9.120433718149458,1172.7042522908444,67.70910498432197,45.813235008543764,249.1425862812727
3650.41847356748,688814408385.0648,7.525307582087287,3.241000543743971,331855044.3775525,11.193896236682487,5553.547135901645,75.1522917520718,61.068234131031566,249.2893836563109
9809.960665590343,596961108579.8479,5.5629635199328265,2.6984132133800527,109497805.75835028,4.683514963975029,5528.464747476426,47.36333069636381,40.57765892207753,253.86833594851015
14607.629324223579,889252510830.0173,6.122531444482305,2.6025477922717917,3175668.2388876015,8.118323213149065,5348.470673736973,57.17674922528097,30.0,293.28889840724855
9318.350548887729,66989247300.51073,7.193899413816838,3.38871485175542,1273963.5677689128,2.5277427590685324,4739.758544774127,20.20991123573033,35.39669447285248,287.91717929299125
15465.201486416257,349598562459.79346,7.515258361507197,2.8298630473202184,282143.53833771596,8.224904146914003,7080.528971601338,79.8668618505001,30.0,357.7106837518421
7758.241016792984,985494140281.459,2.853786688819936,2.059646883078856,326705814.9396348,9.365302479770492,614.3369259506864,70.05412930703972,42.73842024104365,284.33993547575005
8973.337930139362,182286166705.2678,2.7729472055897038,2.7835061623878987,7143806889.056997,17.16255314830742,7455.233827130903,76.43194275529314,58.9712881365608,185.98211093380127
19871.502995292936,127334312173.2077,5.078094824907108,3.4232469133064427,42180558.330470935,10.567237606884582,537.0951353671758,64.46449619375582,33.120875684932535,314.3934566239146
22018.710906899523,728972277028.5695,7.970856445991347,1.547116511854597,232227328.85903564,18.181927461920118,3967.633668810113,32.604008739646574,50.21932508723043,224.10683466133054
8389.834997510776,777435382582.3035,4.685990101520069,2.7531820140219887,290410632.5824957,19.35996105561936,7386.6315142927115,25.51770149446819,47.53386333423851,219.6223708214365
14502.137132959268,672273875401.1125,3.650882260172277,1.8136699217728987,641520.4854607579,1.0273030980681213,2158.744956724184,45.773332323217964,30.0,396.64023726701384
7314.975955360567,776196052564.0966,4.992198287065076,3.1329190221327785,909928.1363436399,11.963011893686486,6704.857448060616,15.781952839995075,30.0,282.70738814211364
1806.6987218319744,693721878371.6001,1.918572531752062,2.7813690592825138,1098717.7782494563,6.019711941525978,4749.581237470383,48.62729407301009,30.0,340.0488724591395
18577.500943329997,135771546518.49448,2.651844007014441,3.373978985939133,4615382176.167552,17.03394610422576,6890.874087542345,35.894400275380654,59.897761731911665,189.20660770736913
4689.585339285683,608222289256.6096,2.4679827127523146,2.8391557241948595,119646.58374909942,9.90685546581139,398.0532673428816,60.955379140188526,30.0,383.56936875344076
10929.95683179947,776876905682.8499,1.6814510429618372,1.5344377863152894,50797678.495557,1.6077997396263022,4451.971386737088,53.7984550505993,42.6698826779671,345.8868515653329
12432.614587789341,865516740807.8615,6.194379969794346,2.520707688801669,7689323.130314436,4.339382261150211,1517.3220631135796,27.256408130989197,34.00834774458438,325.3228269151719
5019.553812388095,246235996448.465,3.615584548101853,3.3073361272323103,198039435.9958803,13.494068960139165,154.36767982814087,61.34093118806666,34.620367344299396,295.033237641825
2816.6060912532084,127431633507.77762,2.5954860230735837,1.9646060083426582,1266079.0538892352,1.6383210437067857,5514.745190433812,31.777904521850004,31.328636430372395,374.0547678290006
9026.31885944123,781090662492.136,4.829584508416552,1.6657928083597697,6395199524.467817,7.612614026346483,5999.975135700492,27.401457434449675,78.67855578370177,169.21233129974553
23831.004734982802,256549088487.32034,3.602388638818421,2.9397757384436836,4529775.418671606,17.438856227137357,5893.006457722444,39.29874970271132,35.24717725308397,266.59102945779375
15570.821954716324,31930446391.409008,4.054615510187514,2.5050171338782397,4262200817.8911185,0.6325681630328179,5818.532768254264,21.04973908748879,66.83824275381401,280.00820580736485
9844.550595871111,825213738435.7406,3.550956810901772,1.5951905227894032,88308352.96579432,13.93919739788244,6401.535195992542,32.761204575773554,41.69065174317664,270.5696366436542
1453.3151089682656,505991627819.7262,1.525892843332409,2.059830464878848,11811511.982098032,13.52590924943671,3762.022209618936,28.189402727627538,47.6606563512033,235.15444834006587
15206.695394081506,326633805795.28955,5.974137618723013,2.153497295286191,467119090.16316545,6.4487021779457425,2787.131522281409,11.521094129493953,45.917374373822916,212.01351958794902
2760.3122029166284,11430093802.443932,2.219488111771388,2.8357229559750037,58253680.74097583,2.298697637603504,6169.995307662339,31.061340173650724,51.016890364272896,250.5216441577045
13792.329740664396,35328409380.502975,2.9244255809093014,2.4432004414215323,493074.59861425514,2.0930250219688546,5335.020020674911,42.67833860133052,30.0,380.25349730012243
18922.787452657703,792623477937.0242,2.737060783164905,2.4743806531221706,333001353.20661026,19.386099561771584,1608.0508665096331,68.08168647016697,37.43988730307521,273.6516050237864
10877.841033222265,489706395258.9795,3.6538874207415986,3.1132073991891547,78971349.86809143,13.554479949132256,3487.992614724608,22.63335652736943,37.35705009437689,271.88287793053166
7835.581623004848,149722899574.41086,2.5412849167263145,2.0568341970029262,67332529.23443343,7.55102482122925,1465.5595515497628,32.91723307971179,44.04605962234663,233.00538978582492
1660.9137285311656,358506268743.39087,3.7551888072217015,2.8451454831506178,490601534.0168222,16.67923159848922,6233.437977787641,12.056167821217015,71.90221647655808,174.0565987603871
1107.0579414591216,165305982232.37537,3.081218247750272,2.23511460965745,185097664.03490153,2.111557292497357,1984.576276283797,15.257574849843838,66.17096052836264,242.2516145412497
11035.65095631527,112882440298.83344,1.8978982356206715,2.3367400950932087,6779736.537274752,2.5822113227913297,4985.337934722006,34.92804316220031,35.948577067901745,274.67493059916245
22141.959132222713,276308544366.32294,7.15865935160389,2.6118048263415217,3912405.387454703,3.991381327088563,5885.585288040223,44.99498608050791,33.62952593160037,334.1314356030412
6479.538080433164,549508997953.85,3.486277196141624,2.8912936096045843,1795123.2881856998,15.283069915278217,7932.916111159543,62.37833897168786,30.0,316.5304158336256
14564.359891654622,210007397805.6191,2.1193339514464737,3.390390521798749,75115083.13062441,8.207469408556573,3470.808995766053,63.422605656357696,31.765764972734626,260.39844416625306
17265.492582154162,343671737613.6858,4.889921463188799,2.038022325116546,3158193.9387500426,12.86939710927213,6980.959502474543,73.9785106184404,35.87631394412783,294.3978415656563
1990.3317537833552,477931406025.5757,2.301290869397221,1.7074904392841508,400028.98383984104,4.687399993627971,5318.187881722644,73.54572778833406,30.0,375.59652169643874
4250.959207182739,420030319153.4127,6.525105809469505,2.357583845345207,819383965.1212116,15.557100675053727,77.50256831230973,17.10497772785508,56.760613971061304,185.42684747691922
8616.281438779393,128628670493.49051,1.9002566310589573,2.5934319976353457,1110864.8138747083,16.043221316956316,3136.3199280561216,17.843674990969507,34.74534716563911,265.6226131675612
16917.28276663998,38866596670.25264,4.520133674637504,1.9560072080784463,667398.0896802888,8.294494947974616,3159.0036830488716,44.77539112274373,30.0,328.65988489664403
11256.360249588373,35459691490.211975,7.634871145752559,3.2809915479295038,1757943302.9392214,4.225178970794324,965.80494879963,51.263157899637534,44.60683295625953,225.442622667072
18487.77917134701,350179667848.8493,2.5332988487796877,3.097694031759114,324070906.0222501,12.619503003278362,3502.348794484342,51.852317671138294,34.79431277753357,240.34783721711628
21756.147706543215,718802359735.2443,2.808896399885737,2.4873278268843877,677305852.9015652,5.159900853428024,940.5123006685592,44.03933473708891,40.383145003317296,293.6169468748784
19080.120776664302,131256167473.97194,5.403021924068902,2.4001278660711773,5646804.219877157,3.0084489120331703,6684.722067995883,78.68395089074909,32.88451168668801,383.9843867773408
24810.056579174605,786980329384.3092,7.869051465369706,1.581482513409225,122230908.1839174,12.335161405325588,2901.5587216219024,45.62689861243112,49.00023908983299,279.3891763103748
18981.846183925416,715674593639.5275,4.0079323638563595,2.573779465552553,4581115601.9055,10.282530403422838,1473.142643135176,75.47176765660127,60.57308228011852,253.3192363245786
21378.390277682538,3944486942.1203036,5.716193103051843,2.6914941908477745,2591112.755254909,15.679971057764023,4818.564995050381,79.17339572946429,30.0,306.9398337077787
20892.975782392525,26748846233.97213,2.4900609080806206,3.2832635629048994,221212.91465828088,5.881574487224714,6862.081161095286,41.08153318174928,33.46678458605694,393.7312203312038
18391.511175861142,195034020504.8361,5.669081366217965,2.5021961314929646,715138.7243314143,4.544783247068876,7480.071181286362,19.36349598248562,30.0,322.3620263724343
20144.14450806932,56121854929.67398,3.1423034222068056,1.8147548453562585,3071364864.2001643,12.828431556775177,7155.342898207584,32.81426349821483,70.0872738829858,203.42792097670875
23399.73908275155,531343573927.2007,5.486369448693649,1.8601138024466979,2556556.593443318,14.036150004844057,7057.6003572716345,35.09778891939714,33.85679126337253,295.82000127552163
12142.580773894168,39628221831.15432,2.0762978525434614,1.8197348370468618,28593316.65790173,8.296602066946301,2790.931398145397,72.18295756840794,35.216078383619724,285.76491805059806
16138.032085857318,802646035349.5597,4.912298641084639,3.377069748111122,47080890.68718645,8.875077346783117,4048.317287836549,77.31880727730676,34.8317900875316,281.72448996520285
13116.02317853293,492962575983.7416,3.0431324653760625,3.086778514720814,6310563266.182073,2.51472247122568,2976.7573017675395,21.875788359499822,60.02784504800046,205.2428280468382
21350.40618620579,727954638718.111,5.931106571641187,3.1495322526401073,3216585.327132372,9.414911292772787,7378.870455557138,11.405154283723666,30.0,265.5925624924995
11068.310270351929,750702800233.2902,6.359853615944051,3.1808670376209083,40453532.845079705,19.228493903013916,751.6811411791126,68.14641440738578,33.54577691306837,332.0636173480346
20583.305893045956,506764432906.293,7.012926448636083,1.6912692851798505,6174782189.415985,2.3182716833598414,4439.014200480635,49.10522837951199,61.01727601678775,281.5833687723622
20084.1870888999,925362950890.5898,7.950569897974033,2.904353712363224,1015603.292883398,11.380960796452168,1982.7771947018705,62.58205724517138,31.780321507081982,319.8878805011926
24066.209483530467,990240783614.5342,4.485806067746008,2.90867342504405,97594761.93842863,0.416898279929539,6804.49023795467,33.216977750750516,40.213295182530125,370.564469430465
6598.55713180676,359215326799.85986,5.858863711847608,1.94964341586149,207985.84558184852,6.5412105781509196,2720.3544484080307,21.09638413343141,33.38263639717954,272.9130300150553
17885.67799220485,125865014385.09329,1.619754155638791,2.481331540478475,2064790.0241726032,15.234829545876941,6910.836935322869,28.52622647107728,30.0,255.576844842154
19044.527692363412,363238815409.68823,7.383065716490372,2.8248617682369694,221857.79786671576,11.364867237268713,7425.06287704072,13.393553568862975,30.0,276.38396380701033
23438.82307371431,223354673660.3731,5.502330445935764,3.2946728738252613,4474698.08714357,1.6685899542252194,1384.0215009917802,37.009249744104004,32.087857957648936,358.372636206039
22719.10924236051,531006136056.08307,4.238742365276041,1.720851021859967,1076884.284121079,9.064036037285465,6036.478967927263,16.945881490619296,30.0,281.1193670851942
14551.383611856983,378388222864.8002,4.32303282794423,3.28438630801327,981925670.877084,1.627562521674596,2806.3262930280725,42.46400713755844,54.14953009146646,298.0913453206971
14689.253053667504,480449933837.3766,6.426971701342572,3.3448299331876785,20748048.07313308,7.50191274797524,3232.176602744447,65.9457123541521,39.1589674176715,329.88726354847375
4598.63509590362,763187812888.4254,6.917555022983311,3.3472196696480947,10592563.319399895,15.390640377978128,2202.3064013219882,13.334121785271943,39.642687081643224,241.04198405145033
24386.586209382393,274021700520.8776,6.751373896046537,1.5096697842103566,289478049.3331328,5.202080649851359,4937.166576986975,72.7698728081924,51.62961267632768,335.5332656421203
6747.927836233957,537475187165.0008,4.818800244805654,1.9419975455096377,5444983602.902796,9.095117300572012,2751.9053460320793,18.620666116235547,84.210500853265,176.27445893816054
18256.037352056657,335161914167.4391,3.912453144192206,2.8824904720507423,3218970.26403977,10.031766430914136,5927.520542118156,55.91865749264895,30.0,331.7106025931896
19996.977617730157,784961079159.7972,7.646005849200981,2.143479561976555,215652.86723426983,17.072852448199754,6230.151290486749,26.83750216483426,30.69307414083894,285.8105523030755
11309.779862978836,639536992871.064,5.622296911006364,1.6221665830317256,353916.5210627018,2.4739920437294223,3167.1069247120545,69.1442767017102,30.0,418.06112067194044
5674.246140711921,8505722005.880225,5.033747158462376,3.0258841610985416,1932302514.86132,11.030850037053831,47.90479286344,10.724641511075692,56.863369054553495,196.47043650476786
5129.529413382325,660051681053.8772,5.389073058183902,1.5571843849301736,1695410842.6199727,0.6642602593759337,537.9897854057889,39.49710349545737,62.64178483466908,301.7636063471793
21484.152022088998,170162837904.57425,5.594132303210837,2.3920426558642878,23813708.575554796,1.912074638475094,2197.759676462467,77.33314678197095,34.1790804064096,387.34987836499954
13013.533925338614,724474065729.249,6.134973746694875,3.395152181510978,547286.6021542508,4.453421764350573,7631.446681969998,17.902627954989217,32.10607556618698,346.88758597290786
2708.356059937534,567339099506.7913,5.095700517767578,2.3804656527281693,42898971.77883218,14.40829975283519,3156.53655093698,63.24510434567802,43.12537329228676,237.3100150418492
18066.977082690773,401483276240.49695,7.189809803973611,3.323774570805613,219841384.72517297,0.8701209080538537,5956.439871572543,60.86325371611392,42.16508356490352,399.30262939747274
6629.190793723225,694066735140.8292,7.088142392779155,2.318008491858441,4583343.962755522,18.904128861448218,7489.262575578211,32.34223477226933,34.48818906834409,239.50733758120674
21971.67139339654,856593429275.4943,4.374675340243443,2.193372218203919,258577.1498156262,8.581973161356473,2740.0132927445825,14.231821719248934,30.0,298.4769245341849
8084.508757734394,778743935118.3594,2.5954847288159875,1.7147656051980469,4071066.6133872923,16.781106211168083,4494.706717484135,68.31667625153518,30.0,301.18474790353815
5406.635337208507,545379731192.631,5.248262139512155,2.216181818054398,283706857.3257244,4.4764209442930065,6820.041921157573,73.34150711982352,55.37585051486431,237.198655576547
2579.031867095891,722694597565.2095,5.534806893852684,2.173972980043613,7795400706.557829,6.789323561144292,4922.235074591531,18.948148362066135,87.59187530619295,141.02673553600988
13032.512847622364,413915140478.1992,4.901967230699279,3.19310237195397,892176.397306609,14.553965744291313,906.6426621024121,69.3479460435033,30.0,301.5796055357142
11543.070901548039,789026332537.0071,7.28875578628078,3.3398303484319722,3739200371.022383,7.614983729037988,6158.919628281796,68.32563508998551,60.40326801566693,226.94373013982164
18907.147542777002,829052062570.9265,2.104631670658378,1.5438601715066598,19191749.16325016,10.174383521924247,7233.699486631889,50.3916014821164,37.200357275112935,285.81836708644875
11882.763386229391,137294699582.56186,3.368220281428803,1.6965128210940015,207057338.46799543,16.194582013982238,6152.51868665328,64.84722233879828,43.451905280736675,266.6247727294636
8923.491238647091,238032121562.58667,7.127634001097021,2.786456934180366,2082066795.752285,13.039348311327144,6022.784837185484,12.763521669153628,61.9200057984267,211.45851043713364
6910.54543300713,269989467360.42105,7.606186534644336,2.4694857761809885,61277645.03825876,16.72572672009888,6048.013609587286,44.73238907385994,46.3917520703397,257.94405904213977
7314.595264014291,166082552900.3726,4.268512985566696,2.093757270094192,202911.62091579687,1.775400532912112,4904.185629823173,77.68942830127924,30.0,399.3425186490398
23232.273594781444,392535614362.4138,2.7521858819660965,2.019814119432656,2132521.216175438,12.181004034132773,1990.0013528317847,64.26508256259132,30.0,327.6918410740256
4544.425751151402,193034018416.40082,4.232141727314576,1.9493491790372397,1034019281.2232217,12.0440260384539,7287.601585149981,28.76940783264375,76.1847817002249,170.3775827702926
24710.322401650177,595539715387.2986,4.465081895256883,2.5509017385162744,58137878.44060319,12.161615763182231,1039.9692588564417,53.64718396964559,32.725892860433845,285.73781755779487
8509.526652209506,101616341282.17303,4.8772009580565765,1.5349598729743201,4419481.330717795,11.796763763170732,6620.093013674579,24.878487149945755,35.665576952126194,332.71632241653674
2665.560767728688,269919883107.60336,3.2832950211891823,2.9777687529379158,82510387.88800775,14.490569236804731,2881.4005397769993,25.548789793463314,45.42940055149722,212.8411231734085
6592.914329302692,665520980425.7108,3.5320781462593462,2.100776015781462,2202168.421675081,16.888525815268014,5393.822521282372,23.254210147166532,32.20316034941442,276.35681399705965
1931.152299088158,398545724588.2261,5.761319603749598,2.3536629024711413,1603435.5167699864,4.6304783872490205,6442.725916313434,23.29871167622065,33.18846113136568,304.8825154122338
19855.729344515938,421463320390.66583,5.541661981478156,2.554104395684117,1386644458.3357396,2.1360482448468465,6390.726315411171,44.95037419223641,57.875789833850625,270.6661337933976
13057.546357257084,797925455033.1362,5.803666348249675,1.922719205455298,10007786.489314068,1.5258081283454759,1297.5294650851988,31.685889472520852,31.9809204946287,375.8500157095415
8756.172162236622,984511568779.4332,3.9523523907842772,3.2674052948474044,2343930.518394393,3.2106377180539454,4891.23548083498,64.45715911171325,32.82697807133301,325.7267776835028
16720.21531347328,565068218186.4297,3.686969450249299,2.8641865103565345,11114301.155410694,13.136256982915548,1724.355561807387,72.58782198317175,35.9041071718798,298.9876660628541
15950.839885782845,79068092396.4363,3.785001374324103,3.2405926841393327,4010205652.5299964,8.359142355609483,905.7132247572894,44.131366439252744,58.68113309948792,197.75839313885083
23526.86618607596,102903871320.6617,7.682647155682845,2.4509012105284693,801573.686535716,7.022318258402498,4113.354873085831,23.392044399371425,30.0,352.22395566625767
24050.8826603353,968500753528.6941,4.069093170438098,2.3649209159788196,843619.7515314257,18.203521962069104,7900.341138564975,79.85993587778266,30.0,336.4218530799927
17176.75250380243,679235233513.5588,5.439860576196516,1.9742851370182832,5872517.655287858,18.008508786837137,7853.494841121827,13.292256675984811,35.301268221365675,238.15601231718895
20536.49021748213,752469365864.701,4.898480716582501,2.5896807224149185,200536.72812418695,10.800886485208034,4591.475439670767,48.47508300959736,30.0,286.326893055314
19914.414958211873,675764081921.7837,7.195441803964199,2.686327146635813,236922.40369907438,9.19708405323281,6179.671569653793,25.375442348602306,30.0,328.1905808298364
12536.936551147544,179618422077.55157,3.8992592050666137,2.3398467540836743,113473.10019491753,5.445292293714935,2004.9269526297192,75.63603136460904,30.0,380.13837911949935
17759.228056818716,448362712462.60114,4.321938888315108,1.790765120625278,538189.7404304136,9.225045777801695,1802.653861294084,32.747426615403214,30.0,383.9343051757896
2417.3456882474698,798080639538.928,6.978162877084368,2.0462089245912063,159197739.3389827,8.247837314310868,5655.119909343402,77.06301822931769,55.34091425136973,259.3413658912052
19071.51653718252,866363096579.1104,2.546224491194388,1.5285030190347335,959689.3561271662,0.18868918332077106,6290.136325593746,78.09608773286479,30.0,548.4009814037972
24064.908676213006,237336277410.8573,5.36291456118945,2.1382775356358286,7743723.2319372585,15.183604182028846,5937.278619237992,76.0082387415957,32.20490573129057,282.2872181829537
2581.8814515805916,595962194872.0298,4.099403349684726,2.6615179532484134,337230371.9483334,8.799537142623326,845.0153500099613,65.49073581389996,56.85880153641465,221.10057138868214
20984.836722500437,157102745636.55063,7.90764513301398,3.4114221956740103,144249.99567945537,4.495843582924,2856.6176978205776,61.88509217642889,30.0,389.9531320567829
23358.010652907145,958276914844.8784,6.188996759204028,1.8557935927788571,1109927.4044723148,13.341920462390265,362.9995258155224,76.6939854000555,30.0,348.5945726745746
6041.627800150522,252205036788.1986,1.5686157082398333,1.6109290610549594,9537643108.91715,8.980983093050236,6291.436493659163,25.65689621966851,97.10595610977569,150.62907085788433
13357.874096425492,726635401968.7681,6.956580352903185,2.092622575742924,96562611.76328123,6.308914363481406,2500.8534527062156,66.69316313800742,37.55185621657885,272.2583966835506
23232.52652384322,231113713113.91013,6.070667765178525,1.8135953963372062,199479490.74229178,4.654674368618193,3443.5811696675964,17.94415055359269,50.85738373230434,319.18592572268443
24025.537110812715,616054326824.5988,5.146245951287181,2.891037993788112,38039958.98661837,1.2298762610146434,4635.3178706067165,35.3314576182715,40.774304537113416,353.40809012347285
3633.1184166317507,659264647758.3495,3.034835093248061,1.5114983290533313,6752464551.574444,10.085290907918669,14.414552053014992,38.12823065482716,74.75229500783016,184.39150858096198
9050.60352610854,328428775026.64923,2.4705582276499864,3.461734184545759,526605.1495987936,7.540112692770559,2839.4204788115394,79.67284960750797,30.0,325.6696073724024
17604.543708195986,818834046592.1858,5.584597158579717,3.2113333505247015,217202.0676181382,0.854567316726966,5820.992058216884,32.46836656758975,30.0,473.6954219105061
5928.183234955292,885371012876.5522,4.3596117732894655,2.4813411841507573,1204566656.4377458,16.25751227145315,2295.6616243688986,48.831350180250325,57.89696239011949,216.2540899920102
8456.880401544779,855070075184.0648,7.100532029502343,3.341884439613814,104829.09768753553,16.175271062800814,4568.114699369017,54.34435098022859,30.0,325.638819498074
1070.6309701149853,330798888666.49786,3.2054282068048634,2.7561186653145544,64240516.53174944,9.826010158595668,7817.599252302641,57.448725125155995,52.24461251129807,221.0686669665848
4261.281182814373,744340514672.395,5.643879875500618,3.4875297533783387,101639.36326539156,16.786063074232136,954.068760227723,18.410519835594577,30.0,308.0668528829346
14277.072613234724,559491195378.4694,3.1174797382836146,2.056612402818935,5510908.826955445,9.646060378815795,2153.2452535144457,49.13884290775648,30.0,309.7474951820636
16500.706624452476,592628731863.6871,5.6360610141063745,3.493812285235027,179652119.84957898,3.419610213729203,5474.892465541403,54.4305170540571,37.35522946229818,323.618206092523
16398.339861848006,477425607833.3766,1.8142401744021366,1.8604945842441445,54529540.30674803,10.376083639720292,4791.036357352692,73.23439651729564,33.77341313496071,299.2717335427968
19569.83153406631,600261547707.7236,4.0460982742935,2.2068367352780807,62995787.6031001,6.28571084068879,7824.24703142858,77.01053648380032,39.04392321967545,301.07299217047847
10674.394636600391,135655022381.59195,2.622456503127384,3.3706481606801892,611971.1897320916,9.074673938885436,286.4752329921153,26.45190424943261,30.0,292.3240577069637
7200.52254790831,408847824270.22217,5.438570975452585,2.2410845705074367,2976209.5814278964,19.41486445003658,7025.173160067708,24.736320157638144,31.729017794854826,261.63283354910885
881.7271510418622,177672584316.184,3.5587323456552564,1.9196727541397332,354932335.6653084,7.142840882902022,3913.474977898903,57.86224174921982,58.70784916700949,199.5028373737651
5562.430738283479,280106250865.8948,6.51496201489887,1.6189742109464582,130763.28312224596,4.35700252251684,1822.923035638514,44.26385142990392,30.0,389.0487103017466
8153.501398949913,127815408107.59784,2.2448633427951186,1.7979164194442139,94714507.85775463,2.6146033493564538,4031.8805303746813,62.049680977731754,41.36920943653991,347.857147845103
4866.067983771405,212496392726.41483,5.115384934975076,2.2104468806423716,38488240.64666873,17.684357679729427,3303.447647445563,69.39303613227261,40.39155626511328,293.57802588232335
993.5395516667553,781929473858.4601,5.358906109120756,2.3424641049374175,5245490.148365224,0.34802102646225325,1442.8847846091326,10.747925649287064,35.55857085981011,379.24756648129954
4357.4664122971935,549836912341.208,1.643676648180429,2.5849022688404792,4719288.724658102,18.15370181434594,1762.9719255992222,71.51113508504116,32.90253304888799,298.34354602756554
16819.439062405523,23644094869.11648,1.733907120528241,3.1271759890543613,987952555.6021916,1.2823518828892992,2312.2512200516167,28.580436978296017,57.35767347796214,298.62126585586
15924.842703578597,788524695277.6318,3.5035611201321193,1.5268296996367683,8128011.581795351,15.065554195590217,4422.068787607656,77.85778491321584,32.49991693587883,283.8252042139638
23424.24916525204,909468486461.0946,5.458990356177429,3.1822322624611536,250783.2055976499,5.908336467783465,673.963899026429,40.11834053047939,30.0,386.0448019100686
20055.123139234078,880429395353.3618,7.757094968554342,2.6544986860462183,6459474599.491449,5.035652779822299,719.8751045239683,69.67132349441317,62.20513636895387,271.1827081966734
14410.024862609185,823017059856.4388,2.09009281492631,3.012956116569004,448586.6157161533,3.6397110929839274,2660.6517803530137,23.995483732399258,30.0,378.05352663907803
3870.1305135836774,992216450584.4941,6.070558025870237,3.0139584414150487,971111619.02887,2.733577569039119,5661.254212477518,46.76098898346071,67.96874931135508,243.97956941454785
14319.759563666345,586402369135.9774,6.00265479379805,3.306405358614571,117413.1307685069,1.3713817613889794,7826.657859723756,14.43016344752953,30.0,376.89865198027695
2009.0789923974287,962587665927.2764,5.8515825827726,1.6867604176686963,6637310.104834389,3.143139696079296,105.906205047125,61.439002427822984,35.093673981264814,341.26892605339685
11056.679986565894,948844283657.195,4.8549577199593115,2.6430305767128095,37661943.99745573,11.790122518064953,7779.00174769626,75.94698862086855,34.44591313845171,283.3531833005309
10061.336409206287,313239417264.7088,7.784368678965935,3.3180590567896413,140900.46310979695,11.415088295129252,5491.471760990835,69.01861273687476,30.0,319.7205808548313
10981.438329392071,863433892622.1147,4.761538400176429,2.9384126280764384,468201862.5121719,5.657440117263814,7208.876914023995,57.62471521227707,45.906811262256156,270.29344733644405
7355.735000672286,792472873086.1116,6.948931014794851,1.6931698229930758,2008664.7398274313,13.61364331583395,4295.34347971601,18.32566681917821,30.0,219.6368682127759
17302.84596678368,775799001602.3082,3.206383918685315,2.7279286217595136,50797492.52654091,15.40409902201637,3708.8849909796563,78.87718523750397,33.80319323989274,269.78966505351906
21103.139448820097,896280875011.1506,6.741005245494558,3.0997618184018894,915457447.0287076,19.60449017173291,6283.425911650618,34.07737154212947,47.041205427526165,225.24087522940434
19328.66631867495,384190625730.2978,7.977547270603067,2.0497235726113976,90275331.05628853,8.823397867740736,4413.375969616323,54.294100038662066,42.511708994091826,347.7298708212259
15879.926346876568,400055565832.416,7.41555892052944,2.7649864700334277,18969958.18804066,7.5230518355543525,7179.950307281101,29.10860612681708,40.94399891655005,282.6850705506265
13689.447583658824,640052669151.3273,3.476466171887645,3.180824442788288,4792496.5628249245,19.46483845420999,7145.575119406745,67.91254993714173,31.38868725670496,287.78885109215065
1261.5624101967442,737804800009.8043,7.000023593014596,2.547733911816309,168083.91094933514,18.845943313024623,4248.339290459144,36.48942215601687,33.16611413540216,274.95508899834755
18211.88296795207,879737222920.5118,2.1191712996866787,1.8883744016908512,3673711213.067017,18.542609730050923,4594.379483361772,37.34742520485305,57.02683844934161,222.3290688572571
13852.082019673187,875845444813.9612,5.905099137484842,2.599364244233488,91129148.12834193,12.195275723691067,3655.640223151366,10.313601924923061,34.99253573020605,229.26700338342036
7133.155741265228,721339903046.6355,3.723950514413463,2.676007866309897,143773142.67365095,12.373749142489004,5518.355537023384,50.27346883108624,44.60260100924364,294.2174400994078
8532.12995190932,956892820928.7449,5.781355582371387,2.3057055444681196,15942718.890458757,18.56320488584047,5462.0253433129965,27.55120963792348,35.2725005569956,240.8426638593834
23422.366268508664,178629440317.62332,4.179618549266525,2.8592332490551944,7304000.259585499,9.622390501358607,5208.239680771057,74.52947034486638,30.0,335.2635918364278
15796.875005372063,950339896840.239,1.5587154738645959,2.3666657893767886,171109.3352129699,4.308832083482571,508.1758200051499,64.82049292778424,30.0,396.92259762613446
12159.854649109444,64192417842.13954,3.003297601311681,3.254810175308948,699774.5469967033,19.705911515813575,7709.025986084006,76.64504145451687,30.0,287.5139710888207
15712.582622855989,555622325570.0371,1.775510513579054,3.0832509350243638,13419691.294544121,16.84929107618074,2691.461961808272,37.2821704045423,30.575937935062285,294.9024742788697
10636.686962148597,90197866811.16524,4.277254498199033,3.1095437316983,1616304.5183206093,1.1682731347883228,1977.2705823263827,56.32110416542122,32.81363474114197,452.51825177455737
12019.465693473898,568001407197.1613,6.96046336373319,2.5521534105465706,166805.39050415476,2.293677279322821,1696.2848491174357,41.62613806282323,30.0,391.9496475689986
7612.576789337924,390110322346.007,6.296978933338009,1.8926956411813411,53711861.25280262,17.64824427681927,563.5759966685342,73.65362191062036,36.033641034273884,278.2465397008383
11276.405864495291,81610349892.95537,6.6279292105864265,2.948843638216663,20920329.574094035,6.056679207880434,3661.7444315171483,32.698282260086515,43.478295109236825,281.71851825282664
17297.009694728808,648117156907.3833,6.74679771723074,1.6378427031588632,12789837.497505367,13.942896541117946,342.1173850989252,32.99679887037723,32.75388221066516,292.6396723355191
1478.5771646184958,731198268424.8422,3.9176086222825908,2.5351498723059747,833963583.8379871,2.400546561585768,1295.6270593459385,35.61604651141285,60.83367183955492,192.8513103995867
19978.171478755794,174186239434.5677,4.789167241707091,1.6059581629630348,99457886.70091902,3.452146762754073,52.148593390701485,44.84524525729064,30.784603079074515,270.99871303397225
7432.9987511021645,694437024872.0497,4.804932605555107,2.556837374714023,101642.59437101272,14.959965837929168,1405.703609662635,72.14034878532102,30.0,294.79035029441536
17222.714939096244,179048370100.18378,2.2358553600844706,2.8718443382578105,644984819.1988715,19.586869155975684,7962.0114511107095,24.522724446608418,42.121133235980736,211.09543467581014
16246.77020966147,137397311918.8272,5.3879237938337825,2.338396492838597,25878425.653342634,10.068866068113552,4336.215265052117,55.59155324543103,32.847373817125444,265.14287770644535
16489.387203961982,147364119161.47922,6.1811685635021805,2.333806333108641,38376897.90574427,0.9061768229928133,546.5172525864618,31.41701105746063,35.0146354164361,367.87882281309317
15399.158448267171,599078869875.866,5.471290824236412,1.7455877005483207,2804554177.0909657,4.724624582886866,4517.532540253227,15.78628676156017,73.62472528453615,203.55434597570877
23997.995032703606,778791029335.795,6.348778575611897,2.1036992105967194,351639.99543797795,4.293384132747458,4810.322461890068,76.75598860932172,30.0,358.38457093941463
12954.431986037076,596894104580.1122,2.2727932428115687,2.3885474411700134,99316002.53294443,18.70868048863501,4386.33753073566,65.004537593258,40.137112282774716,250.39651522517738
18441.81833012611,809351643666.792,6.449158151172152,3.227124277260452,2575127.0144736185,8.412042324964442,2694.5440408182067,76.64131777903502,30.0,360.0338230757397
17783.508615247152,591477749593.0281,2.852910671895097,3.295959804678153,152600.71017746633,18.956072420351443,5261.357415639492,38.01887688658517,30.0,310.5910513487767
6288.555643319094,797321450027.2394,7.1993743484569634,3.4071602040151707,15378291.846631471,17.198712984611145,1149.4474532577087,62.98861718169636,34.20416396521627,325.252554682889
7440.993060077228,976522524610.7996,3.0920535302801713,1.7005273942533607,2618575.8292215103,9.043587787599197,1764.3079030139684,55.580137537377254,34.42323647475486,323.1344011736991
10888.418904845712,390960417008.4166,4.697950493987861,2.092421622537775,101733.6916372137,0.5459578440938346,7957.817700579146,53.3312043371902,30.0,404.24463634388695
7303.599296348626,149943026984.71777,4.667230928268122,2.4258258375066957,29155799.71511903,19.460362854284114,3330.5468135460187,12.818925052322925,37.810621262448116,218.5100322054977
9485.205923784013,135397676308.14595,3.2475270825480878,2.7834876487801044,3594322.95117686,0.25092507829987915,1190.8568616312546,15.021038406404115,30.912475315330255,433.65825920729935
10078.535041243496,597477999179.0013,3.851112298727364,2.905596979198987,14812091.945569454,17.129786950216268,1744.0330355927917,23.66839553185026,33.36993233222652,266.52264487957
15294.681742989427,547103518752.2761,2.706378868991348,3.0720325772378327,114460.52310681759,8.293975076909515,5795.815492103814,62.47577711032882,30.0,337.59395717226045
5887.30604700901,184236194306.65222,5.205654533480571,2.4917476201203077,10207280.110001555,6.061113251013377,938.8389632868899,65.8839564653615,30.1470380063237,306.29730646464213
20205.15071397884,882105080562.7108,7.434682164667621,2.6131685332537895,22491720.58711867,8.195597170793915,2838.2948810779967,55.30546045361049,36.508528891986735,289.68069879588114
11219.640740901863,956748411705.82,3.5579492203507277,3.4211413781030897,21384826.747088235,7.170343265249482,2633.8882249469643,23.44480904210508,36.9606789682546,281.2123056763666
17802.980736239548,253216389887.6586,4.802406963514475,1.9800565595793918,384265121.8499554,13.797929279072726,1831.5692622009908,64.43320844366937,44.972868581252264,258.852337150792
2495.340790400038,206883724018.1361,7.102223977406222,3.107519485768349,9045506237.22698,11.475826540043643,3819.935433698318,17.94279422759906,87.27913427396292,130.4589810580704
12014.152156046988,213922638385.69492,4.441243805145572,2.9236360687149086,137819.84548694053,5.17525181991708,889.9222415942963,72.5816378949724,30.0,394.63227765090784
1191.3785383445436,387422142269.8298,6.903192134976477,1.7801796734562123,9552845.465666816,10.573647935197023,3657.971471694177,36.93418796931691,42.32012485887485,249.22511093709025
17059.794799481337,853227322071.771,4.401539323604153,3.352983385436209,1921264542.7341664,8.128754283153079,270.63654018778936,60.89613866266788,46.233618679034095,254.12819091389318
8920.896886428205,595961013980.5079,4.361576033620676,3.210712312252897,134426164.1061188,18.416892805639645,7763.03193056068,21.86465395233307,41.14623833579307,217.45903353730267
23756.6939455928,67554364179.23819,2.5220597541657233,3.0590093057934524,8279563705.400551,17.852941833782044,4842.94181325106,31.99977690520308,72.36203805487874,196.7090535770845
8441.043257734775,472979612192.98206,2.312362358772991,1.7535471675071186,369045333.86009854,12.366050909882574,609.8106064184419,44.66912148386285,46.574971965430045,262.90077819036736
14313.244501434308,90332592696.40955,5.474728837914171,1.7793410621857009,418058074.991769,19.309087802674497,1533.8930207692297,44.74484913978923,41.57269090642794,222.45345373839035
6805.99560451806,406214707794.3261,6.877667910411684,2.8663969163971488,240116.86059638608,7.5337846097982535,5894.232274158944,16.803982661962017,30.0,293.99249808727023
15692.759409209837,403520738783.1747,2.3801421645262586,1.7145400303581975,2378338.965897754,1.8050070060768044,5856.056356273045,48.382324181591514,33.55349962741589,388.19076850247615
11942.537578264248,648353017356.98,7.41561064969542,1.7266312118056582,82994353.40248676,1.0006634620370976,2926.2173896344734,15.258254113818372,43.41009987085466,302.5928312068869
9580.392406888006,549454417509.13403,3.832718712118187,2.300558933908218,40922615.80053557,16.67723242612052,1196.0137132614293,74.65759872826276,33.268639009407295,255.95592020392837
5490.3890524644075,874754907584.3037,4.264171842385341,1.5107557775512437,650065521.1640677,7.700637921020683,4292.05897992197,39.52372242771362,67.10351441549035,202.04667222879698
3232.272927300655,16276166390.289677,7.313947113117839,2.9429668056319898,9295836187.40681,17.212462087355142,2218.414110749644,40.7355310466992,90.20958341658229,151.75121978235288
3437.038781938495,773999048095.827,7.325926927089141,2.580413986349653,1081487.0478012266,9.20176703827645,783.5004749472412,50.38954689599155,30.0,304.3732534039473
24976.480428886054,22659318297.500782,4.9115826999252175,1.6563482984293016,13867418.11059944,0.2729133838421339,2774.5283510178047,64.71723039601426,31.740226347891287,451.9727915842072
10601.61280800225,304290524186.53754,3.2989721389467155,2.587165496924685,2158737705.592906,10.596535705069352,6010.590485784057,14.86743870452905,67.36158699250873,161.91399789473712
547.2778428968168,879663258516.4253,2.6176065701981432,1.608175745753856,1551479560.0279825,11.911196438254931,2839.5790784089177,59.208463178853144,106.87358411318314,155.60076366796633
23846.755370337352,690414481262.9501,3.2652703082985526,1.6413922119964648,1218897428.459126,9.05760206679426,335.83377605498436,73.73715914419115,48.11807165361235,299.46310261330893
989.5081436304099,171997506369.46494,6.574078084563312,2.4709323803029077,126464343.99934013,16.76878386016862,971.9743082478731,40.743771249769644,56.2024940699466,176.61179661635853
10755.360076086075,490785053327.3988,3.609840214388722,2.4996465010312905,9246289580.464216,12.897962766743882,4774.804940309574,10.92857511364957,75.69056814269412,169.18919652720933
18078.20085628107,721904459073.8048,6.014649496714556,2.1779895457864065,6159099.869857702,7.326547764873669,4182.000947770482,27.31579661932927,34.118463650815265,291.82430800933747
22907.68148710816,937343383996.208,2.7688053448173813,2.7435429166236633,381482.14917744737,14.394097641336716,5402.153049090254,75.8732190877779,30.0,331.23141016890906
17965.714140086475,634321564897.0045,4.610273612477847,2.2747168053095823,460044.1799764279,6.426288066560028,4578.284953837932,18.26136840007847,30.0,310.50589468822113
11858.830995050288,24676386757.515854,3.7886904043823444,2.6739211580259745,15082024.068551848,16.779025325050426,3982.8578177215263,10.952950638681028,39.88012156407996,237.17278327525804
24373.829955110534,499702359994.4239,4.7734801015815,2.1995698747992685,1058643959.9110034,5.638068908196756,3806.210081980583,75.5102024617126,55.996720099108295,258.6957015436496
1463.3248843151255,152962486209.18854,5.204644390981148,2.929933929317951,18375164.912345957,13.348891021333912,7692.686397833982,70.411800976698,47.204563418177074,226.59057796341088
24678.858962181195,47780502695.37086,7.941077270123894,2.658572234919135,114002903.80587195,8.33108624722131,6899.698674291518,42.227443357466385,51.8283552745271,296.640837821779
21310.093016856754,598511036170.9496,7.349317806729815,1.820087093684455,6167484.291494024,2.0686063551339884,3069.1993470438038,10.377650141012012,42.101210126247004,286.8222370168933
23258.7854195958,776922125588.522,6.02313210390724,2.8725377103554397,375107736.01000816,12.612610046071264,5231.2356006532345,50.86393722133325,49.30859805092396,259.9543159581615
6741.924390389648,36061519435.8488,2.4993325584477217,3.067871845066917,583053.3540247082,7.691923425398907,173.25811129938424,67.17333169582969,30.0,354.3313718627015
3990.2227709646095,783589487376.2485,7.473685616204919,1.6317481359121653,39863744.607933894,12.703554790276815,177.39677160372855,30.02495491742388,42.34924162001354,255.7118176023412
16751.22434463115,706388173423.6289,7.301809459601998,2.719921190601219,842650.7956390077,10.821076419238164,2555.3917563025116,22.091482130097518,30.0,316.0782155175788
13138.55623065994,751987136181.4731,7.263572295482552,3.0808593120261447,22027270.421743188,0.8798227416308961,6040.588348489922,73.32611051357735,35.972835122698385,382.9748630997808
13317.615038237296,244729127987.32776,4.613609618294864,1.7293057955572069,14205944.769813733,4.139316752667729,7404.41396283791,63.75484173589374,37.740024294626586,345.036320693909
23153.169872838833,393596061897.97363,2.6095936218968694,3.303304839470062,105392741.14406304,14.02340059945363,5466.9771863649585,41.36568617367164,37.77420319272035,305.55849289558
15691.982213004923,119751707456.39175,6.403620897297991,2.329597572505512,35296056.01031652,9.37973394143122,5654.051792243662,73.3510342413895,32.89475941652426,290.23758590787253
8121.063960062453,238891711343.51627,4.025347753437753,2.975679642197436,7563201019.744802,9.356064755902318,266.62580377010926,52.57091852717734,75.13778315047217,168.11673347546116
10301.630632237962,302790368687.7586,3.739693882999527,3.2980996936585347,3173642297.419704,0.09785207381772194,7441.973070415432,76.0862015815915,63.621829493193786,354.5083903972945
3770.6479597503558,319437320100.1466,4.040083081635303,3.479274301740566,2953860.216648498,6.09082403601404,703.4795200071322,17.22127041841101,35.7816412750756,297.8689956239158
5211.693986754389,175040713056.9237,5.13395862352778,2.6678501280625797,403537.6212649605,13.405845965926964,7575.7961766062335,40.54904513709313,30.57374808314518,309.9970823756263
4012.076720133693,188712609359.34528,3.6678723998370337,2.908547857006308,210745.71520997968,17.745412375543275,1142.2333245536859,57.54517274782734,30.0,270.85469813436225
20352.137859678183,901470498321.7604,5.984483971487769,2.00339934823484,977167.454571261,11.501440947559946,276.7422850270908,38.552817353106335,30.0,334.0176412016286
17769.399965316912,783893830921.991,5.7102046723338065,2.0800927443707735,1289843.5803209739,10.83587390020508,4513.243503123393,34.483615189400425,30.0,293.05233457204656
13493.45293146587,344478359013.7339,4.807606989874852,3.2015388538051894,2775919359.9798503,9.432779538788086,918.0501330467893,58.6796714877708,52.012466302606335,243.73649112140117
9672.011923875483,947643591837.4213,1.8508260059557193,2.296487807304679,4209246885.4726944,13.585698421601828,240.2330182277059,52.39812161117296,54.80903435020871,194.98458627901022
16878.110112946586,238923473869.6111,7.58752743541262,3.1448679088560754,1420206.3932470682,15.972716683034918,5345.94113080702,29.77774075234847,30.0,302.4069044030422
20416.181018546144,406821046629.5972,4.176025840282536,1.6011936290769055,621806851.7413801,4.4526401624366745,5908.678493769321,41.080134190217834,58.531355842480004,236.71363255082863
22090.21378395687,813525497909.2592,4.4214457628582675,1.9365068435858248,1509453688.0303304,14.29382951776784,2350.6044301447414,59.48308577259905,50.76406871042185,235.06550572070557
13901.897591055173,442886927317.2565,4.464211329580577,1.8401881779403058,7718855.472867845,4.914903285054626,4272.730705165083,53.88340903986366,34.72350817806904,302.09756276403414
20587.18548458267,234626088282.82306,3.872681728550049,2.5541349394049147,2280187375.9189434,0.6842563789509136,4692.500874422471,41.71184174896946,48.99406519321129,293.18294323590624
13026.995858611028,368536099086.02075,5.884821419017063,1.6610610951132592,8775287926.3168,1.539863609810641,1295.1712881066535,28.200334963451883,81.48308111731946,281.7430082510444
12125.987185103326,500721571653.6092,1.5904650228550203,2.187740874842616,6902015407.179388,0.9785035354339457,3526.105539270682,18.02120553225252,67.38807063037737,216.25196727413885
21703.080462741455,620644763015.9537,7.177804140519412,3.472490219701193,512311546.1473736,5.6394624483712406,5099.381774857139,68.81226017136515,49.07921944282026,282.06874612818336
9966.161438484267,405607093975.0237,2.1658536642521415,3.088434273400744,7216287.958139832,2.5871073504777637,7086.6826664735845,67.42195011035767,30.0,323.41468046501654
10199.860636497206,431304899815.6431,7.998138888181313,3.0211828258399227,1364669.344754776,1.7498207170192273,3356.7070713390576,52.93118871655714,33.38410105071709,378.0037899378881
7970.327959480445,263944348857.8124,5.582537089648686,1.7702293988810855,9211923901.780909,2.9943644567015038,5597.674443412118,49.99395046155091,90.48667602353214,199.02145161445966
13208.192343218108,535347763070.1133,1.930602081680446,2.2291182131640266,2403657.805544827,0.8120561303667099,4018.4291322229974,19.543084697616543,30.0,360.26477462146175
13848.825825391788,219457014313.3126,5.155840886274467,2.8611759425745076,15556556.969497442,6.903855503636816,5659.610504965242,41.271207689476746,40.62246466419939,336.239917411812
16681.298060106194,867526350581.8578,3.6535006510264956,1.5432504744867925,2092293.8724962377,16.465179375538728,6313.9913853235685,43.87057017004613,34.064604152131594,317.6096345631383
11047.306597684477,747367322899.2312,7.694780950320519,2.367952981952255,30240871.135717224,11.097882740378843,4249.106234260476,42.29904704921348,40.11995735500903,257.94395459968143
5837.013651148184,410279578135.1957,6.4105615310822515,3.3571795784455487,356373.39412885,1.3460840646655807,498.21273174056046,26.94641144325717,30.0,429.912857258852
21737.63052913996,747228099805.0007,4.795595346214837,1.6646796137992157,1109897107.146774,7.529719440108817,7004.478267175257,18.66681840420121,59.97419565000514,218.69588359594593
8977.021247331351,6996934813.43121,4.293553096798584,3.312518677412001,33537879.85865249,8.625201910408974,4811.940238575354,75.19646868077521,37.90774108952708,263.37599395558345
23112.11378608428,344489878153.17395,7.973147627631986,1.889043249042072,12517330.495964548,3.489608165808137,4809.136278322822,48.944125420510986,36.775929117592646,313.7668848145601
5580.156659148166,440301707845.6404,5.837996552244945,1.8782144466882624,6542187.701279232,7.491586963826317,4080.6253254907433,70.37985778903015,34.10173213021675,286.5132175546843
14221.408167787647,469799037747.18976,4.840543325543066,1.8908719175270863,79235822.59815173,6.768262892065108,1400.0297844834658,57.038956273539796,37.633203390000176,325.5163385035183
13647.06979147158,748731728978.8612,4.08663676323192,3.3625121646064233,793305200.7274458,9.901476615153202,3894.532976600806,67.42161258518549,43.545100663967084,234.4459524588518
20801.872274211386,962807464754.2863,3.6097885733636517,2.7074899887873256,3256903020.8949313,13.960978529030784,4299.219758870862,25.11983158836543,50.26542703744188,225.4195362107746
3901.858975395329,379997750445.6726,6.085226254710591,3.001577890593746,1612841453.464574,9.602797269917103,3076.2860203893324,17.4223935903875,59.529725408809796,181.70565462272285
22793.460736477802,350600498928.0252,5.321255846889177,2.232815212169343,16887517.948003694,1.5253833202536597,1201.3327236341522,52.970920125500044,34.08788827029476,363.46525215755474
13519.990218215718,610515616065.1696,7.013201429475561,3.2465018719462235,1478973238.7261224,1.1518126825087218,6100.272909888449,48.454255744810574,44.27400628554747,280.0281798989476
14859.679905901978,281254332937.9647,5.098144701471933,2.663874271829875,43961952.19123405,17.76479064977852,3658.149894787399,16.752419131595644,42.123061031257876,279.81543481188675
12999.074185795294,141351192464.85544,5.285154035856769,2.6996698664130823,155199669.0157243,13.91054306506287,5608.288578580966,52.79067531478819,44.06197965668967,260.3249256477133
1382.6102174885286,961540908951.3282,4.602817216480673,3.0046421041562743,235940240.19903976,13.160726181093763,385.3702530448918,22.732938840639527,54.140119291712935,183.90092309588616
12678.721214261654,809530147279.0653,6.457036150891933,3.0472852466783236,9963436.797936324,18.268365479879463,4039.9825012122174,17.571692859047943,38.81012824751819,272.98695980724534
6956.966735586268,958499594524.5748,4.197449144640369,2.86372714317258,26931815.22679265,10.853041989669679,599.4975097970902,78.96599912791206,31.5258765315389,321.7747786582298
8895.860419256871,217833660851.03796,7.037607430744447,1.7378198671917506,290365477.05955356,1.5207800906275282,5870.970666958391,48.90014496691714,55.00210772158446,273.8048214166904
16402.98918008493,17810197160.455612,3.6257909475062,3.2334531854664497,3464505.2573074875,14.301975191983395,4651.87954472134,33.083709360447884,30.0,276.3854823504107
12693.579672115595,437262138476.5307,6.002062801476275,2.0217982321705277,542708293.7296875,3.287331813896454,3616.6149406228224,16.86390735870658,43.51241453136722,218.23971106503086
2783.846210352781,933609029382.6183,7.304310844147739,3.4923883166858394,5895433.110074678,13.340580738872417,7783.009795804777,74.1705716214004,32.845862074075406,292.80932468097615
2289.511231663094,138326200546.42004,6.498980114024787,2.2710158635371864,84615009.28288879,8.044118173287787,2614.8725997110414,75.98054209071402,51.37170892347307,252.21344255924868
5048.613542625573,117186405649.07555,3.7269529263536834,1.7399945951978553,1542103736.7475507,0.6131048916963958,3388.888162257716,27.986874054931157,75.58451231620363,262.43328020685
5176.68609101948,68953715293.05782,6.091203519180024,2.132173005178392,130624.48703860753,1.157814759111656,5902.865153784617,40.45175573815922,30.0,379.30759410028634
15403.36854579844,765018233913.9758,2.8454012949648284,2.6470684872013948,1591110.0757141667,7.883046178451138,4205.1598754595125,55.18833035558239,30.0,308.3760440087503
4856.454369115799,785926747907.0051,1.878073016436761,2.2828924764048395,63949678.58814009,11.91113542866333,5271.583828290211,17.780975235197,46.27016203071118,238.41012727238015
22102.12587023188,695376360287.4084,6.64398130769153,3.157363377938442,339244.01986634004,3.4593993849130675,7810.47641119091,47.58700868025343,30.0,407.651748873516
5639.136185028622,53292791830.49097,6.752059249005826,2.864412590840953,1066617.4191547132,2.1796601486091136,5568.458051981122,25.304939442263848,33.73262468075128,346.9555237455857
2732.7204129463744,723288612526.868,1.6490511029513837,1.9269011312081676,556477126.0776252,7.555796920524324,1214.1625861233088,25.768469825841535,53.43004843814607,189.4719398261446
21955.77740081135,448629359832.8787,7.660667590154829,2.577706609926591,134621.74785887223,16.093405534173275,1682.683901392418,52.2143168170552,30.0,356.4951750422435
7735.525613879959,157895264042.18304,4.3983488748836,3.075064000396469,112249340.58318843,15.690910091016937,6960.152748680974,31.705241439567292,41.56539821128383,240.66650466993636
10922.854430926527,295126715358.5916,7.38426895833003,3.2824675031051287,148178.52665634133,13.698595580187856,393.31293684967073,48.524706264985525,30.0,342.9465755640552
23996.146408304838,501147338786.12103,6.623134416691895,2.289888669816083,379855.5575982955,8.535868399568669,4078.3208413398793,28.361643849693245,30.0,340.3090255126329
23637.04586936546,329652142618.2088,7.35424793075663,3.3489294403028778,8947546.14140337,8.866655128333662,7248.584781502694,44.138259528662644,36.30871123384606,293.7755214958698
18015.463786990487,969749256992.3656,6.916941615260946,1.5719389192389428,6665664567.928803,4.557580068193874,6212.060166125356,75.25621216984875,64.61354033087953,210.5298416989142
2189.0043174475904,474742266965.4576,7.830969902314357,2.853382404359537,53609005.25604547,2.785992893736047,934.1800705018089,43.930774790286385,42.41027369246093,281.2714080681915
15036.833072579238,372151138101.63336,5.589156508292614,3.063969489684383,3640163.2625000738,0.36602377639928757,5926.315511836329,45.09459204759248,32.37044489807515,479.896613681275
24732.409408535317,673165755802.6077,2.9771825058412635,2.350282761284111,11392834.3036292,17.209993321023255,3062.726891989933,44.4988073153401,30.32853693350412,324.62255206187206
23699.447596387523,650545406310.8579,4.032160349764419,1.5219489518376519,69800900.99055637,9.948882995664356,7211.265598110796,69.95936885990076,37.13231474957423,261.2636694275215
3097.0610667386004,2440277965.987014,6.387215116024028,2.874070320538954,125049684.25882345,0.11070750336619227,4586.636778544742,57.72173597627294,41.349332996945805,436.05143720306523
10201.198925714032,618474079827.0447,2.5203003122199004,2.185128485075982,2185327.044783192,10.60700942641804,4394.694501850083,12.143770693269627,33.842058649928134,269.6292867565826
8230.650274619562,243769731000.05893,7.543975185163628,1.803625909385028,969331.1958125589,5.20356185641045,79.60397865978977,18.256788256861718,30.0,338.78505247715333
3678.338619170186,375234266354.28,2.8343129385880546,1.8142175530316207,29960331.668606076,8.575884789979558,2004.7526443162833,50.45214364209235,35.531538672824986,313.2888824784981
17522.558625594644,706349184385.9536,7.193835798167467,3.038328111662642,167593145.10809374,13.464600648052425,3307.9067050751346,63.21266173488405,47.716334642605766,263.0854780379471
7209.2849268258005,557386663624.4747,4.644205641450821,1.8747788484248815,1210319326.1318011,16.20439729757377,5794.106173017732,18.190494617720447,60.534843472347774,177.07487858642958
8949.212176569796,368655775499.95276,6.964030964413715,2.468196596284333,92039993.67122306,14.024611858169932,4165.196886398681,45.19492217937399,39.89966435484917,246.45653578422636
2713.79247918474,167411184426.77222,7.7289220336055635,3.4407787193131174,289848075.775184,17.931157832299004,6821.786109427042,54.97466700202628,52.45933851220172,201.85729828534735
12700.205190077308,505482681765.5659,4.243958438492211,3.017637395736683,26296400.50286473,4.733185517330763,284.45854911162024,38.05616059324856,35.78085172725005,330.15191702949005
4375.112659475384,319366704141.1797,6.027929515966373,2.594387297429467,68170470.11294197,13.244633663946413,2589.8846031439352,58.54550170481152,48.45078191422034,240.8201205150212
11086.215377697483,912927895480.2667,2.9736644221607866,2.5565507052483993,150396534.34618622,17.80213384960688,4784.740843145075,33.983845063639464,46.75734466239653,273.18638417124515
4011.8844415308868,534347105942.41034,6.7051071584105,1.834654883093234,1519344.3685621356,6.204573292229325,5273.460415294414,53.61131039678688,36.14989550537498,308.5259072481517
23869.322303778572,865964128206.4183,6.829516720340198,2.3928471500305477,4681346436.251114,15.99905951869819,4024.2498317599657,63.59972293543182,56.405285357001134,222.48150874477716
4052.072063329994,390181638302.48285,3.4190970762131743,1.7897993078126708,5329597.956244242,18.80730062027791,3196.831887764017,76.9071821977829,37.294109642012856,289.1746183561016
13286.235269340514,827437336350.7968,1.656914956059484,1.667164230462087,105545732.07980636,12.895343770749442,581.7318702080097,54.722661264592745,34.60171493795684,311.9857307016679
5326.005720315194,56537845635.17646,4.30283413656886,1.718274471918469,63792708.79795614,3.327078008810838,5572.977010293023,34.610560221748244,39.877758643994994,260.2747755191269
2370.8641850789263,298119727448.9894,2.6050034725938778,2.7132223133035565,1848108117.807848,5.254160413422071,7230.772724108966,60.48684459795971,69.59790885390959,202.93614641478106
5456.561161631405,78176854868.76634,6.820582021747675,1.8871059655237126,369846.808442542,13.6156059152324,6472.615921148931,66.31356815057367,30.073499861946235,382.7897632716434
1841.9656310656842,31651149064.693195,3.1971323071115156,1.7986910299821677,2637272973.755801,17.330199530146395,5612.82767116007,39.02453995503191,82.20838838868318,130.71554468593376
3915.235886464226,918862326460.8735,7.6340031515524265,3.2342619241939747,484256.2712657434,0.5239459309760854,5076.945524556854,35.37969141481234,30.0,403.48075662329154
12590.361865198816,716869027530.9354,7.81675824699978,1.7440259264689058,528021.8396876836,6.560310824912138,6178.60537276204,20.672759638325743,32.746056936560834,371.2041690771928
16469.48026591057,625110439358.4061,7.407433506457999,2.911270227817598,2047736940.0164645,4.7097202705308,6216.086041346097,57.38297525939758,58.83904987639707,247.2231507476446
2639.8254692586947,532493276919.02356,5.397494105090132,2.334000524294793,1929787.691063059,8.470117298668784,65.45409155415408,41.14084445396831,30.0,334.64533550225815
11304.956285654578,569554466662.8058,3.2382820259084535,2.658159475529919,114533453.28656705,15.38113180810964,2869.2089599556493,19.303607332321334,39.95510239500415,236.76587561652315
14740.552059907122,638690742696.0721,6.747179696414733,1.5467108289940166,20799538.061048385,10.080969786012062,6945.748493510614,49.30200771994839,36.3503864148974,328.18239566957095
6238.529067171006,826579968160.3085,6.060369977852093,1.5000384790331576,4691711109.20988,10.389900021962134,6807.760691400864,79.29151453989417,69.11908382384759,163.08600503789347
9615.921082142622,596888958906.9724,7.851594255826705,3.1344970880378487,813616861.4774941,12.200067510942937,5682.543843400004,13.593076758415616,57.17638460553345,225.2964254917881
2259.9543084734114,748581014530.1193,3.95213804755555,2.4508823170195324,4731173.6557282405,10.337690855344604,2479.4729606108376,46.08628616452296,30.652240188739427,263.32656355864117
5893.211465710825,280978770851.68304,1.8819919945901809,1.6426138728983855,1167357110.2065413,13.780813735585173,6385.320261281656,75.50779220065397,59.89634969527466,176.93056390350085
11935.44668501403,976761761054.7344,7.989511137453151,2.1869122063810966,1345682.0058919238,2.185395203368133,1860.122358525955,77.13891566137791,30.0,364.641100721613
24765.833383670397,31898176539.820488,6.948713656352691,2.5127088725015714,119634588.13790843,0.5048829661549061,1800.551429911673,33.92054448232559,36.28001943351083,371.1859587143086
24908.49404200877,386577208700.7202,2.939682973940569,1.7709869536939995,572689022.6790872,16.54445869098416,4290.5112846538095,22.0124275690926,49.18125984648193,215.22398877316
24500.731187545054,882049669454.1523,6.21658112834775,2.5926758995550756,327938483.1640688,9.6042126830588,4575.014431893997,39.450877862057425,37.59073101566819,248.0395000520187
10865.616464358025,180523782163.22748,1.5044861379210583,2.557501439674528,192048100.18786237,6.004552163019253,2817.112222961769,32.29702911548003,41.47928108410442,248.45921955747943
2476.669271159293,141338951595.56503,5.125758876243273,2.7056703326884515,1412030746.3962803,9.113387925833202,4834.163873064319,43.78100966560943,67.19526939291343,168.83010644101947
8427.549212608672,365431401469.1466,3.8584485665105848,3.120523610510877,60400733.583819084,13.019326868356908,5675.806594000808,51.71720890834155,35.31714861457618,249.80941316851428
6324.002196588944,428195272322.127,3.978664768044575,2.3255576267737235,4382677659.903259,2.477972676651881,1449.9406450736699,63.77681988351447,68.06780011014187,233.0790410710867
846.1010852914374,933394127267.667,3.0893787401184927,3.2771200569201424,529723.0344791523,10.496049448647131,2316.035559525664,54.391017319734594,30.0,302.9027840696065
2833.2234520651973,836119698589.2864,3.2864939016167365,2.449347505819876,6005414.205534108,2.258627534138225,5601.706562510504,72.4438049661085,34.101868319339054,291.7359175475595
11603.202408702118,464090173600.87646,4.455346315064983,2.4142979284286255,822167033.614868,17.198408738812667,7418.7368774129245,61.49971754259656,47.47480601035046,220.2475567001712
8821.730363205275,972975127906.5021,3.112942730605541,2.8113713968079588,3469593.049869152,11.269558992142667,7076.692218753844,46.30532037128132,30.0,314.7704616272592
4918.666180044835,642278761880.6602,4.531859654651346,2.7350424306495675,16396287.937056387,16.226649409728882,1045.8808036348496,18.350946903103782,38.92794847800588,252.6003500139709
18044.449281139303,873658858323.1593,5.252760183707961,1.5228698775178522,731809071.4009615,14.434058172691156,4562.105581165539,66.26269291721195,49.78364404014292,216.3284622057192
9249.332099467154,246057734429.84497,6.122224248541316,3.4648611804483895,49300266.16035322,16.314349509979053,6403.402527748806,59.99161775076497,39.69753382103864,283.5087382433822
21370.762465790336,488964585335.9085,5.901446729438317,3.3853871722889357,867137.4261535734,6.869057692714371,1906.2391554541193,33.53184433154506,30.0,293.66138922181113
6403.940426446375,29718183639.219936,3.0729302751794014,2.062571884993112,748501.4910012005,2.832278522719028,5149.093574732123,26.237008804612394,31.54388244192417,329.87774813012965
13690.640507122305,8881184386.255577,1.754732337782735,2.617166680331504,3207461.6251823283,17.83751616680813,3426.8273699430815,56.065568258761296,30.0,283.6800782677873
5011.410820154971,705453515486.2435,6.9124321296053495,3.0409703471792993,3273880.724089055,17.69855934376609,5305.22357142061,15.895799019564691,37.87712083889803,281.8843631370037
12634.86510145313,118294504171.97824,7.170033479269856,3.3409356481959165,482361.60372590943,17.67129339309166,266.5291536509903,65.10756646803465,30.0,342.70812712397407
4235.429469970462,547808689302.5805,7.862781878266265,2.671813280248999,1490401610.083164,19.78597144454763,2510.4943705129317,25.88192872012882,61.27996276080841,175.79099043237125
4458.676297102287,696007786202.5377,7.73812512203522,1.5378802658763648,2589006.491400828,11.943541615661129,2465.547501520312,51.5432652373873,30.508081772859796,326.8639091643347
15499.472737529384,32235553995.053032,5.619791173504396,2.8613558950744906,1026201187.7210133,10.274305827574006,3355.1987716762405,31.249338561135396,52.571642110825124,204.8581817974129
6962.758033306285,448741950404.28284,7.312766075620259,1.6861561377980778,7366325587.147589,15.956752913334524,925.1585712008698,43.406807662282404,79.08035754971374,193.4075496970066
4722.9970508240585,684152252833.9028,4.412054725589027,2.8423555470751998,4568851.378864153,2.2471836265319642,3498.5854078813954,66.04406237715355,31.616839431664868,287.20506693522697
23279.322128309293,889731098123.8622,6.6176816582127795,2.6748552040612674,7098310112.763847,15.67178895688867,4336.571007655625,30.09195983694377,58.35992759455497,215.96394864283735
1553.5796431312513,299230801371.55585,7.7096745246686655,2.7813392558296197,903657.7866371842,16.253905225815775,223.00453094459712,12.316348320345984,31.608151587007615,261.6266983452808
14346.128761049236,974216555467.8005,6.675810621849816,1.8785153979708016,172689741.12073067,11.564980517474547,2414.311511859805,15.417479141604282,42.81647767064661,253.87747197794633
13932.464124914999,844541655118.1978,4.2024748786867026,2.4872197256239126,9034429760.731125,7.789000179436145,1426.5566562538677,15.213252464334968,66.46513697553041,209.6823447354624
6639.917422874965,650635421446.7822,3.9554351059339723,2.7359135889334576,1101183188.964145,13.141729947717767,7777.579711429867,42.13138822505897,58.29825192385579,210.2675735518885
11592.907755264036,391926115320.6239,3.395027902217596,2.1005858228283256,1407679.9788231207,18.30460280772926,1050.4275548980688,15.829664924319221,30.7738574479302,283.15393124345997
2649.575685524569,711110665089.1223,3.8859129080398787,1.8632465228469954,1934921.0993463064,3.201388754817848,5023.049378147779,38.88684552881895,31.639295741857474,363.3304706213164
18171.1185751352,816193452877.0844,6.83374830164932,1.9453614777725983,2051885.0789617056,6.256500683421911,3220.805700246253,58.84987122242674,30.0,300.2975927873662
5931.580135232169,303300571586.68243,6.0597520879207485,3.2160333382195585,5187560657.485667,13.444837998724314,2305.7768442103975,71.59080586013144,67.9033499747393,168.00433080850078
5237.94131575062,992830072076.9644,3.124214667021209,2.4290870405900016,1686777.6896591142,16.67268105775524,6834.06437652202,25.50022403667699,34.66926706546349,278.73823402175753
8214.522717798824,908619461135.2692,6.124978335787876,2.822146753953107,35324544.50393434,13.058777922940715,5316.0565653476915,71.36675326601359,40.54934089808239,279.51307881622205
22608.06304644698,485501954841.4823,3.9660705292599485,2.52977772829799,5616250.565331843,11.837308000369648,4966.212767211077,78.46588438532888,31.793535158898397,301.2974369677982
20013.432882946796,722830192945.4795,5.125521295738195,3.168254503748164,6402461.878470653,1.7605369278504521,758.3240883260694,53.799544371225295,30.0,426.31374634815063
23698.861132777063,524009370609.88727,3.90740027300075,2.5169897342945724,10992320.284264103,8.702645760811214,2079.1647109961364,61.605440060927,38.93228752489674,344.15164337814514
16473.07747781059,760930791266.474,4.89059079375796,1.6866506258432614,5311592.1579384105,17.80898524061562,2219.172995598866,43.81262289176758,33.49206130347179,263.919594911445
16741.577020286146,826982376895.7775,6.243725318101541,1.8959693870663061,99916633.8747787,7.264731025191661,3480.694214405076,15.239358350535454,43.78520024718639,273.5655617835197
12260.759485942315,23223531934.487366,6.252349229033244,1.5265308303440424,13407813.654509485,7.6510616309222,7372.530231264296,77.1958395521009,37.604303595604215,268.71904651248565
22677.0649224909,79132950568.61955,6.395686765457117,3.163048566119455,16034588.907156032,7.183271826717671,3235.185051035116,76.16866248548892,35.10285874229019,277.4376751243427
13016.49015712306,336468079409.31116,4.041752170686275,2.8265456666153685,33882066.78018444,7.286833304166731,2630.8878832173177,32.59425142534196,30.0,266.08179118637
9198.971734478104,917613715018.7169,5.988220378936801,3.0184038362433308,6037993.19490089,8.124937651330088,576.7855069576519,23.701873416866473,34.29916843503721,298.5890478647678
16189.187742982796,398274184869.8065,3.051625604406037,2.9300404693925017,592649486.4830183,15.478616233075885,3085.8134889068874,14.583927353531408,42.528752567951635,208.41935650954247
13880.417588323604,887512327689.7091,4.603284732729126,3.1489593774733944,32916357.702925567,9.128501998078088,428.3369654144287,44.84731692681402,30.697481561645258,311.48277695648824
3538.485475092439,462434450197.8403,5.290194959221298,3.473939006234506,35160549.98863674,12.161358510716278,2927.983633610997,74.73382542030322,33.25883672007292,274.75177055126375
10121.772640854524,288853631458.6531,5.962134217268166,2.8069426598211455,1120019.84087275,8.876285116515316,7742.597301044443,12.86589594606403,30.0,312.05910719237437
8176.472571814759,900645282417.3121,7.427973946402628,2.0045312059208773,142621.10158787874,17.48299038953449,4452.925418916417,52.8083485153135,30.0,331.60928506511965
21247.42748777273,560671208247.9086,3.480996137508641,1.7027800844196883,1112693575.2723749,3.616046895533476,1678.87546010636,68.4893401886603,52.11412386371012,260.9685116202128
9781.642645841164,360484934545.7463,6.994358445192238,2.679495856789305,1894127615.90868,2.501902213134956,2400.7663653821974,36.57917515298318,68.65838357390751,263.21928748695933
20628.10319965287,44407959220.81317,3.5223076380606493,3.041514122561625,1607807.25222677,8.184135138172609,4573.088851743159,52.83837431702657,34.85647195891359,297.53628466939983
11338.545050573166,110934021515.09145,5.087411223729625,2.6231434284025594,6311920.315322534,19.487039177513488,164.09070493792882,41.06692636297935,30.0,297.40340558157556
18960.763804417445,139311188331.20285,6.882649008261195,2.107109536109899,6167222.035686181,14.010937557036913,7197.573645585416,14.577970743780753,36.16664880212994,249.41392393220494
3814.407248524153,364836925574.31586,6.200472434252988,2.939469695811472,263670580.99847737,12.344583583632465,4629.323506747582,45.312267733696785,57.27156788704184,242.14444993125403
23153.93038163233,607333348411.3882,7.1086528477026425,2.395944992139329,863335.5069135451,7.837174579685803,3943.3488327062487,16.2340507334904,30.0,322.02423890918885
12273.717324573498,307590806831.8154,6.7967277513564275,2.0731782025846486,7826487785.326194,5.938281771960239,5732.708401627363,57.947862845511324,68.42392964931652,193.2179772456418
6865.057017844506,65528568237.166435,3.296257202574491,3.182168976048822,203848.43243606313,19.133732345575787,1610.0862511161172,31.706827989554135,30.0,286.612756618945
6416.495355937768,264809472508.59647,7.954088366126772,2.653037562236414,7393285374.68124,8.567045808865675,182.93094584716528,66.17520848551158,68.99462928876848,259.40020922612376
6994.393570086812,408682242217.9593,7.590489809345972,2.0668959957725797,220754.94444126377,14.236144595026088,4925.622311796613,51.09252513529519,30.0,285.97057476081113
9484.742236490209,992269936402.4004,4.296135038048884,2.1572086686378373,3868745.2274029003,16.21824097621731,1288.4192590899117,75.45215173773285,32.18409554086532,289.5697960742601
18079.22855055261,392987511764.03394,1.8068615919776956,2.6433302307695223,1792529.254398886,13.16758228354506,107.79726995339654,61.641965427993796,30.0,316.0186782937038
23765.274551069444,89196329552.02522,3.4727283757293455,2.3458471879839045,1986878.9200486657,4.69048554511285,7432.044641427601,60.73974654565916,32.12903303185741,311.0530773272604
16891.417038028987,581115233359.1189,6.934991448876774,1.8210382362688022,9404753846.967535,5.7952747450603015,6309.4661551804,31.322896075932217,67.031765870503,180.62023908683116
13905.573638130469,919640152986.217,7.680657726742419,2.72093986478416,19577568.808731835,0.5085086314179165,922.4667113646382,40.93417510201711,32.18982430816045,411.13939214836216
11490.6462964198,786695912166.0511,6.905867702689237,2.8782201321044907,395870.2125842054,19.3891022827011,7171.84342333839,62.18980718186112,30.0,319.0788123018981
20790.7644424216,836218472968.9274,4.0788310379298744,1.500217592566869,8154546711.512106,16.701327347489777,549.9156026761381,60.540585278846265,61.172225473780735,176.69482839231208
21316.601459928712,928231867870.5343,1.867487247961153,2.5737386321867652,1634285.2708106663,8.110030208215887,6425.888278472049,58.460295625930215,30.0,313.94967111824525
7679.423023604056,636543866842.0347,4.864288486062014,2.6543229597651337,230534.11872862003,17.853795330931543,3321.6278741394785,10.556575172800647,30.0,261.84726591967154
23858.796092009037,994922735730.7681,3.946486307610523,2.1641281084579362,132100.10042952388,3.1159234213689837,4150.26660651799,11.212504036138357,30.0,321.2215173702881
10180.32639855636,33282536598.08093,2.299320516657551,2.1774625180762675,20708746.36966102,0.8886531150209864,5349.9457108179195,14.722679600966302,35.86192875890856,367.7661282735153
20101.91269519243,834839841303.8861,2.1880467515291855,2.135317764658642,3905366899.326238,2.7491011255094615,799.1048954049418,12.21084353783226,70.24877503672298,221.33677558210596
24187.087013014716,857010812511.5922,2.494739743764623,2.3906561366559718,121563.26928302352,17.674215938886107,7262.974175844076,64.09943410610947,30.0,291.93614591989865
17739.623470962473,916700474061.5742,2.837853877000158,3.1238797577185995,422553939.62346476,3.2517906686894955,1157.6905891819779,48.28262414114498,36.9037521044731,331.5103850861724
4457.992798054246,478169979466.3914,6.399611660875568,2.4380521341858574,2004975.9093541498,1.4091191910863008,7533.257906444621,45.34268870282884,30.0,416.1507153805381
14860.355401761306,787756135864.6764,3.981072558254601,3.4872974133621213,1245381.2635749793,3.751660220453323,740.9479252053914,15.99195899744495,30.0,342.73893304688704
3410.0395158416713,195081204040.78067,4.3400978462686615,2.2523173495336657,330330691.7717062,8.330497358516688,1384.34687124757,64.22362957669138,56.60602852700907,212.41772414044365
19833.979976788694,603130622047.9891,5.389478677390267,2.8985245123346104,548739625.5425798,9.953802196774125,469.87005712158094,16.499104159373438,39.02182833931403,244.3694125142064
7392.221759910132,358645793718.309,7.740867603308105,2.5979313427815267,62384439.28744056,4.756546787314303,3188.3016367859022,25.526960188205987,44.3150565432785,269.6925576115876
17532.763164970456,596174054488.3248,6.4170488178522005,3.0245772422451074,1026306.7257556694,16.124048978087437,4731.020372872895,67.32364475002379,30.0,309.27980980880955
22797.197016189875,675560831597.7931,5.697131990227807,3.2767291380195265,107532.73863009973,19.198896346079106,5004.346711158598,58.48040091690433,30.0,342.1500259177911
4934.741341419223,347069319677.51215,6.334908868450817,2.523366586240635,485723331.25399554,5.852181358164487,6629.866458300274,16.482927605446864,64.36131996662975,210.8858862773552
10125.017045728586,216239083064.57266,6.175401387270819,2.4889584183572926,99557153.7360018,18.62519773024244,4231.754872157329,15.172581146147518,42.54294016335127,232.15703853728837
16354.410307802373,321688587171.4259,5.986620196462799,3.38543805978704,12963765.624140324,16.36749359556513,4085.791874787137,38.454790526136264,31.103287442894146,259.7851601032262
10781.635523832778,663957581150.1975,4.726646276749069,3.3673191452600273,1169256.4087213322,17.726104497873834,2615.9058957686757,52.237562629012274,30.1125239323842,316.91400549722215
4783.064069805523,676874556798.5769,5.184506020909861,3.4939934591864548,645166742.8112799,1.2409904147934985,5212.33303994962,27.27325427514998,63.043719870590515,268.36999707154763
1212.2545471355265,741317194707.1628,4.499694531918154,1.8129518305755898,226191.53536415673,16.689136496924462,7269.14608371194,50.962168157437375,30.0,260.5633406814718
10461.654520698092,126537482036.09741,4.067230230805487,1.507137447270555,163497842.47296426,11.7392055505009,2848.849374365838,35.158212665940425,47.29876973563164,211.39594670272385
16405.62115125705,818517571737.0713,3.2599924664156443,2.3746206041462083,276689122.5778444,0.8132587196946565,2857.274126142983,51.20418304508897,41.72789033039247,352.00363304639217
14562.61309973597,688148113393.1539,3.8088858082055363,2.9666803267200956,1307032.688844535,15.085325383701297,2753.1632438725105,60.78582916541001,30.0,335.9074214322969
4327.910374135739,30506046185.562485,4.285442512512754,1.6457120202575997,26099042.003887802,4.8722160165707615,1827.0319866569516,69.02134862267147,37.26199748227585,334.06788565598487
11541.989374750972,335598513837.20135,5.265966132399159,2.247203264346772,39902200.542932056,15.951660487110798,4538.017506142987,23.7092717561602,39.132610266764495,266.19471208647775
9552.040631440694,466711789195.2212,4.74918813181959,2.6629189535752045,90450218.00712341,12.538483329695206,853.5451798975984,15.958432592929235,42.82477659828567,250.3681447902966
7217.9588561882965,360618129769.3244,2.2016682028021846,1.9250948501023315,3205825200.92069,9.872018829685784,6680.028997319,18.286611828311134,74.55291219670406,197.4335043846678
18367.145474579534,117417770791.5249,3.7098287604721927,2.962283995556472,53960442.205036655,0.5165007334331005,1110.6446457501872,21.57659252315988,31.142585826724478,354.225151792228
8086.474735666016,207347077158.72253,3.945257545910595,1.9590753099515026,217066.24587779155,17.799010899426392,1399.6998101509955,32.704820274666076,30.0,293.99076335611886
13733.477832159215,24562370348.73763,6.0950187732351,3.181344030427637,5307127.554594452,2.993909322024667,557.9081677941043,12.004488531044888,30.0,285.3937987410135
23118.976614105606,93078068275.40147,3.6637985483104543,2.196546675355914,138558838.54806677,16.602412250510543,3056.9638993343083,68.27770631484589,34.69920705641438,259.2505686136751
13712.26156521277,266300851424.42703,1.5517128013001462,2.6972968947942206,4631308.244384574,13.778842257343179,6063.585961879606,69.43385866639133,30.0,278.5451019405492
15617.061298933739,819970445665.465,2.048188051645271,2.588308014200012,691355051.7324429,1.4379759276744726,7281.652124056741,59.920864198829406,44.95222190604986,352.603029133358
2294.526661105009,526637983299.6903,4.7304897168064945,2.092893432955208,890280.847330574,10.867191236474776,3479.903440751225,34.953759584981526,30.0,333.59271145184965
4864.2865216725395,424498466193.21533,2.725220777770409,2.3781432476187123,518830.5877811878,19.236987632018945,1888.7408969135724,59.472418005239504,30.0,308.46246137879245
2973.30438280378,662163281795.6051,4.715045673315013,3.191946183784386,1429431.5010792105,18.460036434389878,5807.980601175533,50.222463164680235,30.0,297.2690274039321
19237.917234718083,541511018814.4449,5.232334918559796,2.596688571251794,2401181709.170376,2.96865245654547,5508.2693331418795,56.364186583144416,62.073087794496765,250.75341647678636
20980.066482462636,131514795241.69948,7.567346366700805,1.6111739216546757,253906316.61648145,3.505009326549904,5456.341542506136,16.151860543749898,42.84160581357843,223.9375473008658
5068.154683267153,222624141200.82574,5.761269508267329,2.926064581842648,39833022.132485904,3.1150004701314122,3552.952632145594,71.23017472707869,39.30869362630954,306.4977259337992
5872.157897615731,222523138468.24664,1.7017646971173126,1.8649049955923873,3174581.110231664,15.135680754128188,4526.733109455804,34.40760298001513,32.553409751368484,294.42450997059944
8418.57859257318,599952912659.8296,3.9747483688514893,2.4721255270136955,3917005665.609669,3.2570410887110146,505.1154735868523,28.845770297051576,56.34826711993372,228.71826108197055
14981.401615368968,461624904564.9802,6.657470310080001,2.4370777614142254,2778958214.5449433,1.3384003618435685,2007.6012538150997,37.357000550553934,63.130977683131626,260.5533280958683
15734.006748100477,387585674975.79114,3.1936559639345328,2.4729738571005573,9931212.469524365,7.837125887521224,7416.291448531477,27.310865284715636,35.91970408523098,302.66668596641415
17325.47198426571,556639616242.6151,7.512324964751566,1.5620280126519879,580255396.7337399,19.339443992014182,343.8199266538832,79.5918515842586,46.38326637629397,240.91930711749427
22677.222527229835,970115815666.7714,4.938569605663645,2.0447770384028496,3696745722.005551,6.199784453530864,2419.783909644218,55.235027744371614,45.725894746955355,217.98850103156508
7728.483442165185,314194141862.4207,2.1009099968443374,1.6014709454377891,3687797.3920499184,14.498509054133162,1820.8880512497701,72.74879524303279,32.208132620948014,323.9913370866882
16639.595235566005,520195913438.0836,3.070858511171822,2.329913405241783,4401408.908535272,2.9220235127455245,1050.6090303636386,76.57183883043564,30.0,357.3522830544426
14213.209721553458,480370535274.1,7.390944794076306,2.742673454572431,53583547.63243189,12.441860133093769,7395.570778543039,50.68684189164555,41.15715756461809,295.5795735751845
7993.012390107894,716643315102.813,7.944488382636264,2.8081482514185687,11011156.7314437,11.644260551620023,1015.9094936478823,66.03629359175741,30.0,260.31075134321776
22731.672071545,730290537692.6481,7.109603301687797,1.629096007319051,641797289.3580233,18.088254793773434,3920.076964590774,73.37025754258605,46.70491041917275,235.20523271527054
2839.3435930008286,729070992342.3191,3.584398450237488,1.737778209929878,48378381.41603963,14.345316075780252,6717.6807996371235,20.500619030983017,41.96814698745998,227.01591855840906
17944.025157385262,201520378419.16486,6.497323581315641,2.8230135573257407,1146244.5746518215,2.459656523030562,40.93736497099306,28.841096520402555,30.0,402.68894413121524
18332.905969053747,449093687268.0514,2.944479683375662,2.5623752991067947,6052521.431286222,8.125758579718282,877.1361509401073,38.11301416185064,30.0,305.24821823686096
22925.49992840406,811174879854.4465,3.9993948684128298,3.1668240164571477,227088562.99142906,0.06109949706828874,2741.7346710055663,53.59896246332687,45.252386904841224,500.974497693124
13205.224512608162,381530789010.4732,6.031592835904533,1.9102843344286837,184999.7830492675,4.8578875569616615,1188.6448792417211,63.78079772516501,30.0,386.25043314365377
8379.747286371525,984255133034.8115,7.797858704699651,1.7406845751527664,5138494.259900363,19.427955603521575,1469.4501992998623,34.15029780443938,34.873626888336545,244.11896129080162
20779.646411570502,364787377005.4574,4.354788799079146,2.224048292274694,120359.55073067766,9.142042060878707,4733.334948349574,68.98821949436447,30.0,344.136466013886
19384.85190489362,497667329675.14087,4.722936736716688,2.7741342699865434,1271553921.5489936,17.3581738829782,1373.3433595745166,55.8052769504267,43.827927496034896,238.45753194190644
12757.732553277025,474526120276.952,2.931095438181854,2.471934482710707,385433.6775178654,0.5233941427247442,5114.389379286306,36.04154621608074,30.0,461.0692052629276
19312.50570302837,433664368805.44006,4.120947827870873,1.697186532195798,243233.62049242723,17.607153909192537,7324.992932886538,57.64996686751229,30.0,312.0166515707713
7062.952250892889,845631522688.2533,1.9096209500216885,1.6425841778528485,856968943.3567405,17.793451415485134,1843.135280850573,69.64241691929479,48.7744431327609,201.1975990472499
14942.905094884964,155276082272.776,7.080808321574452,2.855387254317713,280242.7029049586,13.085980545744086,1706.15718866479,33.51659807171312,30.0,280.22830410818665
21696.99464230295,567665138749.2766,1.6516748298923025,2.0939364228334467,263823035.96113262,2.3692055571050314,101.03479294232557,37.088738233059274,34.440974309178394,354.29945822259754
8290.620363104557,618601958753.8463,5.9429097998567855,2.838964942034391,7930816.086042665,17.526520773993074,127.18448249277884,58.42837430438645,30.0,319.66373684624415
12346.97456955321,851221456848.0627,3.2759410594520855,2.089829766153312,1283799773.1119974,18.0022847606961,3179.0462220524487,40.08755235045871,64.68635324018246,223.7989207518001
23800.59892723579,609200550725.9485,4.594711308215551,2.129588423687085,820835.7676720854,4.0608815846481905,3917.446218906791,22.436756439525553,30.886929854312303,306.5544839076184
20056.19012830755,960020387767.4329,3.330129860648424,1.9196294628266974,264292.8217667605,18.806265176185974,1470.6582009226054,69.79161805481485,30.0,331.34406578929236
22232.45599809854,872167840093.2167,4.1004593421748785,3.4674339230461286,1386874.8136476916,17.626778169359604,2590.6738719820555,24.108110991546035,30.0,266.65324716648723
9938.552991815935,348740599612.78314,5.054056261723798,1.5321405801871215,4577993524.66159,4.137285053068287,1131.0765106258189,27.243995234003858,73.91296811445305,206.34164751086806
24914.37886104669,859906585384.3892,5.665807174309266,1.7545048677232697,1398314515.049501,7.9067234040375505,5453.164711835818,70.74708106427903,58.24969809978533,322.44227244944113
4237.857314753418,958477855615.6416,7.611859930144257,3.172580361883472,2684952.068780785,6.766741964933474,3149.5846285234984,54.936915908837754,31.86551448674114,348.9148777219629
13209.87928879957,257197923727.4054,3.659305861541711,1.7763234681210422,1072928.3133006443,9.989616522868493,5877.3295485264325,40.212567589962255,30.0,288.99473575287016
12242.19786625811,610209196455.6018,5.301573834329387,2.0613937838821466,608428.3463358331,17.785555626689113,4407.00134527273,36.72665497139894,30.0,287.0236977533115
20061.588674603296,281804630538.2232,7.361193956853587,2.025569936555318,1276488.8632456195,17.493229759836805,3024.620137215427,22.826546353883376,30.22938930410628,270.48074491747917
22761.135426617795,649567629514.9385,3.3865067516772265,2.8939711645157633,1059789.7556045686,3.554670889469171,5014.669791405974,14.754134061658913,30.0,330.72096700964005
18412.914734247464,93643710904.21735,7.122824877315626,2.322402356079648,2760192315.6248264,11.045100004096374,67.2811318564168,73.65953662052205,48.393798051279774,215.9242243212478
15856.997785192418,734188287681.0356,7.72410812653402,3.1811756452619786,125872.11853970616,10.70398191832876,5526.0119703158525,13.131132271271607,30.0,312.53814911236674
10972.015175788341,419820408775.5142,7.008709086574939,2.994854391478148,2515431806.38042,9.035445789911497,2974.6772453386434,14.31753191714225,67.41917463104816,165.7487456965894
13002.984968355488,587307591369.258,5.2040932587203805,2.5622026624156327,161110.38730533505,14.308460457929272,4113.474808103095,62.64711219776303,30.0,288.9742352457712
12977.857674008135,25863376661.095615,6.193751009956417,1.9981235512381486,1361990732.7648551,12.937095893615435,4192.044146621034,72.56207340435839,61.565833473336625,259.17493822149515
999.0276052672527,695441759768.873,4.626928145581784,3.084837619072063,13450430.420702051,5.538395100409865,4471.714794887445,59.67988363723556,36.46942019923334,262.94056347622035
12824.622218278104,495991858143.8893,5.382162728923278,3.2319811081890135,243235.9553243064,6.996019825405329,5622.068241927746,26.945354101539326,30.0,364.3904860227105
21471.28460426606,625251382436.8344,7.83408143535877,3.17256502221721,988612360.2099297,17.77294718032035,894.0625696384601,28.9455114212134,42.85765706481829,216.37955974555794
17877.213272985082,315668656708.20166,3.1322836150110422,1.603427535223004,1915131.2504152914,6.5491493486321595,3916.9323031439385,77.29645267440944,30.0,288.0450530137209
19994.86124206262,145821027601.24097,6.651556296514187,2.895917365710879,2455501835.496815,8.909502069285288,674.3925336238055,59.00577548078324,47.41137793964668,223.35931273888644
10066.882249328764,435429506567.2,4.790515473406222,2.907877272564154,577149429.9440311,19.459288406742903,1880.8846604918288,67.94631810691075,47.70398377450912,286.9629980106606
13459.844304367472,943979177307.2421,2.649676147307172,3.3861510797923424,8106854245.551556,17.152753006451494,1522.223458042387,41.24573764842534,62.25498774582488,167.19222210051336
1320.3474404289618,227794798859.7787,5.6829799745788865,2.026956733458067,1443326060.1646833,13.9943106324285,4793.68764597779,64.35662578520234,86.04674654954842,188.78972005950288
9883.449583148918,675839336196.2396,6.650774892477998,3.0726936590198513,1602533.13204999,6.115253288229361,4852.718918542199,78.65400523712292,30.0,353.34985818826283
12123.193099869777,49844494190.99735,5.196912825601901,2.8781930003246265,11119262.980419353,12.59356232049562,6648.886417218633,34.970408147455906,37.733435643392184,273.3221235389854
6752.618040177501,718100067167.1432,6.943313206445785,3.2574539423777322,304194605.0626519,12.858303547768523,4179.479021305718,32.43660406890285,45.22215784643898,212.17588704472587
1265.4039852709204,238437948364.30627,3.8781459915654177,2.8866160606282465,3804738.222607512,8.260664726207452,5959.981340914589,13.00633789108053,34.00370865224615,241.68541568296223
17414.998665084328,451517608712.2722,7.439493943418376,3.204909073466891,54015461.78028114,0.7705639475510749,7113.7330638822095,61.59157716736114,37.979990204002625,400.8410903502038
11159.64989579666,367753732841.67346,5.714080649911127,2.2191506940739893,1542537.0145300562,7.362243095509635,1076.9559306655042,26.84689427545389,32.98772002520275,349.3242723940343
10684.115731249738,112841230477.01216,6.72053561205516,1.8152488414642047,206421203.32814118,10.187262778419111,5770.545026322789,27.77378601151749,46.72186631656772,241.58011658746628
6624.675473698468,345582606929.8232,3.2744033115790017,2.2267040692918485,5136530.915426331,19.00533639941402,2630.2094172704674,54.240503981652566,30.0,300.1029496338055
13676.844775451418,350125608168.2273,4.399834027368959,3.130103377690489,188751.40440658532,14.56354510007611,2231.7293669777637,61.7179898960541,30.0,319.90082486919437
11231.65614113292,522106116924.11255,7.412513176310944,1.7632999553572455,6900337163.946999,2.2031367145506366,7704.231278645174,38.52333339935798,77.22740672352562,258.7186912213723
12112.619589212729,972351560588.4543,1.83082107826223,2.7758903585901558,1657745449.3412974,6.063374957953904,1659.5895383070406,76.11792089130803,60.00953034776325,255.0052376221541
14731.348036691359,470018052493.10785,4.125881138160674,3.4751121103692615,3300531.356106536,10.457593449107346,7317.278798116506,21.31982127601768,33.386111056795016,330.48439923371274
654.9538573735163,914426241206.4783,6.572071277349933,3.2900297515910886,444758.23793227255,9.049749746861552,6591.494631163585,46.91449936187306,30.0,289.92599172252824
22738.549636691354,461558197004.8968,6.334795486157013,2.8423666566579007,474384910.534882,0.1521977416043323,7030.273306445811,53.21307402866394,44.46289536211009,423.51054326484126
2241.6412251544907,107544193331.63858,7.035548400000881,3.085260653656324,1268714.516030932,18.70524504206183,4692.007954786557,53.21669206112824,36.040974970821146,311.01504793710484
11547.656309241866,230153665123.04492,6.306037175411832,1.7329529081312434,106480570.33642441,18.0855937759599,4681.799385625352,55.979600155380524,42.058278101073164,259.07767471355913
5580.635443364845,407518268539.9242,7.656098969598541,2.49766752502714,785951309.2038723,18.478704180261957,3226.630846849423,54.37182944038299,57.950878382730984,210.30250058976972
13332.668049561946,325369447601.41174,4.738687109775298,2.563824846545983,2302074.1963059055,8.59966925195085,3213.3459203284265,65.41918067810857,30.0,300.2796563843549
7365.637665529877,865829421703.2041,5.557883939546391,3.0653915192518464,2649617.451892249,16.675841363222403,6806.830917560211,66.98574632560155,32.599568041127,285.9476945252298
21570.159202533796,678645923550.9491,7.010087430641473,2.065186691423132,203265.33651244047,14.185318553807287,3108.163736491866,78.42155681172444,30.0,315.6493185867612
10210.815932079297,578308873610.2216,6.060991174066257,1.712970572883454,3974118.270620217,10.259311606824426,3898.708055041854,75.7788869474141,35.01410507001583,313.2487145105891
16149.511116326716,491230060007.1393,2.1633686726788497,2.896227685174334,97108074.38626005,1.5887869662515215,7971.178910537327,46.39492598606013,43.06217233554937,330.57922766231195
6597.553339623034,397271221018.44855,3.8854769418661457,2.485188259142661,601151.7702869538,3.3986473065275153,2840.967722132139,59.41632981644409,30.0,355.8286085881226
975.4506871034289,612192827639.5715,5.0918401891571685,3.184588119437433,5826583457.527419,4.802750485832727,6582.507551050597,38.17000637242947,97.39014326922943,161.69624299100371
10401.786122525264,124608040837.21555,6.405664035100197,2.46297938707737,409334798.6640316,17.92341815490325,2224.8098378179307,55.54534021441734,42.689076411942736,212.82449475049387
13643.918994178108,162534025683.71744,5.033189197320726,3.192541558376658,1045934.374699401,13.324096370531251,210.33830125669007,10.521109888576012,30.0,244.77976826540552
11758.905205912883,303117050280.34656,6.554070068994648,2.515670003636838,44986619.78601822,19.661468297466147,4751.488626785156,35.731488373243266,37.27112560701868,240.09706168479673
24069.35191356207,171185445276.45795,6.944461597008901,3.065397019645829,9061590.254131079,11.350318022168763,3839.9743628747283,74.0174618408191,30.444793233869596,362.336150014587
17817.559759227694,677099041926.0977,3.223333756918677,2.941490357839533,8161421.080733156,1.7398589437698042,6295.51423095921,57.2502430409298,31.273898529989637,384.65885385030174
24893.91011532218,24769296637.92389,5.504638125553737,2.0321650807602616,63087163.0877748,9.581375274542658,43.17903464704875,11.209584142386657,37.42537204189698,256.46046253298465
7728.9722126923125,160178331489.25842,5.121217453625089,2.1187966501740814,347338.79632610583,2.280099839025899,573.7774993881703,46.58807334029591,30.0,411.14408146112754
19831.80535037509,902608206890.6938,2.977562142256641,3.298391045038459,1192801.3699998795,18.032197331463223,6878.834529736417,35.61218523562022,30.0,282.62618200528
14111.18245489204,997543150678.9387,4.684207580039404,1.9620142552600086,560275.3600133874,5.604764784376801,3851.8395909399433,66.61428074688938,30.0,370.027368481206
15488.128683988236,487590990237.61523,5.065693849696663,2.895001112521883,741132.693694437,3.98553429786705,4055.9237430893904,18.039110727170808,33.710449731723635,353.3286201439349
24653.40341083703,495370577651.68524,6.81270918883812,1.7902402639946093,188837064.32073602,10.257050519710583,1808.604502120934,52.284411926072934,44.090652423973864,282.6878910008295
16522.686393902368,773398988838.6759,4.496430935174821,3.0103167424984836,9568072089.343472,16.151382158910483,7408.109640419407,59.844913053644255,61.72260431609521,192.31137081118933
22521.013862254487,36190541430.997444,2.0259538860936717,1.9465796991586528,180106993.4125427,10.231443221114077,7316.2205314133425,51.68184164086428,47.1796128087565,299.61315492883426
18280.880750621553,427022054879.4962,4.6674237285093465,2.688130745502632,8387211800.086867,0.8124210638608403,4138.383582891475,29.210454858968472,66.59162335541583,268.4415081657178
3620.9599822563764,99828781987.07802,6.946681138446812,2.6284869754740754,76742647.56277952,14.871962735223518,1750.4101371139816,65.52332587864974,54.92904233807899,249.38337565078993
17635.880902896657,400926981730.1033,5.213160440129046,1.9070285060670324,2609414.659861614,0.7297231523311766,7862.503623012883,65.55160610070787,32.053092042222524,425.67298916458117
12365.731922794308,983821857307.0337,3.5726239800644164,2.4828066422513797,2298921554.397405,12.107348844442852,7140.726720306951,35.26507469441549,63.55101249400907,193.07479116466402
23010.55082806739,753633527170.0803,7.48631116189768,3.2584960508858414,216748.18820589548,12.357822745001863,4176.07396125862,28.666998647847933,30.0,282.1083017577039
20267.443956166153,985045890639.3423,2.5117340000694015,2.8610586963040525,325191.87946874485,4.209961902399183,5014.924341539668,56.472655191786124,30.0,391.48593003800465
3051.2998463770177,746048879621.9761,3.6247047412064646,3.485308798198332,5471697055.971968,8.959177952312048,3522.9457576183877,35.74736056100781,75.91885226271627,186.31664559043938
3780.933269512182,608110463696.5166,4.34137548909227,3.0691085219923933,178207507.82320818,0.17352817690942035,1656.4016241479649,34.17445171576183,54.42023287921715,377.9819782582255
2205.4695440658365,754221078706.4105,6.296856271518196,2.7869108686060096,4413774278.881704,5.70940311446323,5454.79222873412,41.53909446854424,81.04798808583182,180.0444525261168
12584.499431243126,659092013879.3118,6.9323541488174465,2.626404128310836,461777.32174650114,12.406057072641202,5356.3817717421625,42.06633953590913,30.0,289.64766065294657
2478.908100580149,464066565835.8785,1.8806430955937965,3.3748572920574564,693912590.9691035,5.719178999070696,4383.135487972775,68.07356533075173,59.35845284415731,207.57616465805285
18230.119246080005,292547041458.87604,6.648232833013364,2.554026874705058,1492974.0286687445,1.0002380054995503,6517.423291186957,76.69733343343171,32.180774444217896,380.61804639351294
14032.7852455356,520178539156.2956,6.183434699129311,2.305345541271639,5209198.675978735,13.501568798252825,3620.1744083511526,59.94240307641917,31.143504121411787,292.864816060766
20979.18293005199,258494215407.9566,7.3152399812768065,3.168987158738207,3125769017.664149,14.860784012837446,6888.724630867602,16.176409135958416,72.05893237712445,211.58053763309516
7354.996822447249,486676859765.7989,7.352879440366024,3.380488837840703,11383524.494671384,17.26657621017116,1743.9766368889,33.64494970282135,38.7293240955236,254.53846060195278
13218.949211947947,146136259785.68005,6.553916131292915,2.4578337838003423,225259432.02320912,17.51714194324682,7694.825544087441,23.272956717319225,47.854272833922,226.33758833473078
3378.2523048083367,565395533574.9419,2.7363174477139656,1.7744770472252052,2731368340.80163,9.951520563371664,1648.5913190931892,56.42855334970956,65.01839849909852,193.15620378902182
22172.94506493187,245284445528.41397,3.5401647932643296,2.7167456364243376,2261359666.5614324,8.17681370930412,1289.3517729939365,51.86985358983144,55.535725071597604,269.0200494286215
4787.621576101039,293608810333.4657,7.586078042515237,2.98176452385813,110799.10928684736,11.738010451098008,4831.146080949207,78.77178880637508,30.0,298.4574068508819
3007.8751580849225,499028642754.24664,5.388126449050076,2.247272166366881,618125.0988289409,15.863748345382799,753.7086448782112,41.3387480402716,30.0,293.2386875496426
5523.739663817991,162527090495.32773,5.00194477353037,2.9957577151292645,3918394838.2392135,9.53287692839514,1351.7703078571765,17.382102121257255,66.94672004953269,165.5901538379353
20252.671473713046,962379921256.0354,7.45211136028599,2.5621026852845823,64875294.39242836,19.903577368479365,5834.985523628988,51.88753979991051,44.13670903050697,242.74621738159672
3092.4559282747286,446944868448.5608,7.18229073164782,2.102712260819592,25176766.054263417,12.768436479472184,2472.13072258592,35.686080196672535,37.038039193160195,244.04847791896486
15553.473623535067,352279877347.5214,6.228724996556475,2.759042456885655,211977.2683710526,6.1967259400013655,6402.969217813151,22.458875448233073,30.0,278.4171281918161
18781.441865070577,29197575895.975838,7.234639977037032,2.2778951310327695,133432.37145606717,15.88449681231151,1252.8671771721863,35.96920513829463,30.0,304.4480037657578
18901.48843183034,843254519857.8698,2.2399273517706457,3.073651007910502,5848893116.654225,3.0577876258048775,3088.5585658211626,26.67285682333308,64.3459478923148,231.90180162885906
5156.491721899213,625834289472.469,6.424035782899402,1.5061600558337171,23402131.34606035,18.718953711698685,3096.4407020447143,23.80487665935034,39.19105517196612,225.11408735484991
2009.7879602514943,416405738436.1424,7.776661314279642,3.136356231906623,855237189.2332833,6.8400209528518765,3848.3693514250454,43.85481962843171,66.91899478670621,187.54910897410733
11495.75640241933,245533553805.6764,1.8183491498291287,2.1131505550615204,1258945.6070442102,13.716700860186789,3289.0337062282397,66.70075270130222,30.0,313.2900372360733
5460.890958491379,745137673537.9666,2.9497967366391222,3.419253126959961,1532356.315023746,12.524898369847724,3100.4179060782644,71.9965271682474,30.462494207738334,318.7229481812843
17632.134820841482,945474630267.0914,6.660794527625223,3.018329735248727,63281476.25090526,1.9626681018323273,2634.2162486047096,28.22210146938426,37.432446131684245,285.6024850230621
9238.973591557815,380810324842.3146,4.88030656879924,1.9820805695315782,2399546554.401969,14.44631317771387,131.0535908506375,41.3885563393939,53.76879026712058,217.184669751864
11509.171555311736,134876933503.16289,2.063019304518199,3.457598317462962,2772679.5420038835,6.2707825702909545,4936.557190251669,69.00240512892043,30.0,350.94023564147477
3280.3808609919397,109195638077.9901,3.2417271895141377,2.4991611839934436,4405547.811148639,7.6545587424097645,3793.1960221373593,79.20741459933922,32.5417782310334,299.26659346650166
14404.982020430698,6362965971.913579,3.6063873994972098,2.5458475945291954,56642384.935769714,1.975663018650316,2992.5283646049656,69.49524560825955,41.24146803151178,391.90785879435
5045.342645981729,743955696816.2811,3.586907691998667,3.319036268187731,158499.48624149075,16.2111825730933,1699.2041224848606,44.58251677979789,30.0,329.0821651954759
17135.148692415958,981395404506.2847,7.204872871547407,3.3368061349635707,7830883.107041876,17.212428346319715,7132.206768846953,70.90951595496242,30.0,296.5982544520005
2243.6361524233953,992817759935.8154,5.8032369728272695,2.893765008433266,60452525.40156818,2.7286330233270717,1910.7716568343276,59.46390942575888,52.06430346034567,306.167884453446
24409.41751089242,784197470145.6711,6.276962309398577,3.4568992791245075,105714.36642258787,16.261615189955236,7368.1867127035575,17.946080428537478,30.0,272.56369193997944
17270.910975352388,162184616112.2653,1.5882055777755855,2.1577406191748323,154887933.62115735,17.965092117566382,1745.9392207712067,15.889906994680683,43.974747523200996,229.28214122451578
4952.374411392191,977709478203.6656,4.278828019242807,1.9646731688038657,179806.2943810188,1.9910206655619695,7771.693802661957,75.5384903792135,30.0,431.4594387223468
845.3188138154669,327814115188.50793,3.565834082425925,1.5585134428944112,397918928.66655916,19.9486868171747,3364.5946422457955,74.71096477755374,74.33614347194771,156.72833004050534
8694.34085902786,333620275872.93414,7.037515114561129,2.192689876955575,1019511912.355377,0.14077932030413953,4266.412032412242,42.08559429525151,55.66752277250956,338.9938836348415
4243.924969279082,687337265555.486,7.700152750479036,2.70526668662417,1563053304.8793695,16.855993437600173,2397.4960078974805,56.32773594416606,64.6009379564534,198.17282273880528
5851.077661428876,49050138025.26431,4.251715522315534,2.1107580998332613,232777250.5028016,11.187899571655212,7514.055344772048,31.335438215464936,54.97534095338345,222.95019332412627
21882.38133172829,825769904137.8293,7.824893994713442,2.659240514264189,64247025.10465937,19.147807721283794,2267.741074285418,59.09790743257349,37.265037115980874,270.73942187494976
15278.514171245813,997297279190.4675,1.5933348262844929,1.5967715043277353,3449907.6609887322,6.795093368823213,5844.39241218707,41.23290320387612,30.0,315.6117427110297
4823.212499208037,775070003020.1393,3.6171761273559375,2.208182129292462,13276041.240760647,7.248916773581085,173.72176621683093,34.39378498944268,36.49985814504695,305.6684668054909
14138.155316842496,781676709530.8419,6.537052656544675,2.996009812961389,272445.9053311868,16.81553821247874,4474.162748487766,40.842305205286564,30.0,328.10590440354656
6766.626008912334,390314280252.88043,3.8406475980877146,1.708653720381934,343168792.8259371,14.228185675870945,5935.188873791975,41.88878710129933,53.54522126550435,254.9612582045106
24416.921176773183,65922323094.2679,7.486255147456456,2.929674911311031,132868.44127340114,12.03034243857083,3772.2773646969476,75.99317250444943,30.0,351.1818913884182
1302.5521414605337,792667641566.9891,2.9200218012378483,3.026622226018978,11673078.945574498,12.905472883217103,5150.103751569082,71.94862952802683,44.58610523165323,288.7719283801523
18441.80134311147,597158489746.7136,6.67183372763272,2.6375230182337477,33966711.95722066,13.66863046147658,6146.774505956342,23.61037908852998,36.54972063245523,248.14827919882023
19438.42714168997,909338779783.3953,2.8110646406164084,3.2721751061419395,178011307.46136194,1.0044408382789771,4006.901622179535,29.49275519594469,36.956173968806624,321.38534147054287
2145.4877169636566,115963784203.93236,2.781181964873445,3.409127024451302,5199893.597865717,2.3997780750211555,1752.5549641666398,30.95623735349924,35.420493188940306,314.2091889965315
4710.799423668113,305123757971.0452,4.397370829491283,1.5693549659074237,16365872.537982874,3.66607354810189,3180.2083783994094,10.809933293338917,41.21023434938217,268.1193499330923
9915.51314804696,360656793067.2327,7.642113824147161,2.858166048141081,86472907.12067066,3.5768993361306487,5848.924272636831,47.130119306132535,37.726157055569665,299.44829038841357
21769.79324996216,683280025264.9829,5.305457252365263,1.974349004947059,4129276400.9617443,16.86598830660594,2176.0245842060476,43.78841353767734,66.2417180637052,219.57724721588946
13656.498491253235,787745375357.992,5.627713816678271,2.3163666180096554,229013274.17705098,7.920470788931167,5059.956655349962,18.722191375158012,47.19088040519938,271.9618668344784
16555.017825178616,961020447564.0117,1.5632623710460054,2.7463085650193984,1871423.2161007856,9.814010161276833,1194.8529714684612,79.31662822910961,30.0,322.7767700807899
19683.814468692646,295407862916.9961,1.8679988301064736,2.924544540650953,1723130235.4974496,1.833464211328357,7443.042933184851,63.289968294217005,53.518207792385226,282.01447989916625
20789.00831426924,493636914927.83875,1.9350711667966525,3.1803818594825524,188504.77641089857,17.41833180528182,4827.835170271324,22.816073095853604,30.0,293.88767708529144
12168.971305550187,28961901120.36833,6.827674135298009,2.9107738365671856,2298768.8840338103,0.25475752338202967,3751.4820189503102,59.37319646272467,31.005392278611545,480.45304643706527
12965.431899950292,252988625121.0098,3.039538791429181,3.054797987726622,347343.2952235069,1.7117572570106236,6494.069060651017,33.84435136083028,30.0,400.8025940745073
18091.143498650596,374004134116.1322,3.637448200151825,2.698142398718823,17186727.93446302,16.251581979694304,6379.396707049326,54.299330916573126,36.48090201624682,267.650221173008
6951.887789022847,593806612719.2417,5.464693061088374,1.7341181674432498,152980456.93213207,2.6554112319815855,787.6110876101545,42.934362995943054,48.84082555676018,290.0285155865671
21434.99854095535,470846022753.6804,5.295703064746575,1.5428606297705867,45183160.543192916,15.877486890557636,2463.4371335154483,19.72005114212369,40.34359100723666,281.31055624949875
1009.2771996581184,364475695301.93756,4.168441734194863,2.5595660978430583,1138442265.0145924,7.040830406757889,3674.032402161752,42.20606939410875,76.6709102061546,167.38141358611693
5296.404254138254,624078342451.375,1.5279513392264503,2.9310820959035997,68776618.8766956,15.533153112194784,2730.9142694541797,77.3181013926947,38.66373924790507,252.36000478686918
20104.89860439433,828615848501.3232,4.422416737830302,1.7177311768827135,1456581.3041102972,1.0545890820572799,2545.2327570716066,62.369138002729095,31.483725222475915,421.53443448005385
8836.32619137047,241681891303.65622,6.30273700218015,2.3585918957512306,48096038.4214136,6.858177270385822,2824.0004767959144,53.860756517973904,40.81312915799216,298.58225701635075
4170.904400961495,342876536384.533,3.0290555496154603,2.0123547935112898,475825384.9923818,9.651414041907087,1144.974142154415,69.04688112467345,51.194910919671365,199.18328894086403
5075.491514929381,704923944763.3702,6.104327066779818,2.6341861002738156,32716498.83123956,12.532804992574146,964.1445186738206,68.01047955078181,35.57347431810421,279.2460215176694
13503.531847433704,777940820817.9315,1.5984933288123084,2.281005504847656,16212416.111682309,16.73259027764853,2089.8832822484537,72.17427429664298,36.75378106705654,299.82389842919196
21231.4474689522,825397046337.7755,7.402050728044457,1.9029350008682928,44206564.688179724,4.927149965399426,569.9530219390743,17.620186144359735,40.781285399003444,348.57302543672097
2230.9425363922096,209332009565.80975,7.67525484976264,1.5087854274788892,54990904.33609786,13.194824398195383,4086.657745419503,19.061540757012462,57.09475984124168,198.69061857485062
1246.7822735539103,539267421977.4544,1.5159996422596356,2.143050190761861,3570965.499291526,3.0778202071569853,1233.5587777764856,65.92260406049232,35.11250942490383,360.0161476847465
11896.619328002656,900011198514.1859,4.47581968974233,2.532324293372625,1866945994.8417037,15.91360102041398,549.8616481166384,79.673953128015,48.84929802408504,228.49079769879378
23926.59166881405,391951063141.0366,4.189842611551349,3.3584181660069183,1092483.9714876786,18.667763045411693,6698.7948625760855,49.37803468411308,30.0,322.8370680863941
7335.740183646097,429883660338.46545,6.972241813476792,1.954952029772658,145935.38511960578,0.9932253099389855,4704.200954833273,77.49862345808987,30.761147190255095,430.46417479663603
23999.678207142682,984822959077.742,5.014690343601247,2.5245101319272667,509871901.698326,1.643168624177313,7187.896618321072,56.397014646062544,47.03238602451677,358.61411451271425
22248.188826455033,113053532979.85939,5.473875554584331,2.6329930689487027,1627679354.7703445,15.761439340325056,7867.3082263828765,15.972328538912407,66.55035910574162,227.34303041111028
7436.809371494022,705602283859.6465,2.8162890200617454,2.798455313717972,163561605.48755315,17.610589152250423,4752.315597808858,74.83770770217143,41.76002979271841,279.14711713819304
20515.227574275596,850184276856.7648,2.0009203419810255,2.157132701748904,22116974.364898253,12.981944305624168,6369.858802619721,68.74487290228151,32.19304243903331,325.16013185317905
17303.748912936062,150794365840.50076,6.000152131687064,1.698963638979955,7516700239.034249,9.25068356469058,1284.7404188331368,47.50936093363262,77.25401346142588,205.2725299488082
13039.64852816655,714453521554.0015,5.534393947801284,3.3427124803644843,7141693.131225873,15.392885841250141,5589.965918946265,62.07346542086408,30.0,304.27659116739903
10861.445504550431,469738752272.2202,6.910136770891307,3.4055108577071893,10702599.312600927,6.0292007859381105,4400.938073111539,34.60877173309976,35.41716459613928,291.20504420602754
20479.81752017369,852891031783.7585,6.990442408373361,2.3764622764938412,90274218.263042,19.835496880619225,5414.379032172299,53.10461977509894,44.19785331504044,216.37403763125442
19930.44610102802,907452409383.5892,5.601729280824088,2.661149923835705,14194967.973524464,16.967467475185664,846.7463372191363,38.92675641656413,34.0480606928836,286.31829666882186
19044.9402305927,872485030669.6703,4.999348989176873,1.5580527865586342,59771187.39077781,17.748303656031784,7487.162784971453,46.899325314825866,33.15663709263648,256.85995432315315
24957.270804774747,64386073193.87518,7.441053748577032,1.5944312822303497,6804850097.45011,17.104910234158243,3345.723919947913,54.558710702455315,62.1312328208394,211.9377178414204
12223.555293063906,756855519959.6974,6.708216883040063,1.6533348316531638,1539903.3410750371,18.66107669612586,6208.636304323594,13.770861849507163,33.3429537736295,282.4853199066456
20269.61295658794,921527653458.2544,7.235762467289257,2.977492629697842,553113.9717682779,1.3366690805416521,7924.989979828504,16.721640483102718,30.582774368388087,342.2941953220252
21630.719991095222,621348819322.4904,7.972965838780953,1.9544689821786996,13114633.76029206,18.1771238835867,6987.762847170484,15.768872178449516,40.886310568519065,301.9183452920136
5684.263245615256,600876459602.4297,4.122787620482331,1.8688944459487569,33112564.40466395,5.0096251567937555,2500.526816706355,51.64506255097375,37.51989869735632,314.8889351488216
1530.627830299994,45006342392.723595,6.1600753048898795,1.5166706655135687,368114497.6832881,7.215500360448901,3221.789912233852,38.90354102511654,77.91355385528514,170.39588253228368
10416.335853620201,856033166172.9163,5.972440799005259,1.5457950885471776,5968509688.152644,7.442877690633727,5192.746358976017,45.004224353600875,79.7703703400134,176.04644777837842
21490.04876870101,46404514425.6007,2.6319276366631996,2.310767504669986,277556680.8442478,4.6870554978709,4308.805043531858,45.01970094651,42.26625272701863,240.1498886872089
7583.030389265501,313510292875.06757,5.637565898004781,2.5833558613543834,8627317439.647417,8.796595661917479,3288.3006712695806,12.832944248317654,85.64213756432892,176.84024834084013
17650.24877465189,925863139424.1503,4.282580293212875,2.658118363535839,1704878.6285649824,10.135123328993803,5230.423932690092,65.72412100515265,30.0,308.80246733227585
680.0294070744358,949745192984.3694,4.429131335739122,2.41582236236183,1107772.1521862668,3.015849701691868,7277.131671033719,59.04816005150143,34.62236560172721,313.9981154364021
9206.428591845824,991900548575.3821,2.67089693405137,2.4191225442856767,3409367.010096305,7.222400761144418,2482.872358184771,58.15307210965957,30.0,309.9158985115842
15580.159021574704,476402809210.6006,6.340805749883796,3.006284370532554,862223018.7777703,6.995521867751633,1035.4233186046888,12.397564377892742,52.49245900548838,230.38141551267256
3679.0511567722538,177430368951.46445,6.036616432908662,2.079140269200235,856196.8238076695,13.509674248952278,5409.239017655417,55.62026709446258,31.729387457901847,317.6843977707221
22466.86934761213,487944998884.59705,4.959885903514063,1.975435636017879,957084.4238867476,11.63663710702466,4720.864046274068,45.0320443205901,30.0,272.5491870161007
4328.712439368442,102313822770.12415,2.5186747429678396,3.2086483760636617,11446660.524637008,14.336378275014809,7245.64836301825,63.23973518599973,36.61557957872284,256.5148448385796
22789.94185259787,872536236433.8608,5.119621104821324,2.87852761543217,3870093.3168299426,15.689673278714167,5943.847297224904,16.781004500877025,37.56243082497483,276.6730604476787
5801.53806273288,560537672729.2716,2.1508672439556324,2.453732898165741,170761690.5605889,13.356771729844338,3182.851045623372,62.26960170438836,40.02149609446799,232.44958985194833
24859.8275109381,404506494660.85614,3.7059181699246673,2.050809651068014,2823807999.675926,4.862824317934314,5070.30151054355,77.318172764203,59.50275517724775,268.8758681891382
15316.343475741976,79531622950.10193,3.9203259781526336,1.773163639157237,493517.8431410179,10.06728556386703,6900.312643914248,69.56905054810896,30.60108406786569,315.6919039678663
2566.4499137386265,405241271575.9536,7.24226505151419,1.574842393499953,54171970.68141336,9.358169041947104,2786.310541743984,72.59193919000592,48.097421511027115,284.26669973850323
2099.2922447271667,866191742198.5005,4.201153490388504,3.2047307159824836,276696.45086827665,1.5273013729277316,120.4741230386424,15.306063038998483,30.0,400.51797574267806
2335.5815583569847,703406229071.2803,5.39005414606768,2.6867710027943827,1280757.92044354,17.894908016572728,5014.460518087434,47.0750422439558,30.0,316.15186851201025
14952.37230862832,82456435055.44907,7.186063421375895,1.5916589858237586,3511621.763885798,1.8741353648207986,217.1438365679229,27.266372242992706,35.63411447659385,384.0424700410657
20334.690457020937,159908039818.9761,4.267436351911592,1.8171747957895088,78616685.28864615,19.530029645879146,7500.464414053834,48.144677516143254,31.616489727476402,265.3111398396736
10372.587173377391,392309098399.0139,7.2440728804597585,2.0591285363064484,59483287.27096451,0.683329838346911,1353.9088086227277,59.46093082830671,43.86630048411861,372.46692981794246
11398.476102405615,101375981310.83597,2.386998531423158,2.0261431754276282,164184161.1477103,14.607093052513916,3000.3659640830624,62.277696148386205,37.16887100198022,283.6471431222783
14937.548739783386,934041257952.079,3.871480521539739,2.5967819784425377,1243174479.5059104,5.787111325946214,7570.810111859497,79.41171777911786,51.993374019651455,260.88455329626987
13559.494817265715,652292392338.8312,2.1157271189320195,2.29888724637373,863275.4502062714,18.099100896479825,648.6454523160247,77.03385442297358,30.0,298.80652597337513
17357.512460981117,94823906480.94376,5.146042590328351,3.264433208523933,521089578.13649464,16.48943676981327,44.6968456002228,27.300759002260943,45.32567291362628,211.47479471123208
12058.75014399415,788057674322.9983,7.722333392650715,2.938821401215643,216324034.83814394,0.5489675145056299,838.0560898750703,74.09307047434288,38.97867816891274,402.95764304161423
17989.586784069656,368406560166.0143,5.770186929588224,3.321465138620159,250354.36890667153,0.48791591580838867,7888.447356741476,71.88100242772447,30.0,542.5956474484938
24934.113192392535,244871399682.57626,5.569491512766866,3.225637250318904,5290254.926090932,12.083661097177442,7774.1128321847045,60.6405336378486,35.39191987491851,277.96621263851074
9082.297135094741,569985371954.7491,3.3080311095803987,3.342738266986911,137561.44982496722,3.0343521440212458,3082.9468605709317,28.036033854342463,30.0,341.23358044447457
799.2788414260947,13373119748.408186,7.552193931050291,3.4600229005775285,282437.2073684926,0.33246476473707093,5945.656162155749,23.177505100180248,30.190182122430507,415.0095362433433
3577.813616015542,465398194706.5949,4.5649761010420145,2.123392876118925,2623819.7712888434,19.356853070369187,5890.108244128255,40.492514858461945,30.0,298.7300618624695
14061.097532180369,843805149290.1764,3.235513344797824,1.9193612077073199,1642785.3534647638,12.67560743030345,807.5314879793411,12.734042354008192,30.0,246.87634183144283
8934.315785043975,928057667927.9724,7.920049872814549,1.8303047244314863,3168610428.3078995,0.2661118268644229,1888.6081946837824,29.874155212403732,79.90516639880954,275.419116932233
23529.573545772317,342555361861.73535,4.250305569665803,2.7561769300315686,2944033953.282011,9.835869585494164,7112.968904882648,15.13692663156847,61.65477177485532,190.89110108656965
15872.429207630883,642436945728.4562,3.914743385662037,2.861933396352801,77506404.02249198,3.192859744323254,1333.9175092353157,46.7155274963716,36.949565325312925,339.0325327237473
13248.702056153965,226824211545.3952,1.7272482374424238,1.6756749884212931,473345001.5886567,16.113383401328434,4171.634301213295,53.158307340900855,49.57611600800006,228.19087334857662
20051.967781164458,560213510771.6381,2.6589173254404366,3.1421431934652686,9954204660.038837,0.6222079319163325,1960.7779925283448,17.791375783258598,54.539223761105895,254.73510395726225
6835.451840702831,254028472125.46286,6.759743807969822,3.0661330628861965,11245104.32723855,7.449774561858272,4465.340307870501,71.17528329443194,33.36997664352652,306.9250080773954
20583.594236917812,571356937270.9443,4.637518179913977,2.7569478664115774,40938047.94711158,4.798665034347486,1580.2802860602824,16.775972830715393,35.933063642688374,309.5431243185412
574.9970691702772,171722945571.11365,7.706685725013759,2.371224958939267,180197887.4518316,19.618417090820024,1733.8285104333838,37.73471456877076,76.30760739357622,181.1078516446028
15682.095372325082,941232615528.1866,2.0452577209532787,1.8073145767519918,4006739081.119422,1.6083266792035362,383.92446788850754,45.068714369067884,48.53295210044608,289.89816272867057
23401.550200621583,886917589489.8153,5.503632375589807,2.5111845418637744,966234974.8702912,14.411788179550282,7921.469388588532,50.74853579380725,54.012654487038624,250.82007095808748
19802.568824829817,336918912530.5904,6.17989695903155,1.8183385910829688,209946.62021938065,9.586656578027448,913.6308859968822,32.33737886198703,30.02280811848555,371.53328848591684
21414.037707610303,776663112262.0537,5.537690322019923,2.709957570177867,367072137.36330354,16.33897310401822,3330.7943484764164,59.915879156432446,35.93803151820482,240.37173294361602
10225.390031701761,95505035228.06381,4.94420414081806,2.119929460646138,1818350.7134141966,4.324178920101546,3346.2882726962184,33.89518665025116,31.349370417670553,338.2818567566511
20693.854179453094,740361168344.5153,5.25893908220162,1.9946125246075936,1881518.455972215,17.1131376030607,2435.9736650656914,27.6883229576988,31.628840230579463,341.92960492306946
13995.375793241532,282459847153.5745,5.982072343946731,2.382102759909939,54474245.692390494,19.009826599758508,6353.9824190601275,41.72235186417387,43.36637076443575,218.8002265438291
15654.235794328373,135642633034.09363,7.111213033643939,2.6614256005173296,303042999.63240784,4.301495125334615,2708.158373632454,17.940274855484653,38.254122711650965,257.52911771881514
1943.4258137271859,678191539712.3958,3.6862401878504576,2.234928131142759,625372.9792092714,4.892759391559216,5007.347783167963,77.63107218881895,30.0,326.2739944800527
5438.016580772607,469807348012.5715,4.487751522870839,3.4272068022765754,3737295.2149205697,19.275168142698682,4348.573047256602,48.50683179296935,30.77635907466007,285.36684169878504
13998.628180082038,530140071590.8422,5.633412313011611,1.5117952718500605,380719412.1777688,8.710841037271068,6913.590774784738,20.08376315635939,51.97392504273681,259.8040678292056
1940.6259166756925,520530263608.1367,3.5424036901219087,3.325722036895355,575453.1424987515,16.713100026283424,6557.666220854215,65.72476687569166,33.65121475535701,316.18271563132606
18665.446761398973,59448922658.03743,2.6620886286535197,1.501368098965275,1772320993.2164943,16.856469039281496,1751.3990703548463,60.426563725778486,53.095396871315366,213.23528164713676
21081.39670878659,51381197712.42793,7.780096919057865,1.933423877326848,19063997.430902857,6.251508529918807,6003.3932395309475,40.13546029223859,41.075400786584936,308.566515851757
23048.87785172272,601167902780.593,2.7657377771755423,3.4927024497091246,85104250.4491742,3.6167621024043095,6342.621980176239,78.8591194284699,36.399833785039036,317.42005566752096
2993.327249905245,623865018490.7743,3.0127651201146297,2.956190751427379,252343.4241479715,7.362278777615983,7354.293452926091,45.04305223080354,30.0,335.4850022508427
23523.1460765586,47175509340.55808,5.5214596531368505,2.788996743428017,5922515711.438352,11.858461479239603,7706.108648119036,24.892606953973974,70.36869450781299,203.4761423652057
2156.6901869177273,378439953448.48584,2.002894014489768,2.952185761710794,3448746516.8182335,9.966860665508957,5898.382319403063,65.38788501388159,84.18749353545516,197.488907068353
12114.377290231476,612851666709.1478,1.7213097497988428,2.316592374038749,892059.0029127834,14.74909842389309,3604.950063462713,75.01196487256381,30.0,329.53684283460234
21086.150005381387,656680999072.4205,1.9160884247347658,3.068419462652585,206781357.758471,10.998739536086353,2350.8356455446037,28.366115678102677,40.40922988047462,262.9097117369429
2222.6228948291564,828275931000.7922,2.301213697607494,1.809736065836559,923817305.9469194,16.1200203221048,6918.656805307533,10.470463313950315,74.76618879558063,183.4261869130532
946.661288230099,420732862864.5973,4.2897796038722165,3.0877847747911957,407227.4165775241,2.123560354788091,7325.28036516592,52.649605084838015,30.0,320.1728402194343
1111.219108312942,548258232889.1876,6.890194182519193,3.3790533598221897,77137897.43806046,8.809934734941388,789.5138477095483,61.29460274528259,44.787852636275645,231.01172879441668
13026.120866182822,578560797048.4417,3.7228173051209277,3.2153737010131165,1787597138.092299,0.3704519884861655,4439.038527527536,28.25983656460777,61.21356991957118,292.38764095275417
20384.120242618243,312045971255.0357,4.278954195208229,2.9793219066067866,34164139.55361995,2.460101847085161,1042.262281702309,77.45592387169467,31.745643988526272,352.7819386165776
3621.953441278691,53826348616.20916,5.401632103433135,2.8027546263233543,4158404188.780282,6.663570372283117,2020.1219265578154,21.7346077770178,102.27168196120914,180.31684327233702
3552.951224948745,4226921979.1784415,3.463938766554448,2.5421843306432548,173384.18628962475,18.035184702556766,3071.737093224033,66.08096783627803,30.0,334.17140361864665
14429.397948719896,836125579993.1088,4.311496211991873,2.290446559072376,3945058202.6170506,7.634097646338872,2496.2020805214324,71.3417097900826,62.08255005959203,216.14695677655584
6240.24221989213,200232622290.56384,4.011025964618345,3.231307181719679,7692902684.618219,5.50566228824651,5730.831507154948,21.96189940201327,91.79291819646103,187.45263873521864
18390.23651104941,630255033904.4714,3.7222430207251294,2.7949171492961535,602158.0614189504,13.432232355407981,640.9402429253512,45.0940685744874,30.0,300.300873719941
23766.06701033037,577047901596.4409,4.024555601633244,2.3698006278293975,14280748.90238177,14.084246592791139,4914.05059736459,11.963277055310382,36.60370969290469,230.714156831096
19267.81846171012,399633677107.4422,1.5722651176784117,3.0695834362287164,127006109.66169928,9.652505976181317,4655.502086557368,54.932238820789166,33.51994336056148,280.07206866600654
21990.796476283453,833493475207.3251,7.2606943427903,1.6082075080766962,2925441658.2235537,5.805949042887959,6299.687916555612,48.25355025420929,67.5284741735492,229.3657576350453
13229.858410505924,698401897291.7833,7.85275418341649,3.126238501865931,627524.7573548472,6.071118701050188,782.4611683006186,64.47903148586357,30.0,409.7623224458819
20891.822953329567,22742440697.7095,7.106225244204899,3.12140434548892,4678857.197261738,3.7516443947391553,2667.5109553747106,45.08943604782157,30.883264024223703,396.92847649232664
4981.1280076737185,776694296662.6113,1.5373247813525708,1.9570588266446405,976447861.2533737,7.283657526764337,5579.856356654331,34.771898339603055,51.45177615846807,193.81324633125365
2174.5233146928713,506999311002.9443,6.380756053515043,1.5753431798237931,11220773.956614485,3.406657267353079,5696.379985455465,19.567024330672098,39.80408833319979,240.449529547569
16570.851198054806,347019942063.55774,5.225151121813638,2.927415911059593,105856461.81294644,12.876309200722838,3602.5100933776343,13.575153211718437,49.19356839918555,218.3646117551511
1772.8363420723704,726884929627.0214,2.112136921550377,1.8997432568594321,63099746.73123413,17.89906075149925,3699.5377721532627,47.01824187898451,48.3899701113504,198.11279155056553
22365.794768922173,686065943580.6398,7.563584376717384,3.4920435814421316,7342745543.741395,5.122348562735701,7720.024883803895,74.32188445067509,71.39405902168923,240.89788991737248
17443.076604131755,310588927280.7112,6.545411339947139,1.5183648904853255,510100.93500372145,4.882192365513724,2616.5616164758935,63.620338028341344,30.0,357.3774509700916
23828.917772518344,983038888459.0099,2.4444258619126087,1.9595839624979814,5523353131.882214,17.968145892083744,1209.4164283218074,37.518447326517446,55.00534695650082,180.57073328905014
8190.223079674273,648708838003.2666,7.766269293007724,1.5841247945449954,66184086.42592005,11.382261158765306,7623.208099280837,78.86081243168607,53.5511707915728,317.7575694046937
12410.87857543971,605780106674.1812,2.3202918932691605,3.065311470900439,3317120820.7224846,14.609015941584433,6478.769064656696,22.880005334868226,60.54929067412892,197.32897229548487
18671.413943605414,69881293601.40858,4.4554192103103425,2.6573909843477868,388786.0594853808,17.78823153416701,1904.1327985051612,79.8340268788529,30.0,370.37849528303946
6448.085143790104,279319501025.9571,2.5333422622846244,3.1968690690918287,161255697.97955102,13.316207442818254,6859.482893840171,26.1095045102944,48.13068337543855,196.94453220145013
13775.29609273584,446974555352.43915,2.476240167876379,3.425226741345855,1586902271.2448218,14.862054188969365,2025.8883120491423,21.775302113154623,51.756154797616176,228.9332752963933
16656.948237634213,630626073683.972,7.790737299434966,2.7202297207508086,859819929.0901469,7.769592079563584,6621.305325612228,70.08326106625844,54.323881401860255,255.00628352747006
24480.812033952512,512764117966.7471,5.218798079050211,1.963507007236024,112122.20051955912,18.766456724616702,5032.216180437415,42.81974625872151,30.0,303.231606073353
18745.230708938427,763033170438.4578,3.184636965004516,1.6852988815952201,18240104.875065662,14.092804240339584,3865.815961366028,72.43003205232945,35.13696374271959,292.85797384893806
3394.205831837313,262568449900.18942,6.546595910632467,3.2325220899590006,377340.6748687512,1.480307352033284,7425.302527086526,62.36281725963123,30.0,381.54381459679314
12145.669558891102,702157293125.489,7.189088595466298,1.9902265100371945,580932.3198577022,11.924570768588703,6476.849761895797,20.971102358633225,30.0,288.5351035369285
14924.884183244516,816597230294.1156,7.4644255891205615,3.2870364493961546,339968398.8867951,1.9384014598954955,1048.1013486313218,18.534699525663726,40.46304936675274,327.2595319225868
4092.2670001766423,765050210532.9777,7.564402311284669,3.25657519922855,6065933538.644304,10.466274969970984,5647.495967283878,41.273659591768215,75.74361502356203,145.0717923135384
11083.16839603642,770846813741.4489,7.386281893409419,2.75561842454052,148076863.1970187,1.8153245201792354,6318.120598132059,49.30813869207559,43.93252473370034,369.5742172341527
7458.142500227664,888507168755.1082,5.653060573522708,2.7079916411503193,325001.4540610438,12.563459623231754,4333.609717420237,39.624988747395165,30.0,321.95578897950776
3411.274785419636,84179458301.94702,3.7260332237458713,3.4016529370537762,1659521.7903127836,9.154498255457797,2215.7863422503815,24.839213167186237,30.0,289.3320383420528
13045.027369854635,697191874182.5316,7.516189903352734,3.012030203569897,7841009.627845978,11.083928947754295,1883.439067878651,25.227128537694906,30.257373832165452,304.46362436149786
4558.010484802462,968678232438.2599,2.2962274320025093,2.8665635423611477,423435.97801730543,12.99656362861285,7793.426305680417,45.69363117457493,30.0,316.304151975791
14968.166510350222,573651076223.8883,2.597198797830314,2.3714815040369563,1737162764.666416,5.044443945618032,3499.9797843849706,11.000955202900354,60.99393934675695,211.91075138435633
4657.574839925704,217317094668.08063,4.31987901322201,2.467996891473767,938698.0509006259,6.424445832913135,4155.41181165684,40.72637228867151,30.0,302.82588376124136
18228.075628269115,998753807020.4071,3.3438221243856807,2.277842196663337,444380.90201877424,9.667257043994704,4789.344200322221,12.325754797634914,30.0,335.89329876769887
5283.419764226925,174678118144.1861,5.502263292455164,3.39264204071986,425033695.1886082,11.34791368255459,814.0449120277025,71.11944426149086,51.22403823813879,211.46999948269274
22458.984969015663,335558361817.1619,7.384462499270051,2.7762384263865423,430686.9933128672,18.4767421571428,659.5502107299744,53.40781171993714,30.0,314.2188975479669
1142.129235445817,172063016354.9794,4.69170362142091,3.0607271754475556,11261525.789937595,7.070466356097415,1593.1138946600568,21.21318593837483,45.872635875495625,223.63513780486255
13288.935982620531,464513404237.1995,5.10015885722046,1.5743994701651012,37804328.10409859,11.855019606187696,531.9792442325597,63.79967266059918,34.49364169977205,309.84198391259673
8342.566764220399,418876590734.94867,4.250369238377101,3.204852604283686,251852.61729244134,18.454776543328993,7188.793577686986,44.4831435389045,30.0,297.79422773924637
6014.374881477474,491241405269.6763,6.099199539843601,2.3352765948891614,60109210.021869764,14.370642532160254,1192.7139234169958,45.74946580218681,43.739188403315566,236.88226004532518
12054.268089546127,927983472072.0295,2.15447706900039,2.9743207496323265,25166337.28091433,6.600419829217044,1820.2876836095604,27.928909752086582,33.31504399289224,272.1623769829144
21129.478639944387,478324907509.83923,1.8158342585226501,1.5800506296415513,219827182.49874124,8.323387644672493,4303.109772172513,37.56295009159793,38.35817477970939,270.0747839530962
22924.291535402892,514626811587.31793,5.668700083815558,3.2877463665719295,1246607.2544250067,17.581743332092262,7170.671764979548,71.47077485145593,30.561790109884022,312.3815356316374
7929.591144622221,886682219236.3622,4.976710543501987,2.819691179198389,6069399.44067298,8.78184719820418,401.7594217015678,20.304030609604624,35.28318759131383,252.90074766848272
4278.968741329246,817758176256.8383,4.147827188625955,2.4150015817426542,198736069.03519696,5.078272590347777,1735.6359165102606,53.65949689584872,48.20925077356261,244.38190767265806
18143.440965374528,239722791503.413,3.670952172214618,2.1071161980202326,150654.84785607745,10.485258368734307,5741.6298194357705,25.182952386780777,30.0,316.8855878228813
14758.968773671713,12926942302.894978,1.836748386280316,2.122048284897436,379292.90066940925,3.7606640298719567,4158.246697171564,41.136305909589474,31.05834983608455,387.5878761694525
5424.895642600218,629499962702.4589,5.923615055690986,2.106796248952799,2616731.4646819746,11.661802098747016,4760.20166935319,47.31148674593257,33.32331287521798,318.79550913031255
19127.246808142198,844849978987.6962,4.239538982834662,1.7620517054903044,340237.2578674133,19.83045855442203,145.4609017279206,18.525281159168077,30.0,290.97678347518496
13213.795663432456,552850559760.2875,4.394242256877508,2.427619076058154,157602.22519522603,19.387132924996227,6935.773811279541,15.495723960104396,30.0,305.59837120799745
16508.182387931483,211177708835.92514,7.307391534177297,2.406972708268137,8647928957.416573,12.295299240868474,4634.1384233035105,43.884147320234575,80.18327296729966,185.06403431169338
9303.806332103024,741355349320.2162,6.294061236402612,2.3238733185801346,19002026.12779439,17.73127561048211,6676.599027412076,38.65405460895176,33.82311298281856,203.84056036411855
11257.890251908211,669539613071.9873,2.926380466506395,2.9061884749692375,46603660.03470712,16.312298310715665,7710.321567699645,74.46967614120639,32.629277578886125,307.5405051832635
4918.3814101860835,565032972376.0155,5.771582227391587,2.339629725356835,1881587.77149556,19.01584642879078,5859.970339254139,58.85973362960642,36.928283171202196,299.94779694371164
19034.638757310855,863336310684.8097,2.359659570273775,1.6780074336672413,109253.71404682127,17.46826869841016,257.7737972155919,72.77687885865942,30.0,358.0180921476977
4346.777441718901,784242568696.6798,2.7614151410389303,3.204119244627376,567049441.5124577,18.001655992117335,5695.120431756855,74.98131745297204,58.61004123364731,209.06257854896342
19568.413571401004,667952423470.689,6.141970064760825,2.3502017302945317,415685533.97130686,4.629471609118502,4512.130688104615,11.334587031076099,54.461744592297954,266.0333889297658
20051.192444672357,664759004264.5493,2.318287718624334,2.81057130857186,7289600275.004131,3.202473638616882,837.2813536957469,71.59028000634643,57.47390565449514,254.32990482817854
18791.72361935048,662202972095.6405,3.3212606839113565,3.3597927093805726,127500.0667171794,0.9272377371374901,2170.71223309909,77.0933171183127,30.0,461.29315401698483
975.8583074391404,525165219751.81903,7.337391741893006,3.03483020573161,484287.9598578824,13.203152797846757,1359.0392562990764,41.68500768384287,30.0,289.97497937019955
7191.763708863502,463922180722.20233,6.299050608830047,2.5775977423564074,363668130.35879916,18.673440278566584,7399.482693121414,54.5191338768462,58.82422391361059,220.74875493340156
11974.274698399437,709600749898.2601,7.541486864666629,2.5900445143515816,4470624.426874404,19.877307187257795,6364.313773199961,34.21841266453879,34.96898404008916,250.06255610880575
15090.837278561496,610494870975.7496,7.2319167227478225,3.1990620741828133,208384.617700183,17.05423392528758,5609.822665574832,16.90603031946511,30.0,261.63006195674507
23020.941434541728,489981072319.9808,3.5317662428395313,3.1472645861816124,3197353.6937222844,16.628658994904857,6108.931907579636,28.382335219589702,31.929970241273686,280.44445291957027
9702.346317153206,126662227249.6877,5.610453324126738,1.8573054642548477,274526.7239500938,10.401711757595866,4813.956026368015,15.638090646738089,30.0,320.3156948879775
21938.071309961877,701929086724.377,3.9615219077915262,2.7530021630368737,1541802615.4530172,9.066564839364466,6843.580036278235,44.07535788068184,47.06823083505706,223.83530121874557
4504.0175593524955,645998924579.3948,6.031178155569712,3.2314313168702227,2424743350.5362387,12.824314012505635,1836.5791063156341,55.75108799115136,63.85005920026969,182.23104673219228
9596.371943961361,342249083725.0776,3.7649706407309345,3.106614854018126,152914831.3004626,0.5030142130418945,2011.531500877713,10.365829415719691,43.09500773689195,298.34061133409557
1780.9092651224134,356323809891.9105,1.508562917220385,1.7494320326245856,8472006.497705847,15.89675549603305,4738.079747311964,26.02045202908305,34.392067747529424,214.99242503454792
18690.987630862746,246723137412.86813,2.1105983986166055,2.371385644673354,698145959.1544174,13.16679927817764,6482.981838833534,15.16379668540282,51.10934216023438,197.06142145161203
4190.992557106367,961915294449.7625,6.511580120448031,2.5364662092188057,143863730.16425776,3.4424781694037137,6687.949760313688,77.60198456718135,50.54929660528965,302.6918296614673
6796.990383387216,860201502667.3597,2.0460340910196964,2.0156191091056734,911821642.0932376,12.732152300646238,7810.262513529452,66.21778803270846,55.18618003741961,184.16211409237303
19493.214678733762,561049468363.1874,5.3962474410615755,2.85899877110083,35853930.58645319,12.009415557677121,6100.656147974429,12.16923115154438,32.2023911473801,261.1293423722084
13600.559576856394,401653744905.3677,7.07556033033475,2.452452985122658,6190482816.932036,15.770598967827565,1869.616180852785,66.97915034436309,66.46561136010972,193.6462768978378
842.3316257523329,736825526871.1597,6.317158039473733,2.0950174173059315,2819476.4564749515,16.757676136105996,1852.8978954334893,67.90836292389693,41.927470501450976,282.7103865896644
554.7625163112298,527728648397.8211,4.187352166327015,2.173729051268226,104936031.8256263,5.105718237933165,3570.2540721844075,66.36678313597065,64.02863377135922,231.48052428098364
13011.185477627478,975851058064.0801,2.8559273994054943,3.213336710013292,1097142406.2969537,16.29882803453842,5204.704657219088,71.48934935864615,49.577529983867876,228.55869627315784
7971.410086855273,55123558799.54064,7.49649367032188,3.2323996109685105,2946891149.352943,3.682811760882376,4108.806218532494,42.78981767415786,65.55033136383236,241.23891205017506
4917.630426881839,34286699767.741074,5.181597931602889,3.1247513148256756,5416783145.275105,7.914544906859873,549.1089843825246,26.758940307725034,78.16345190363089,202.45346702393013
15533.051474044718,568611449362.3553,4.135230385235863,3.3277376423658733,9441801.444347546,9.878301426242267,3860.3875070935183,70.93135899677418,32.26511718356078,344.2725653366778
6096.693557076964,203280019409.68405,7.623375043651309,3.4046130173629177,313843866.69473845,16.108378811969654,6538.618474578416,68.425279009491,53.79445034880318,216.9435693522642
15009.075167281224,604304559246.0289,2.8976153351674205,2.483655821559818,2824786.375692448,18.026562058504798,1930.1153516334991,29.229655744200837,30.0,237.82389467071926
9792.015789363686,781423247124.1488,4.37483217094854,1.6934072446993342,176561714.77968028,0.3934718319711823,5083.910657909158,50.650349333606044,45.887504092451614,366.768201085577
5075.282332909848,138110623075.11166,2.2061971095627912,3.1001420146195775,833933.7024557298,14.758027775908271,2165.058971670884,48.985697977346504,30.0,307.21774974951654
3883.5660777843423,440608783581.3038,2.311721695846998,2.7668638568132566,12801354.485767653,17.556546424850538,4449.795428042698,44.12699253469615,35.61071505422826,228.37648506480033
6303.084776618558,688667394782.2717,4.090875663979428,2.2610343804592032,3991952623.235794,19.088391250620983,5610.821348168122,52.60287120068225,59.49404442478179,175.12820133529996
1230.8866463181344,833863736809.4005,6.047792313903145,3.4510663052477746,1133787294.1818612,5.394389367954701,1665.705793224772,15.877876954325085,72.68817154531993,142.05326781093945
8049.110569888577,496344593692.2672,3.702810637002192,2.177370405407273,30376011.204091072,3.5005597201349046,5918.981571982631,41.82506601232002,39.40843303554416,354.84633889046927
22597.88990945396,206154380752.4347,5.982386821919514,3.315267957332204,542283.79947428,10.003949935978724,5415.382729342699,29.59103433945508,30.0,319.2250415998621
20868.372084134193,585799669786.3773,6.733738050140552,2.6851688961172844,9836894.23237217,18.02501601053915,2508.9520780115595,10.166086341434978,35.14860873331298,236.886022736608
9614.092039631643,454517614207.9308,7.204256445246687,1.5732839681517694,493622.4383068817,6.346490614638133,7160.847805703782,46.342236935311206,30.0,338.1712004947785
14607.923655254193,771925655079.0588,1.7906767763492901,3.220670216160296,220109.19768556222,10.125961048781893,6246.30805215839,35.52926329286535,30.0,327.02941120454517
14400.333695844432,555576508626.8838,6.529255757325094,3.024423950510602,3408449919.123193,19.911321664805232,4173.850938054735,40.18665516091107,71.21621845064819,201.4854600082688
20804.069710245953,279423565547.5858,2.456423794456118,2.784975092658784,28652159.505540784,9.147844033831307,670.6498934067142,17.79454425314946,31.575307136502023,278.5774759516948
6289.107487165657,754393165328.2684,6.038704906445672,2.729174280153943,279861.762098033,12.583599446196615,3530.5659317683035,45.39343725309024,30.0,343.0064984742957
7761.493475428802,517747495214.9467,3.915806026400011,1.937670985311806,383127174.6731842,19.91213431423876,2645.505710823776,28.90881305162525,55.45569159065475,186.90501457558474
7893.743126767482,177547374731.7752,6.100656435016601,1.9289722583986895,234913.245817296,7.376808202521386,2106.938825887462,10.040745193263886,30.627782534799834,305.75671973016426
1501.314749406021,563072760069.6714,2.88985758930198,1.5583448567935856,9568130.404801512,5.494953354221225,5152.1527548601925,64.60077001518405,43.624836363746915,327.50079819667775
8209.85265058521,948320111525.813,5.6924396728564695,1.808274926107382,1417270.3907912993,5.690653988149313,7374.623939236806,53.94870566074707,33.90794714134193,324.7593190841881
22008.88752640617,705516555421.4752,2.3158415659026135,2.172962528593006,665505.1429312848,12.359415049888227,1180.9685467440388,46.95412020110869,30.0,329.70083329661816
22843.697365501284,298804062654.6175,2.603346059769245,2.58144979268366,46531391.4913793,3.2959410738376476,5935.6815788828235,53.543987553992274,34.86947472984232,297.8350934796295
3186.0659713294845,710873464419.6829,5.494002513569638,1.761617114995444,396687089.5539131,3.3321756559650475,4977.5018927791725,32.6566602627603,66.3813395714386,268.26790607452205
11722.434269651569,282607028395.8679,3.6890146957273444,2.615144360546736,27286552.837984484,5.239660063381685,5339.587740354718,18.612569228603487,37.79102890313953,288.94311570564525
9843.048088897158,542689294852.4243,6.074557475239755,2.0266402424235905,1270610015.943581,10.841661017629974,6763.032667372345,34.98489135715725,63.92364689730201,186.3754776399451
12489.300317273004,526596237191.789,5.953536330117468,2.007922249884724,3863088234.260938,16.891307484998052,3009.8763467958365,65.22149666124982,63.81079650249469,216.23501475873678
14090.628339437591,247391631520.92474,5.5406209366580095,3.3958884148127586,1086189306.0121748,10.608951342129192,4640.63930130549,52.57862218564216,49.448572850678914,216.1547475997045
996.3396204347787,347881851998.61816,6.248513518023065,3.4846890876769345,6059799789.851162,15.66369698402762,2221.8206297400357,65.38699241513268,90.9717307984159,152.86193904713562
21134.93507406844,942181512604.5908,6.660579064313815,3.122877193201855,4417533559.014527,19.153264110834474,2280.850864606929,73.15970579956983,50.579809220652514,233.89504470169285
24354.769792746793,250599285816.8972,7.424251336066856,1.6087839614668034,1454066249.1858985,14.813030237613496,4111.126879984474,27.476016316181283,55.102313467724564,252.1480645556619
16508.417894089238,801027242603.9423,2.023352891631441,2.9572634210874567,2905112.820964823,12.87363130309773,68.32819729514631,74.00995668923656,30.0,344.93181762028075
16681.079843087544,667370912641.5599,5.215068596059924,1.8568514635966353,744149.721692599,0.2134784156208373,1992.441186888067,56.38193219591106,30.0,516.2597508030333
13435.506516852356,532629599896.63196,6.367049418532606,2.6384426274417807,431575564.9327011,8.995806722069675,1221.513922655895,49.254473677402636,47.336326449478626,222.12840092619138
8689.698587002353,137515731950.29398,2.9101194683542024,3.2874272584181767,1689060366.3552766,5.397587260902498,967.7447436298918,45.22466640222497,53.53856682476473,224.62485881783778
4149.9566923982675,204571548135.6251,3.213537429350149,2.2603912634882937,1305021279.1950793,10.272834831645486,3083.1831727720673,42.81041464162943,75.46429493294724,181.59235043690336
14809.55189605324,178978444612.78033,3.235268238180235,3.357683370134466,165238865.12427837,19.024135112824723,843.850855222085,15.172855171486356,44.85014814649383,233.03944929469222
1601.0643859755728,586794672179.4934,5.220164314584368,2.916744434678625,1410395208.1193228,6.44292650672547,1242.7713595051143,13.82483002292847,71.84796413363462,164.50666290554764
20700.31290845091,973383223335.2814,3.8801086950267885,2.1020236267153347,343424260.75944555,3.257602416380364,5353.03814509267,33.168268723830266,44.722287606830484,311.50077894782754
10812.33663703008,877239385535.7319,5.829615810790394,1.68983439775888,212241011.38812715,16.526629081671846,5214.223568854236,24.248857564093576,54.95620822660287,215.0943484825192
10661.478491968383,25252857677.69432,5.466557932791586,3.130702569536714,170955.268051351,19.8121305679556,7560.695657578262,16.062808101579297,30.0,284.7682915975883
8515.68603265969,273727350735.72208,5.771226915169816,2.416118816985991,20061926.71882066,15.612416886029338,7362.983176201256,11.710608758425685,37.18601308020228,241.10278847532885
24249.170273115367,157258301679.5632,3.1400645092599717,1.645386976319935,147649.01973029246,2.8109202619058227,6992.783376970747,78.48715302576187,30.0,382.5552852662576
4785.465342882611,975677866220.0598,6.487913942849479,1.706244714270104,289634.46523777547,11.036362302496448,5530.725347515579,24.846578227402524,31.379993517764685,285.2904868796922
4207.0416261426735,235610998987.58044,5.816231079996511,3.43392276379096,50701786.90899728,8.133545520341048,2140.049001545123,78.92829212033824,42.79983218008481,291.89816826814604
4555.5217878532385,201313983725.6089,2.349222482104431,1.9860039089911323,172740.8966108479,12.686983200783708,1433.4803498705348,48.11511736214244,30.0,363.8816721659592
16633.923329843718,620875672706.9657,2.8011235406589314,3.433182355714759,3682153706.49431,13.388810354254712,7595.848392161987,23.428275766907618,59.373513514294544,184.0794652055806
24801.43530887516,556187027388.2029,3.456273450992023,2.862319159395808,17852736.123115342,16.151449668415918,7677.435630017706,20.171077763296104,31.85465751577155,255.26518853673443
6269.14167484299,225852257929.7511,7.584269800951753,2.1009822036573382,316106370.716068,4.839726013091848,4040.4319083622577,24.056319472363167,57.06024319425023,244.99378191200609
22687.62622815345,670365194172.3777,3.621274113427517,2.2674557484869577,548246.5561613246,19.2953367045134,4391.825288407227,35.464452928682036,30.146907002918248,292.2962909148529
7326.105700600224,97008114287.47784,1.6292140373245751,3.0540768882160023,1729721766.4695227,4.333047927796627,52.92930952308825,24.349406696741518,58.32599066699342,201.9389795439821
16373.548043069854,19370046661.826138,2.4205672947825243,2.3708299578507916,24566007.58833759,2.5257553322612325,1197.19891462507,67.96150306076774,37.157193463701034,364.1155154590274
1492.224322367509,82415708291.55612,1.7091168537302834,1.6495015553285726,62212778.52252504,16.585981314359795,4372.494445045388,35.69224377032208,56.133283009462325,175.91985619341057
12643.52237711663,364868861107.54663,4.118455086930908,1.9596282591393739,174751494.7970901,9.291821070416825,1462.5269931956286,46.88616552557802,50.341512602646404,241.1883376492551
16536.964173835055,975016352858.4895,6.681497106303076,3.2206899459944487,50060048.31000139,9.830093900465798,3835.047441691098,45.08616146251481,32.450535711076384,254.1962522062158
13639.8345419544,547247451562.3651,4.427832573828522,2.8923482739563062,65453912.45620992,6.408772500088123,6361.377269354933,56.16760284108855,39.04290220913132,292.16358458820594
6326.966929603883,754726348289.3641,6.953461876155453,2.5020322223495324,527978994.7304609,0.975943977638832,6408.215913807032,79.81810222363154,49.96099700864425,281.4148856857398
20798.17523256393,321496430735.8071,1.8089405888447931,1.9909913372312333,1077350094.2424252,3.9123416317138218,6894.649913640655,41.04940356179395,58.07046822377276,232.73381439755718
24268.34452533689,719339346144.2637,4.553198616940966,2.4491812301799936,3394926.0374588,15.244604539679061,1893.339475107516,32.58550733474995,30.0,296.4183257475807
11750.3043444556,966181231941.1593,6.615989918841236,3.0776981155550294,4076115440.4439726,4.526905899074427,3460.8592582185074,78.18535448287426,67.57119876337663,236.05413699934857
16080.021997136715,357761532521.16296,5.885694414750679,1.6630863942843437,5881436.270278597,19.853685045539308,5018.494899689796,79.83358569538646,31.991402072832567,307.15804983951364
19865.125074466527,999059435675.5903,7.043365991413035,3.4895356374704436,2299471.4987173397,15.735224062618975,4652.877715562227,64.66529174853457,30.373875514484908,286.9977973350042
6416.481985233952,638410312621.7151,3.279925705412238,3.219525087717871,3607049.5697167455,16.97937344578412,7992.594716102612,65.83689255334019,30.623733201388962,288.0873723088226
21679.034357255245,748591663873.3114,4.755530175872316,2.135931565696459,6202628.737264457,17.471949767283146,2217.4885155029397,38.51269130058326,31.73616301327535,299.62675511530443
7364.922180094939,252167986680.9111,5.899710759224482,3.2411534277644334,3842846.4278613506,14.392144200501827,580.0022087610407,47.72315946934687,30.482219679009543,269.3473845495703
19507.85468612335,643091126086.4724,2.5951847150321194,2.8634290598065926,1654820469.9178712,9.350346935574555,3109.0174701460587,34.62676980835682,55.5716839373801,219.47300369263945
3246.43119444734,511006740456.136,6.80274364540074,2.832708854198658,63938641.20286587,18.344395967359635,4148.928484076645,53.31965427706358,44.278914090664344,254.45905853296819
7565.474233647158,956402689074.7905,3.524555330141323,1.7794195378884599,6890121966.244888,8.55920916413931,3104.041352105231,67.80177096356806,79.12574837227284,191.51062684995128
13573.68838152676,904675143114.4677,2.1064974754520156,3.3117892814102774,262892.3065863825,1.9615906259025362,2561.719684777611,36.18462067066366,30.0,387.9330982484607
13360.591344755721,396673202252.4783,6.477058389432743,2.4006835938427504,117462940.96686971,11.949035798399363,2065.5027310954615,47.463531806979454,38.74096675283919,270.5087248018837
21335.56401991597,946869804668.4818,6.082616868257872,3.106455516679633,302079.6619883842,2.156017486166661,3425.600040796799,64.2478964374524,30.0,452.1879324666507
24905.117812145876,884812667937.4569,7.243918396348855,2.099047580718819,19690213.418647073,13.12499856256162,5516.724854076445,24.620394663288355,40.7154422806076,265.1871061989813
3126.665723573445,590384259985.2888,7.298485845341307,2.1160073312049956,8197380.846349682,19.95065881511218,1199.436705861111,52.72569985248773,32.78457399198298,279.95473733874184
7149.009254213408,82118826671.6315,3.310417599780254,3.4293783599638243,253439658.9930109,13.520399257726526,6925.616043789472,64.30305748441666,49.34040117653796,239.648515388551
9261.156150465356,160791079869.29706,5.66885803891583,2.4933198493268662,533610131.0042161,4.250514408695927,5132.566686959957,13.650349863290913,61.45424791528472,204.6930044597129
12233.500991345123,76875167799.55554,7.9942994751179475,1.6197814267660045,1550487.4679212375,2.8002972691610055,867.8903207614977,27.759776862426143,34.00902369572468,364.6810151661935
12600.788707282776,107994006655.94638,3.0847425649969686,3.1714132940641004,930195.1747855985,7.159904492005677,197.92151827097936,11.76803284581807,30.0,294.10453732692577
21476.77904713621,976952397440.7032,4.573698345631017,1.9544600446994773,12518496.222942855,2.958015063536593,420.3430479586504,10.44890296078703,30.0,290.90760995849683
19378.702918234943,212168087048.8531,7.4160813701633055,3.25750750561805,1621572.9924918942,11.415381399107897,732.0435192555155,43.433200538697704,30.0,273.6130077895333
961.8636864298562,690854891486.0807,2.170017669922876,3.332879755947649,241612854.1242368,15.672813950727422,5151.877230514997,59.047214737467144,63.98485762130245,164.30501310512162
11648.033134288104,636528621154.512,7.533624334115267,1.6455320264760063,38769325.8123647,13.179860015516713,7527.4435132320405,36.81275763844972,38.46977327744951,219.93298938728526
15642.809036980176,631145233708.1389,4.673011364651545,2.66485845514877,1364222128.1485512,12.3631108855862,1075.0945186093072,53.47612628944229,51.966905953331725,216.8416654405979
11779.691883779074,206704792892.0302,7.304765125718011,3.4630482111536924,8060467131.793514,8.74034933460535,2281.8154773831598,23.404066746983467,77.9586023258223,180.1911485141843
3700.8087726297067,579347015038.0151,5.538914170374721,3.3618392292917303,7772116.871816204,3.4959478679132396,6928.147580711401,68.54972372684834,33.33196673207404,368.9712732986066
10238.11505042088,625538724046.602,5.864331055650009,2.5504865721151333,3630643337.809288,12.773704074764963,4050.3306212658267,35.38134665221429,56.69687904032192,191.34200753477054
10585.564530678534,570405746239.7944,6.524407384281956,2.8609863905384714,768884641.198942,8.41598793643917,3422.7901598895887,59.50452394816811,47.97325184113473,249.158878549787
5099.04010001909,186163281113.21136,1.9363845978970922,2.7085240703181492,556694.6626878795,6.1439564671701365,3791.1167106155026,19.095945904715364,30.202242592839543,344.39996215840637
19029.524304538358,723060874014.1118,5.580494203757657,1.9065066924794059,1512312479.5655324,13.202761127680553,817.9521452766681,67.26756419856534,56.62444648678583,190.47643143505147
8374.316663490681,73244088673.34912,7.505592091017082,2.8059951490431425,25558570.593804903,7.60179414730415,1764.520938587509,46.26420619831349,30.60954552139287,303.9619163274944
14930.188618931097,591200420619.6101,7.71480420573972,2.1662823670016262,351402102.80291146,3.4081905850938634,7696.513591295455,77.91876678108845,47.727290935965,307.4333474176404
13135.389433489805,436259896141.9809,7.794089386021793,2.17594385839165,325880235.58504784,9.69609577486844,5150.964234626013,38.375959848466586,43.01614164837153,265.00897078580334
21996.963440801523,250287342846.48053,5.69791371524159,2.3399763218810437,2690469170.583156,5.819195694137779,2297.4189908708277,71.10996981491539,55.09148914273809,218.17873567537188
3489.3658306395355,807389181637.1498,5.616364512811622,3.204353766675438,639474921.4580283,14.68310012054734,7576.35146278141,38.846963405193705,60.160540392814774,183.68645576647046
3299.4437022097736,175893390779.61722,5.091022934052409,1.976691651523815,1327757277.8158398,0.988989483438378,3185.9871853183745,17.55246316645848,91.5629403568465,209.37350761575894
7857.831893513887,932981826916.191,5.44909683448598,2.001583333490867,4023089.513325246,17.0642367841284,1135.5030681102578,58.13440824608356,30.0,268.6233913508124
11064.766719082958,884565143756.1587,5.478766547490544,1.5146798272131043,7339857524.374093,9.253857984622437,7722.878482253396,22.8076224789355,90.00190906189354,209.7955820072391
7814.285094427419,360588186574.5358,1.7756537453909762,1.8100137378378724,203217362.33757395,0.36807941440300046,5330.793187853437,65.98965998512489,49.42517154039644,350.5580323790836
19198.083518683474,305153625705.6624,2.0776633585672357,3.4573585748098727,738683200.8413794,2.710581199554342,6024.995611438728,33.44049630222821,45.80783989380024,304.6541589395779
6509.013156177842,137487545932.21872,5.526207716467621,2.3677398910129517,1969728766.693569,18.91153771996974,189.8695195242205,62.94972157743828,58.23774417129035,212.99567350764707
2576.981197919996,916327899606.1399,3.5424067952501543,1.8903293846283569,415830.26695731434,10.763283014321058,2272.3320239413097,43.70082068648151,30.0,283.0806408522671
10638.095342161616,627532231291.4132,3.459265652564355,3.431363621513885,4808995.519516199,15.38247944381209,7563.967106518671,47.59035053014552,30.0,271.5931594708504
19447.79255939286,31784550359.82101,2.757364155547304,1.554235736073885,1512445929.5655525,17.66140541792874,1252.6487841379083,61.424219066552354,48.402204358419056,222.37617490574078
21338.76761787516,510999903562.1959,6.706954801321577,2.4683327732801263,4072958224.7081137,6.440092133647297,6989.086822134559,56.553903953676695,59.006216854729026,238.73071387884994
18466.948784902095,85799862030.43907,7.768135274184094,3.1092042712550323,603208024.399574,10.960994559234512,6166.038965365353,56.49506664251002,43.39135134237968,259.85644876133756
14168.22362324373,573751111202.1569,5.580427020778132,3.0456504092272763,25795542.019043438,13.023963039515747,3034.3549868472073,56.126159206777615,33.37225867661858,328.32922169030235
18242.696692854828,508962209359.0942,7.645229321441743,1.8784345309916388,1801404.809980213,16.839622717030252,7094.917033139804,50.968898585087615,31.47579668232024,315.3969540863882
17194.043614944603,82846962656.67651,7.245247017317519,2.9155793467555293,42182998.70569641,8.430783257991454,7382.428279266403,66.50244217928912,39.348805219442625,307.54202371133715
6241.9824961289905,815860777256.1797,2.916525359814703,2.7445772172917,9693957.776553832,19.037467951134754,6936.265781457567,31.001406231267502,36.021484674845006,279.72964042841323
13993.592858978247,262317914849.1005,2.497918357649664,2.8505524322985334,2680118406.8830338,12.162057628261977,3265.7659761770205,22.709477834327807,58.26330167740427,221.1357433447595
19379.928649641584,541484822682.33484,2.8753141059359866,2.0322096312554736,68600146.90041834,17.48375257801115,4701.209071864988,61.46120363897393,34.65193981688727,255.31243097151014
8269.456215940885,639039237591.6577,2.1253609951262367,3.1214687760635718,9127077.942268739,1.7129927717466369,2455.9707130605307,47.78801057073229,32.90822135888645,321.1923596981199
16522.342094564818,962304571270.6329,5.2887145854152315,2.6184750186174695,31074174.664367188,9.293679620054299,1048.3258734274377,73.04281385756246,35.817696007010504,295.02018818932237
12296.270474210563,493812199068.1531,3.337225278444159,2.9501560950106693,4654121520.063835,3.6244308162939123,7217.8741800688185,77.55597811504967,60.00521202909262,211.31096048972344
12827.391848152989,917315854972.1512,7.433958515884294,3.379147019772729,116491005.16009629,18.24206841838221,7849.439944833364,70.69938041741824,36.86654449810583,242.77450682788137
2706.3484256629135,354857986490.35754,5.487150525977032,3.210994545781057,1396037.2307145225,4.737997021100491,478.1028476035956,48.32912621763677,30.0,351.80448828131256
16822.320549981807,857437344212.7933,3.8374686124967536,3.0646749410538803,31651033.471734673,14.273953667603099,5505.022895435459,62.78874967738838,34.470400858636324,269.13719016868436
21709.332366185743,235826991125.1898,7.9001641077684805,2.0792974988625255,21295663.95214245,1.304244219894768,7594.496746038111,33.40331678567489,43.78563188332164,367.0318467771388
3965.066556633639,707480054955.6553,7.695764223297157,1.608166225316235,3564686.7802042016,4.056850585745377,4867.262545959515,11.033301401463433,40.17882180168381,307.83303663384163
9469.588724303008,88612905143.00276,6.5609990295098015,2.6492889259788326,480283380.58382416,6.431056986195276,386.29453354194135,64.63288628688778,46.30121105560301,275.7647002867041
1692.352643600458,986050370633.3026,6.645943890357627,1.5690261064387825,2195001.1254427102,15.64837279058732,129.1614432764202,64.7048534285185,34.96671854303563,283.14569524201715
1225.981206421582,953936445925.9681,7.852255854909184,2.9283795484374244,29023178.630074438,5.060777162919341,4037.778174068531,10.562693286379952,49.73622519540363,216.05944399955797
24746.633168457724,442214196303.7392,5.402965447159742,2.9736433425925415,16041076.673493199,16.346843639516393,7520.160615601784,70.4518043321616,38.88795093377798,243.56086315501418
12590.051953506423,523935694055.0356,7.220129020657055,2.6258225224773213,21593017.47503088,15.782784743190042,2238.136120232154,71.70069951019826,38.935177212405165,301.16752858696606
9210.215956563536,597775264543.1598,1.9213801949499394,1.8363038250826857,68214670.76475473,19.844456745739052,2809.1066537214524,32.445180271905194,42.63123471732621,288.910643496709
7234.488377312964,275038284652.11035,5.101406376453095,3.2514428691367527,260907359.93687668,13.558952767973691,6369.9928165435695,11.207237059271565,52.40506220571212,214.88932578060923
24510.3098011515,674471760733.7274,4.76635620654411,2.691842464009544,518799.0993065974,12.766880629967076,6415.277007105421,71.32143093074447,30.0,334.07864203985224
6680.14424528125,698562248042.5693,1.7452051044355186,2.5297839001482196,2764556.7441737643,12.050641583184538,7549.675834819862,14.936264162258372,32.22465334344884,258.508180237763
18279.85569557471,525076967248.7833,2.065187904606865,2.6351835190841095,731448638.9808197,2.236901807035733,6710.988387698844,26.25430820616638,52.42484815693856,273.12225273739955
7452.0733472453785,147741544744.5252,1.6419530061096754,1.6657741736272618,3457217971.705424,10.288781704975722,4755.4292697352375,47.980210518667874,64.02566172903862,207.37287974492762
2226.9928812445182,919186024705.6561,3.4110975291619012,2.9808741094778526,167218.7336488044,17.037083578365714,7510.649255850925,67.15741909165683,30.0,317.58797731041045
17240.277055689563,115045967300.53293,1.8478229918557967,1.621551167778088,232716.87450627028,0.46609316946799156,4919.200416381344,64.72722576867781,30.0,505.93044735905585
539.9557669316894,629172539538.3427,4.25053795094521,2.6567763170318166,4668188714.041585,2.5767696247199927,4816.61754583576,57.68234565083692,108.71542939928798,180.21406475581952
17055.838533233953,103089493521.15851,6.782851673923964,1.8385141741409088,549167.0515635444,12.030957788578833,133.86530039576968,68.00726252065553,30.0,379.9052017246855
6634.226675250667,146101563032.21347,5.489893754837137,1.9154038779326679,7878538337.922761,16.94796628320318,3649.1031158395153,57.980198154371294,72.21353748598344,167.84566825719796
18779.55368575178,20539293490.51497,5.879634429928125,1.9665085014156787,1383918958.9459212,6.181268649570531,353.1799102382136,54.63822333594335,49.26167329090014,258.9090604907044
19358.87910009091,363364720492.6757,1.7047934662126334,1.5286112769769173,401348.9510307422,17.435990918714413,7191.168820498961,21.738862148860974,30.0,274.45023854517234
18240.627351029678,639582924839.4734,6.956921341663137,3.2836776622273547,325555.67189690506,6.783656114611435,93.66019700109067,40.79451816706226,30.0,381.1803605450309
1099.8443159564545,521544698188.6523,2.4502374659894395,3.1084705429797146,7699892276.542399,9.335894632643958,2462.9451988268174,41.596759824461444,84.65271539710308,139.9701121493265
17741.547181272326,674539476709.3345,3.4672306942111653,1.5625728953328644,1879810.1853834344,19.062961809338834,7960.582327238871,11.294886116013938,34.740603280495534,266.46948112410024
24758.567544366197,675019185852.092,4.859160317067012,1.6139721759989336,49355551.40806367,8.38096214221394,6362.569598055191,38.3863320620859,43.64355453004783,305.66388329820387
6444.321528877761,140174603820.49466,7.54495730158553,3.065753694953389,1517674.0760585177,12.009651057983897,6063.775721027392,25.89621820193335,31.603172172698383,246.37056179668042
7218.845019520794,57338346084.31214,7.987969594427508,1.513606575139402,100779585.00238863,18.712540802099415,5705.917004921257,16.27674322423203,57.409924909945666,184.16700876261592
20431.400464723218,625358515076.5294,6.587294443539164,2.4379978274162966,1585414111.8634822,5.324424373447326,419.41176973029013,48.24246601521701,58.90544701430611,264.7921041952675
4429.721723873974,653224651750.9376,6.24054245422855,1.714594508588616,192551068.07721138,1.8841218048307442,2312.715269366937,26.590821420967014,62.17363110952853,280.9507400028026
16684.300049861515,556704178437.9694,4.929935149628206,2.6832644540371167,171034.33158322086,19.16269594314975,6389.642703177951,23.326479012275026,30.0,296.5546075963813
18998.146248764173,245763220561.6044,5.826577696994553,3.4966808357688146,94612107.8481396,11.218600578311381,7165.46003540215,65.0756571595144,35.55400442372996,251.55839321151464
1410.4362145742507,810765406217.0369,2.438757140284299,1.8440430310829632,201875294.3912788,19.318518725981875,2806.947110140458,66.70652534356645,58.00464011416904,206.24137877164847
14067.17130949804,75686939810.2416,3.2497747837365205,3.413367694718791,1010392.2500224061,17.3415552297296,2082.7357519599714,56.25998433787544,33.63039592666491,353.1978077456736
14608.99283412913,632312157009.5701,7.900178612731049,3.2309570878718903,646531223.8221289,11.912798790831255,1894.8037239324067,23.276815444544845,55.469580613733015,216.29081023136504
7934.350986098958,120412415467.83626,7.8674976504459995,3.4717099362875623,136290896.46294415,9.45324644289606,4389.030457923571,54.28854383300348,43.4015684674563,251.2186033081323
21970.444400239172,654448061985.5132,3.5993205653082847,3.032377267205037,111618.42373824121,9.630992041103035,2338.9798494617385,59.9325693696008,30.0,355.9937566335848
4487.368122846481,417726370097.7086,3.0668157217151357,3.21398850290625,5659464826.102381,3.362029085653568,180.48096972591196,26.331691380493044,76.03077059611954,199.93796639833414
9422.770382893583,718103337334.616,2.99186748631322,2.6891952791506517,16900437.675046735,9.098562254757681,3132.0915917672114,19.306045703372938,30.0,301.0831348996481
21292.38283510957,52193150284.7322,4.651618492777297,3.234568162349025,1451759.879196985,16.443552383356323,4434.330661047303,40.346917731724446,32.62057742874087,294.45400730364537
5170.747536846817,555083433397.3795,2.9544827686421864,1.7230245117588252,269766.92998385936,19.77632489739347,5077.6020565142935,39.70148373079489,30.0,287.63384260255094
20623.666340028038,144878754002.18076,5.715228111579513,2.983308608736851,7449801.446529854,19.208824174630635,2750.2081563100783,20.731211083039355,31.34022235192999,246.79304329748146
2437.194845514915,682381949228.8422,1.986328773800579,2.7574471740023148,3458163.759894096,19.245462880440044,2517.9974348739893,23.4200458576756,31.98519429039966,232.2727230859682
12486.112146154755,119956511356.0511,2.1739019457249737,1.6196929654757295,3088628.7342514643,0.429267215684351,2278.175237454128,44.973204359742525,31.411977545951196,487.959323936544
2345.6012299197337,73584249368.60287,3.300072787082704,2.0831807426973024,924710324.543399,10.339652545603006,4990.36980335557,46.91958820827705,64.9362694491159,191.64235831657646
17108.6378340071,713123085060.8143,6.553381016959784,1.9322136007450397,169670280.3775046,4.0426157562148255,2276.1665276976387,47.65010258675129,41.399660222785734,303.49802082531227
19869.736481862205,63532871036.347755,3.601382003773078,2.310350901597701,462663.30370662815,12.324920317994453,7335.654002911269,78.7423504537898,30.0,327.3626234356352
21321.53443204667,224531593400.69815,4.560309084845035,1.8967066830474628,347032795.3318918,18.919446323583085,2260.6821694480573,12.77255913037944,49.24667608324381,224.48453562633566
24540.925143227723,824735372390.475,5.76804329905968,2.04965928830397,414390725.6787302,17.539188656382493,6329.578476616117,65.04033368039859,43.081907218458355,221.42300908882572
16964.385196339877,809688498119.9185,6.62550949282433,2.092060270485692,37268606.22795882,17.338320411704377,2564.651055704665,34.6265602880117,32.530455469052235,233.62287198516216
19342.016889080496,854125903655.0183,3.496208637960242,2.699621790249061,9524344085.90713,7.346082234771878,5081.577704721272,62.70351867542788,61.94464790639198,210.70772571683963
12891.077818872569,326100563488.82416,6.251301172567444,1.7697475201402733,2614546.4724909016,10.048367515710344,5595.135647050753,61.48080868211418,30.0,306.9411170636659
22862.054078937592,528048500702.18054,3.359438128283662,1.982202469444216,196009.9831784673,5.6747889709497965,1403.2430653761821,53.38917511067413,30.0,369.93067715298207
16272.080363886833,773347579258.7993,5.689030354382937,2.1342961219601975,139325.6413017928,11.099393901251098,3045.928676508212,54.180792313729306,30.0,390.8299756413124
22147.009453157913,136986378025.56546,4.4307209151654945,2.3981358765521454,4006270.688326642,6.10258778050836,1029.380242376172,56.451759004862176,31.66893504510544,327.91196818628896
6268.574416840081,724391154824.839,7.523080825778916,1.5761772656599662,30873783.9295154,16.18418912560315,4090.1385865016896,62.33212779857187,37.063213339326495,255.50226878002553
12670.075627592576,97487251908.30522,7.883607010437327,3.4984229041455226,246124.75421953015,9.315165514722981,7276.270740935786,19.213401384967227,30.0,303.4398120716268
18380.563566063196,913250695376.259,6.531800199986899,2.100784005104051,67451722.69350463,14.022955847225555,4773.924327756983,35.25871940383132,40.083597678555975,233.47175892090323
5466.68298678574,637310545201.4434,7.450518181682306,2.074689721471225,3194131753.611497,17.459710773317703,5616.2644270385035,68.94060423179906,65.59927669952216,182.1935050945228
5677.824934918468,493305819384.4432,2.387277573157242,2.609741173182375,964526298.9523793,6.029994366094812,2271.600155408546,48.35189181097477,54.653026586323236,212.8431002829799
24462.047139938117,484729769937.90955,5.7540157240614445,3.2080643586442323,230325922.68856803,12.460725676036386,3751.1221994037614,19.58550006131943,43.499364204836944,249.52283981325584
11147.953838061549,181362866482.86255,2.7893916202206537,2.4136187361215944,203544078.64381158,16.92397318103672,5928.822375240022,77.31541042008814,43.638036416674616,248.99227316029294
4954.478596632405,345918026537.28125,3.300295282320914,1.9976784016794917,448231969.9454627,19.01711533599208,1059.0988568516025,79.1485535230273,52.42228625401454,213.95223163597964
8620.865108546897,727123938193.4838,4.898351067901583,2.631751006390709,29582298.936707012,3.3031791898559644,982.4500925067914,45.88740486073139,32.16286059061175,348.58461243536686
10235.715632515177,540944079910.76764,6.322917248785994,2.4658851000514597,10209373.45514302,13.644333465243234,1803.2324857529115,47.323584901686225,33.64949484659958,305.86456098647716
15765.588808020419,529306674794.0588,6.189711482270606,2.3461496540445914,3414110.0466394685,8.732615264942211,1902.028522421723,30.441680607010674,35.40193247001932,356.12979717160846
23113.859146669936,195246699299.68484,7.151485722720781,3.4677659015684466,314841.3920907575,5.746185777233232,7699.559491981269,46.13132785760564,30.0,364.55465564294514
24671.45686009123,690362621591.3721,5.135286538822816,3.49190052893713,64686361.73871123,3.196703687638773,1277.2813561696514,77.81493592831963,35.53499924744115,336.85416935484636
16466.619593322255,392034509027.4492,7.521227247032231,2.623887656915188,23045727.423211567,11.728343659662427,850.1868957483077,27.819816307129436,31.91489801351784,263.8083055986513
17648.097839544254,182754155685.1957,7.2712758719654556,1.6360078541436218,393110.3485572515,6.715052095495286,1110.0832679739267,31.32318045779284,32.04490698848857,345.01079201120643
8384.814657566432,943784807811.5776,7.018873681623187,2.633835160965786,2194566.4867255213,13.375476566371498,1631.259240281539,72.82507225220384,31.30759376526085,355.95179569335363
21500.38558849435,506799240066.8582,2.99188070072827,3.4049442967657706,863007462.0807451,5.65588660971151,2956.069697177074,36.90767007551473,48.80449683406454,285.8357686975289
5836.059212897715,528037119475.71796,4.954411955716778,3.3513850613893705,1896794.3384865525,0.06180078751946802,1585.25570924393,78.07691114952209,30.0,546.4420924466324
3106.3259081187057,981371928842.8959,6.2855378807832505,1.9310016988626453,13446080.7550162,15.356194278042485,711.5234267132688,34.47120170824337,37.32779790678526,276.07427402188557
24344.771757392446,366406770764.35626,7.844666300989834,1.8802389640605688,640528.2360840751,3.2684772401624484,1101.5797956495264,10.324262690021142,30.578292017064662,346.46201332451665
21671.39758210304,943020741541.765,1.5757072792912168,1.8045117100231398,706696.6945400492,5.08744203403046,6319.447508950344,76.76080629279436,30.0,394.0980305118398
7939.305796184267,694925666210.1189,3.6262444706431416,3.1395686988246947,604962692.8920667,4.745316425464557,4165.403619630109,26.589185432922836,53.15013442647268,244.43291231967854
17041.682551335707,633095999649.1671,3.725276641808015,2.480110113978947,215462.15821831473,6.877708268501072,5969.589961976741,58.58843374672014,30.0,360.75612142678773
11941.949756623388,234419067524.17865,3.3754747035820687,2.1760931413184914,2661526.040243145,9.732571327052575,1421.8283071286853,13.316847642607218,30.0,259.0890540241717
8416.641050564038,51756620632.11772,6.813257948459143,2.1496143376794006,8020887960.56901,16.25842144979247,2448.329738184473,62.377704024100986,82.28047369515025,187.17248941573263
7525.968163627224,437784400501.3005,1.7929643381821265,2.0508264859087757,23958772.816222638,13.02188845090102,7858.620540214245,25.404830049565255,37.74295911810076,230.38705182018808
3832.6724079122087,10171951824.763096,3.836325875055012,3.2652395482288163,107415440.4727819,2.9626660203325366,694.4887557163127,66.01759177400456,48.995319792360085,296.01229375148284
13958.293015758061,71003439767.87267,6.125949953794229,2.3193597854942105,159936653.2033551,3.7143371979286544,3514.9763667577513,77.66199950153667,40.18259028316844,300.9278776441815
11441.618907878941,595327160367.6173,4.143808174195392,1.9880354712837618,956518.5493487129,16.94889985253117,2373.207243496245,13.165849844296787,30.012133598768102,261.27654946073085
13048.567297348636,724472108601.1943,2.436413293999621,2.920809612130557,7026037.603912614,5.034616390099572,68.60242295958182,35.75944510941082,30.0,357.82573608439986
5776.250603245409,167949163975.945,5.470541072934068,2.7709091137835964,10081686.507324241,4.41272808811482,4424.090447402627,60.10449596254431,30.0,325.3980235438795
23495.96143394457,732500680173.3612,4.896966536558523,2.9307311091881907,1423691.8683248737,0.12122391342315143,4404.542361218694,79.75046794185812,30.0,449.6706225301596
16145.484310098267,949725876868.9252,7.881952434753147,3.1439122290597297,1478832.749564357,15.492810794654877,2570.480436732298,35.41313026140499,30.0,289.0692424895324
22540.21610589175,743176337550.116,6.36542042428786,1.7024674291378388,109482960.49235149,14.782113914129603,3783.345888291974,79.64858581786235,32.486454663439154,268.8827366392828
3177.143567802508,784715434859.8134,7.910143920996946,1.5039774829002894,348640.59578341566,6.98490227690062,3141.6608108668534,72.94295270409921,31.050974324556176,388.57609064833963
15759.848663476283,700712879555.7915,2.711292167254011,1.6011324823123083,442310.4829880426,0.1959312434733425,3719.0035713658935,60.35182841911714,30.0,474.2408493016084
21311.81455678195,224738215717.31073,6.450367560306366,2.913586518297624,73537734.15844722,15.722227991364042,6785.908043784201,36.732777687078496,40.899340604772455,296.99300289592634
8607.559105454433,360890581265.89386,5.085648428049458,3.368993080499427,17647790.341318056,2.03233598534267,5714.646724572786,47.58405342297904,37.984149418570944,367.9447181798238
5281.007643831666,949267013502.8545,6.131311744807914,2.162210764032734,114727446.9156542,9.236335315985512,2249.1545446251785,60.42427385980993,42.90430400410736,254.65354907249744
6993.021992237682,661210917759.5397,4.539084506301281,3.062388332788887,136394.72417535083,16.810944958895018,1923.9325535803684,58.0010198244416,30.0,315.52278392423244
7186.876305370075,789024944909.3383,2.8805403281339603,2.9583690217373384,334640604.7255675,4.923428208839955,5804.489045432024,30.1880021033949,53.353892324148795,234.85011963387848
11456.374640626611,968694650150.0585,1.7972883125233092,3.45612315857184,1776021460.2013514,7.624390508198852,1803.8732155227829,49.00523010753093,52.208449168253644,239.6655173997921
8486.108268093623,231437689075.7452,6.948873672623518,2.441586162979404,41754327.53624433,13.234082312373026,7261.611052309063,68.45173391439576,33.176509564089024,259.9982466385915
7146.214781345787,321687345639.88617,6.796254265813285,1.8321459345737878,1600300710.1581092,13.479596942333826,6664.203786019707,43.25529175901337,68.84564804806851,189.81359098919063
16388.55131092588,644802008032.8468,2.5565082696111863,3.0304628011754846,9961236.78426895,9.280992219128793,2027.6271900124145,49.63699547390539,31.30268979829167,279.1078253736135
1799.2931059611692,24358449426.53354,5.693675847034963,3.1376377280428787,248096.8750557239,8.703364561186087,6413.987020916533,32.927425834202516,31.68072385588278,324.6349859802871
8838.912564423385,571219506114.6284,6.295269053459049,2.9146001514098305,7721840.959980244,8.419208657635528,1538.8666498638631,21.207186152263596,32.58820737701606,291.377821492011
17398.923165541633,808688570826.1193,5.1245624699777395,3.226363346559558,17054615.85411154,9.746352468618683,208.63949223888196,14.618573932420805,30.0,274.03202511588137
4808.3188573846455,610443763380.7513,3.5619878701246845,2.242365166639809,2126613223.5588999,6.965568099542928,7689.353638396698,38.42389074329894,63.95591279871584,188.39961328991572
5912.7326242163535,295393988502.82697,7.226148364207661,2.880630006447098,4716095.227830893,5.165468301412944,6093.191808494202,54.22388803438444,38.34190493548563,305.5333160774077
5416.3323226164775,724104359231.9784,5.675864144019299,2.027697278326124,3762739.2758693714,6.355225093244884,3917.2971019134975,63.200987911712225,33.00530672564402,335.2292020388345
522.6896149194205,146032478648.3209,6.181413828090028,2.392880291879675,2754781592.8960905,9.581457290450867,6747.243255014912,15.883803949249817,125.26068515535918,115.71050127208713
12107.30991987353,894773574505.0475,5.738744441765157,1.9849843383112364,1798166.9714796213,7.673710454679955,615.8125043626371,32.29414461167873,33.22722699054474,345.95579124004496
1454.490340695018,100915930125.42436,6.188376365303071,1.8090673452962902,163016917.9635474,11.731483340224306,5920.062679428274,66.55337177994795,58.27118773409621,204.46218492935023
7187.025388485053,863491270271.301,2.4429364420738864,1.5719064960039775,4297031.769650961,12.641266932186966,7651.042615771922,17.85787464095397,31.425944503799606,258.19152163496466
24872.683902503304,497809929926.80475,7.496863589023537,2.842848516384668,5718464750.876465,19.92306708355124,6550.539581388983,79.52963764038418,60.076841842619935,218.5325933220034
23000.707179062345,428647574840.79834,3.3577701867302605,3.250546176554833,887410.6379375128,12.322630867681161,3459.0889281596023,54.28820558911048,30.0,327.7633244723352
5769.357299830188,500662259913.6708,6.937582949694726,2.1288388686225366,416573289.15870005,14.705931926069313,2777.0243037262567,75.80123188235379,46.985457419492995,206.95274345371897
8095.059581891352,200207102886.6181,7.306997326629942,2.3584707668954543,56275653.421082824,2.0057342037200683,7140.403146734662,61.11968562726004,42.62875791581331,374.7663992566809
11860.762265579511,457686121873.2341,5.732953443290268,1.507093896605147,7825986577.623744,15.220953775744608,2339.141329785722,77.47144229340843,76.58118561978944,153.2365734031379
21188.131893151465,849719966178.8427,5.388954953576844,2.3257095450628977,9338608930.594906,10.202624523460104,7500.210971167877,56.57329710669938,61.075093800327984,222.27171059935125
20164.825564130733,800955441263.5568,2.2088133726152765,2.0626442301641688,930016175.3775258,17.337833860090104,2565.597471514949,28.765353939032362,43.579325875064924,218.17313328616186
3592.915195873913,163049371442.7948,4.335437969517584,2.6484000602492026,329063.9662943012,19.419629753540015,1008.8683492550726,66.01902101672817,30.0,340.6852847282507
3548.9967845346273,673421304708.0836,5.475688500212922,3.317034365702124,22132716.52529285,4.645793912654818,1894.7600777941252,25.82488402338197,44.99187634874174,328.9223747720666
10709.940220404094,856837408128.1604,2.032150271138023,2.512305138243025,1873116827.8742788,18.57706848273177,4160.67145011325,49.55040431600385,54.82861474915734,194.21253558400983
21817.337045537417,819767768851.2207,2.2245030746040357,2.8510653198057234,155745840.01994628,13.449235494623446,1057.5372414921228,36.112874566394694,38.50294418322433,256.74082275481334
22111.082477839806,425633017664.7381,7.957628158196858,2.91096567961124,2482258276.4931555,14.79531735601065,3045.857674819691,65.93759125184066,51.28492512558836,235.01085060456967
3130.4633173199895,48093792253.27548,3.659521981256865,1.804863824349493,992729779.7630213,9.473603276953812,7247.786639076956,63.16428748901633,70.78873159188456,175.10424785841604
14570.283555156013,931169491804.3262,3.7732611673925653,2.193141215623652,3671152.311211309,7.128131961734796,760.1622647443717,70.47260113654585,30.0,332.69342732301635
4314.042329565266,395885719962.9461,3.134939478899298,1.7262911025299918,944771.7458067107,16.01067883828384,4920.208354837525,27.28630959481302,30.0,270.5012876942707
17310.168095068177,360977276279.7065,5.6991285017128,2.3814932075771806,4100336.4768473906,0.48833727540772287,3236.079412292174,79.82894404694478,38.42245949186286,410.2729251368452
22952.61457425821,759515184963.8685,4.5749932642441795,3.2745713632194873,301803974.8503091,10.834884777672018,5183.164270755837,66.3759515545963,41.456687462492404,263.52079965699204
11641.847665652043,263972951519.80704,6.637801222927777,2.4618687014748275,25428742.30666498,1.5229039988652397,3921.968639409348,37.069223413232294,32.75840168555947,367.2326610557735
2535.527979955262,834748088419.3688,4.831216407062614,2.4123059664378528,165668.91261229786,5.129964913393984,7014.873246629157,18.936462049884874,30.0,343.57615914329756
14691.727799416365,76052484767.7548,1.600203871844152,1.9186470915905032,515685487.30297905,14.51772240421725,3225.9611137237225,34.4597876915021,53.22305533745753,223.02248600766012
10508.65841832844,740711460005.0101,4.637468037124171,2.120434560174112,167295.5281359376,15.107035308679476,4072.343780100687,17.43277159171082,30.0,295.6670113332734
20367.019432182027,965789524652.0411,1.8587173888660347,3.3731991450698167,11130670.030199934,17.786414509282228,1049.7950582013495,53.0760528583281,30.0,282.00194997810485
8838.439366196499,995768801105.3767,6.874111473129277,2.1059906485240836,20484335.04492505,14.322972827387586,3927.549662776657,17.904567678736235,35.70388869936568,222.02778222428216
21934.981411578436,923804436259.8063,2.2387775524005544,2.9627731711000322,32744190.45700821,13.511182223099372,926.6994639644056,40.1358840867285,30.252723878752118,259.24405401023677
7205.65998705223,870762534643.904,2.9102010972778025,1.5842833298289516,495968.8960373363,18.905090082988654,4669.207677366067,56.72972175237014,30.0,328.4692621907422
4359.182079272806,278880945577.50574,4.489774078166388,1.7566279201889958,548214990.1736588,10.771321574485203,3424.8761233224145,41.7149464014447,58.2667120021304,224.7744367700531
8008.769244305207,966648395981.4014,2.768696360102694,2.1229558326097964,1765473290.559821,13.094938896517936,6269.134317228464,71.71554428096879,56.59371583073805,192.6717849281629
1355.4368996572894,927896665917.759,5.004929741280705,3.3028417227204505,308675925.49053967,17.367853940793882,3353.631049926916,26.86947907952539,69.68042189123148,192.72704472252818
7390.526188418912,534372972652.67957,4.494539758903585,1.9385833097581047,5693158444.667866,15.285718166349357,5048.457398269118,46.67244047608682,82.04182459359926,157.2831158728166
16672.88203010975,402078252316.0252,7.691396970962377,2.953489220170016,1938666.906676534,15.410014701967746,481.3490366260474,73.9226537280816,30.502600347611136,308.4972589620938
3985.932974636512,109268144290.93466,2.0744281616099887,1.83504893379938,636283.2188558135,10.758278147595085,5683.047508945742,34.72398677998319,30.0,295.95242939055606
3228.4418332714054,590634487191.047,5.2487583137455776,2.7256840922362833,217008.28030857173,10.58050389738813,7659.895919473966,43.08966432703653,30.0,309.8371763281521
3743.4396357315845,700546247976.2491,6.182597462685894,2.6736564615025626,405133988.45728475,12.991698477597243,3587.752066943043,75.29913095606014,55.06534781313556,207.01432377083785
2400.016019405926,403997179184.9458,2.329575558863066,2.7438958022793445,646452.103055986,14.025900488426569,88.69396640453353,44.95195301512237,30.0,326.7819456238526
21928.56759015202,406030154600.97125,5.63700383042311,2.072553043325061,4908029039.953649,10.944731728482006,4833.136779903184,70.49687417444824,62.180213626740155,232.31462473856232
23630.82032966494,573311817402.9131,7.11755385210387,1.8242059939051658,98118834.91038814,3.7500654971899814,1169.9664255521755,75.83222397536422,39.80576344697735,295.76873020837706
1640.7482173552637,27785068123.06589,6.619111682283014,3.2729714982740967,1048765352.7939048,5.0058121668971935,3749.068075047476,27.927162573574517,88.38759393523006,184.79690347208077
19121.758647816736,957865938520.8527,7.578609487788877,2.6388878750029647,14910495.13137794,9.886848482456767,269.3206607348813,65.00885388828857,30.181659500706072,346.8678452961383
18560.217794571345,289906417191.00226,6.183807028816141,1.9240863394418761,472312369.27547026,4.121094025508131,3548.0650023549356,55.76284807337586,50.98179860347052,277.4584907010777
24924.28090294599,140891720878.01834,4.060914392870064,2.3266581063908705,16529345.479675503,8.498573254192861,6997.141985201438,79.07034217639253,36.07682789140035,293.2132218857036
9022.831212166171,5489390646.194266,7.482933999840271,1.6341829858504138,49410476.15335625,2.985463372798476,1091.7402007145658,50.989959286422206,42.09259333032209,301.1248612331838
7494.9702964151975,856891684494.172,2.9648189894962047,2.4507522332047484,737749060.4714446,2.9673370409915276,3991.622526943541,65.49439742111126,55.97838739595254,310.7139985345087
11600.511959840767,863207512592.2933,5.294064810412593,2.3477815523659373,1551557.1525377948,16.872142701592352,2038.4378759308293,34.19851124659346,30.0,326.3688652380348
21486.091840155168,95307509211.10559,6.47677664311535,1.7654524747467872,2645742450.4798594,10.86788740546673,2095.6348446896673,52.44740354678126,54.474542970492806,217.92215707011502
18350.544242178523,152242150647.4981,7.169827585470614,2.3887446703650865,381499650.8719818,15.619676001087399,5149.991657886165,64.50062406804815,47.6539719004636,279.2332683673439
12054.783442203818,447902783355.5367,7.457523852110416,2.779064679185412,540381749.4503466,0.2802105250639251,5988.734951583206,77.68393381931821,42.41123483255339,364.2159405553988
6491.789660503893,185704987362.14252,2.0523417216353605,3.356980889466849,1551725.9874339802,5.748337788269395,6987.550004600607,27.628863067861424,32.01021592866633,304.4546404966087
18311.88566107509,735821401015.62,6.219384601452268,2.9063703879190492,282251.92770850525,0.40272873205251264,2233.1871726256595,15.522634669229411,30.0,408.17999455626983
21435.908267033807,58040687665.97664,2.8266779073666006,2.504870572739519,231356.79336494993,0.11747380185480853,575.502132473061,78.34132977048534,30.0,509.6119422330917
10298.805161153527,549709782676.5337,6.564276369664527,3.0401022357222844,171823594.12359676,0.6887272683347886,3543.8347156361638,52.184916016479136,40.649136367059114,348.7127632652088
16880.343422614114,382792182322.339,6.0544832575684575,2.059870562701691,562356.7497327841,10.45440894284912,4680.884253860421,11.207560110366309,34.28779680301213,280.0502450862508
10305.194518826655,464947018745.7679,2.678790330902017,2.8375631968897785,9907344211.428267,1.8619000036052238,5919.248892442121,46.39926734262575,71.33430748457775,230.8956451646175
12223.089234466379,424757692938.4841,6.913396120726935,1.510124333596949,6386138089.645612,15.97756108371267,6051.012781939833,75.52303025494238,74.50371360835389,196.56072083962255
13360.304308895384,153160029375.47113,4.50162722612065,1.6451022608990509,139921.28494171682,10.347943157367963,6910.301623982769,78.90972817621694,30.0,340.74020998917575
19505.28244354581,220282265027.07697,5.035064987356783,2.7485312729235654,421976185.72751063,4.9447935739231195,259.00246504082634,32.79978151164147,41.48396023172851,268.3246342677486
24448.896611158812,64808634102.727684,7.814124398032534,1.8850991487759194,2013076.451416848,16.781210022641137,7848.174502114866,64.7336368264976,32.48322954496694,280.3588163876689
11386.970984636693,115286460013.49594,5.768066318875443,2.877459172529429,5064060.955043126,10.217271402856802,7734.8572017894085,42.108899011084254,32.65229810175082,329.348263868984
8886.717653066346,977894844524.0925,5.325660442661053,2.773506529007641,1590567.79634406,7.048440813451106,294.02100493727227,37.86068537454237,30.0,352.0510074017641
9652.979658573588,279787531890.44025,1.6089580203644898,1.6273334988158494,1421438635.2046375,11.380615404566301,2513.231305553718,63.07354083843481,69.37752590635914,241.70860828344996
3780.28219969195,307026232314.0249,2.794896428110607,2.2849933331893397,2942805972.430455,13.468544225956132,6126.685559955483,28.897731280163434,65.17447438456465,189.106239843053
7774.999076534207,127107203325.79062,1.6726752368245954,2.7260043966139116,159223.72641566975,11.19813378499286,3833.2979370879375,39.84641000143444,30.0,303.54884488414353
2617.9616250857525,755164449332.547,3.666530767154972,2.9269632631667166,2239703.6918982216,18.659066443099416,47.08740315375663,27.25722621857121,30.0,313.05224655155075
10983.409447891556,924142886044.4718,3.739304294677605,3.132168321053495,17518314.208817735,7.111775903127412,2844.179147839849,19.984633249726436,38.86160810173232,263.1489555340191
4600.253098120697,789750747316.1139,4.947145457546986,2.1608858033300518,40654643.577233516,8.228490739377563,4635.722162592177,36.55092258363085,37.97294616720229,288.72594884649146
8986.965276373012,612616216818.3424,5.983494905451362,3.1734320845095687,274305.4211398143,17.184146318925926,7037.845191885192,77.14598723059459,30.0,340.7041197215253
19942.654860094353,813233102377.6606,2.6657436173260356,2.2085088520112883,1412996105.6014378,12.767876584930479,6635.719612242321,39.32168526122482,58.62448723187525,188.409016134254
6525.227439433832,404230828702.6255,5.4107537352633255,1.513973682400006,4676269129.18208,19.327021648909543,7571.09207576876,57.825723502591366,72.32074761877584,174.11214882970427
15491.41822288069,859497495583.3324,7.460345784437895,2.7200117996740274,10335355.390647052,15.853684927503297,3748.746202082619,29.95509712783808,33.45649152246508,251.58260244406287
22578.944771591014,798519051119.3324,2.7025510650348514,1.9833371943158646,1932726488.5945418,10.282919161650213,6388.207707394447,70.57499352940272,52.534790516776184,231.94304251532557
14389.765082223897,1725642531.6747627,5.784072196724865,1.7487626039870554,240865417.56680012,12.71263041816769,814.8773877110275,53.743024428382626,41.52663422832197,241.9244595894888
5247.919012924111,487794647123.3821,1.796329418137398,2.016715620009628,90932274.7343243,8.151383963867373,4152.478390533811,76.53178108211466,45.29876900359192,289.34264731102166
8946.771752165881,264617311462.6501,4.952459622892308,3.1558279961588105,1245233367.78215,2.5965301038356223,7333.480305781789,32.81664671768934,59.11206910541601,230.70744417806
14964.045576009617,86233830134.77911,6.320005171187567,3.3280026165203638,23181849.68490064,8.171855300962905,6712.392390434822,47.662350029354705,34.22620701090126,260.36760666570405
12911.972924116411,846196196551.732,1.7212715777359295,3.4233932477404823,54774740.64809262,5.665641318501973,5248.322696538728,23.37319618142757,35.20914146008947,262.7006229349739
4141.185988784143,7950676351.438005,3.6688250424264734,2.105660726000502,2362268.7133000763,13.577693229847872,1202.1345401633146,19.511896476984873,36.77999407703559,266.70113505548454
11446.510444918938,730163771891.8583,7.20672040504793,2.4118574163780995,363851189.1254654,13.400484553839997,1464.8292663056925,50.97517436011893,44.96150558168657,256.04833797127884
13805.134025301086,988192132805.0651,2.965618672700251,3.105052205616367,624181.66699782,18.750489476128603,5432.431724806527,66.23917222116759,30.0,339.8459211676415
7049.651504210525,482020284686.469,6.198684603572026,2.135805377014089,1643644.2457588287,1.6351759376330075,2611.2868803697975,23.985614677647906,31.49724488501064,376.84873274071964
15504.915125826372,371241158700.9047,5.479548780528716,2.2702863726258933,25096015.335030496,9.377990686286484,2642.289099503804,59.20415434272404,30.080519524506823,312.5741075587265
2218.9224373876414,605833348641.7589,2.5639698287367167,1.9745489784592842,8444276.184075927,8.002851726199012,6782.506063862388,57.0088428680089,38.53330600400314,304.94485320659146
8746.872322355162,804698022949.8445,6.321098840881904,2.6447346387034516,1577217.8583211193,10.57239574058544,173.5323901535341,43.77841818291192,30.0,349.28948267570183
20204.782403050573,240252753523.28506,4.958526454709284,2.8185333976506204,910841.3380889604,2.4352834395190386,3146.2178053978323,63.68382257314503,32.19753573238822,420.73896880517253
6852.477622249808,250702178452.10706,2.228167704720841,2.136878910173193,2015978443.865046,9.853959474212063,1913.3817119114335,51.57345121238434,51.14029899383418,249.18183227868224
15326.832825075417,607178406908.8328,7.670914121224254,1.5484610330231285,90010772.08162424,13.157369523744567,226.53121302815256,76.25499232503611,30.0,316.4250507058477
10545.727985902642,939879880974.4845,4.697753189432972,2.9718156267399403,7708383.179495431,6.31003676073426,1740.4193146265204,63.45939167140283,32.70319408127944,336.53634885630095
8253.273489173545,298440677318.7877,6.34302542621952,2.7331945786931806,1693956504.2380745,13.02632111846815,1482.1374808859655,72.06152972607433,54.45364443309974,207.7259124387899
22945.226353795657,376755286474.34985,2.915051725917281,1.9379975712027215,1335987619.4225783,5.35015014456546,4040.749215252766,35.29576895025748,45.06767524268307,255.66622842419952
8909.912092969396,993333308126.988,2.3916908611282888,2.1292953503315415,358455.52979807026,7.417642880266984,3487.1819263716225,66.76994267667678,30.0,384.81724665264335
6298.559586431949,176222988984.3506,6.3184940448444715,3.4142271785393543,68616432.11489531,18.150401591342565,3778.879208970533,79.44169322408459,37.64070535216421,239.38375063771574
22777.88223318663,76969091407.1357,5.879857160629483,2.760407090018572,3373374.7017423557,0.5499148935642983,7024.511222454491,21.442538600164863,30.0,432.79805517343254
18775.636720427465,589755649125.3672,3.281699970075301,2.690955512782769,50602779.6297746,5.492827506614034,3960.482689786015,45.78256117356156,36.28116873621011,291.4479776927042
17204.092985605836,24267964154.644573,6.350842330852151,2.779381474927087,389039846.9606046,18.717726082258206,5115.647589044128,70.36351881605677,48.20094057181966,242.54683901037563
1713.6060806384573,180434050841.59143,4.782449696620267,3.408889069587514,110290.46044208792,2.9835042285959203,5183.391430688721,37.763845682081666,30.0,381.87344905839933
3714.5215375365074,622209558481.2874,3.7658821682081407,2.17971814698599,36968987.20392747,7.978285890715617,4139.826421672301,45.576322167685205,41.43601857972345,256.64159219141914
16139.32911333674,659512741178.9323,6.614796813617793,2.0618319522103112,2875157.8981450927,9.109208566657001,2445.146511316024,62.33391512618881,31.774657379129348,335.42324202906616
5631.104494893375,510425739222.37006,5.509087859024352,2.253484960538449,46779384.23200422,13.070314379477667,7226.23721482435,67.72882218926756,34.55450583030192,244.83629597554736
6028.130647943797,383748662481.3371,4.797244378817977,3.101898188154455,354169.1428471807,12.254877145295204,3511.022402762601,23.967133829167032,30.0,319.49410326271254
19588.893625918463,576198008224.2639,6.5251961288812605,1.7419177487799518,1224142824.3324263,12.55390875791497,4573.312582700966,37.377698954237935,57.42111318432317,226.7494848676958
7505.161246505095,643386109647.4857,5.041384338739061,1.9136493959053689,52280804.27091257,18.81119448988088,4477.563154384403,37.61536443317355,39.07715554507252,250.01866546555132
2253.888902721942,803482242809.6044,7.600473814068326,1.9564910249563976,1135840.2441531215,7.886059529003792,6622.827953572242,20.697697633581285,31.392742332480417,299.69140005178207
1392.5827090915968,792751035459.0192,6.817362003118603,2.7727547823740277,705380817.0005575,9.82176603024708,4281.620471463894,16.380615886907176,69.74304256728865,167.2807885976729
11357.86068750955,664801100714.1823,3.8282192228112804,2.783166049258477,154494.18639460916,19.281284569962697,3660.654032709016,62.12859486462262,30.0,331.6893440148137
15619.650153273828,894232688995.8824,4.521975128550681,2.243772766781289,92069746.64579658,2.6066423711336637,3685.8875893019313,69.63946961397164,41.44108110759441,331.0941913772621
21787.68821809917,838025415570.1652,7.722664946520024,2.052384545102521,32270681.20592929,18.966823892124093,6241.789267367452,76.63430552552204,43.39315295286348,270.2078803647914
3214.7076782996623,133246874971.93198,7.318828566160458,3.0093038626390305,157842.90902124776,18.968194217466703,2646.501113545734,76.94064952193352,30.0,276.6935682527583
5318.484244063259,956679484644.042,2.7427059946230243,1.5634531338996587,1772259.716793762,19.07182538332815,7479.460611741339,79.62789146702734,30.0,330.77039494166905
13480.114967233041,891742410575.618,3.282974913351767,2.9774754214961874,243053.6819177839,1.3872299996044455,6774.365620966417,15.809520754560406,30.0,344.87125455246104
9420.654874928388,320927858580.7803,3.8687333758528184,1.9205479887417156,459128933.94030744,11.572448313275222,1115.3973184070867,37.775816972312654,52.162028551886586,262.846755822692
12322.167555514618,20185398422.62085,7.219018734935375,3.3055541138956626,337951866.80015445,16.771528386924043,2544.7397777379583,15.75092592252222,55.25971370277797,215.34820525348158
23141.05390011328,603976342782.3407,7.5282125273192175,2.327386491445064,279569.53251341026,6.308345261461366,7245.90272841788,57.452298391229306,30.0,389.5409505196673
13849.845519684835,438418138448.81116,6.7152115652168956,2.784593806684888,351589.5215589571,11.831702501702017,2234.187080919138,78.06740937254774,30.0,369.0133385205735
10670.454959995861,749566913019.4694,3.292104899391704,1.741938619535684,2520061083.837146,5.166081686421876,2548.089459543308,12.567855374767008,58.624767076075706,219.2974833915303
24741.277714143747,524600239908.85803,7.2659212431290054,2.007768816900904,1009804.2984109615,2.6357882851706846,1747.4733230173376,46.843078128771346,30.0,379.610160715479
2097.78391253864,76491358760.51154,1.71372731861454,2.9012171887111204,3298415.4501952566,17.05251467863956,444.6084863769695,47.328433167219345,30.0,262.5541932383061
23336.779485093713,244688175567.3556,4.248222625788368,2.6007109006644136,263876564.95757407,19.625346513248726,3832.8644594414113,21.429244169052804,44.503488673598675,228.17900228219165
12790.715130604334,882523873602.7734,3.9545861101562942,3.040954761929115,201194.50397998368,1.441440893187356,6041.27559628662,68.34280226600359,30.0,418.0073906315524
12842.030275294885,37690658025.354385,4.97905743837973,2.626804679521504,5473719758.474895,2.470351817506679,5283.3792962395655,37.63059548054134,60.36992801606972,222.82747907499132
23088.126187978625,736669932728.6177,5.1441636220263876,2.6386623614644855,130330.19212671928,11.79270773220332,230.7235278039248,39.43252054635872,30.0,314.5586697666477
12929.437500030203,291944216007.9244,2.965129164482483,3.2165179634588705,1760810244.6003673,1.7719099164750176,4191.829421857045,77.33708276909692,53.46366162140898,277.57086466216316
11240.973717988645,452640350402.69403,2.8296120681074153,2.3493798346116814,6375735.366590311,12.641748964868967,2649.0101981945986,27.316858398165415,39.40648229646859,219.89112341931605
7175.970506871376,531005900906.17664,6.723182846649008,3.290089439315008,562599.8494802455,14.40374058791343,5137.89159969774,36.98276131706143,32.64813394685106,290.61060795470826
16641.01078702681,250082107225.84375,1.9952791859589831,2.244430496089998,7717122.520381248,8.321857243614843,3247.226995715575,63.91052458415436,30.0,317.112572008798
14456.304729004158,651960791037.2197,4.706359285103296,2.157188413540095,7314889120.105867,15.137051176911102,7844.435381543996,43.59877732092796,73.41682761675834,171.9349123843563
5751.463205220685,693442524655.6581,2.7457016428849133,3.0588425534795576,44145752.730963655,2.316898971519173,6629.316829022521,52.23939910280399,33.31530503897934,322.0505596347808
17880.616419002457,85060394611.29543,3.577186963286355,1.523092798992657,197879.5585284712,6.059666434651933,5605.963592113333,43.44691963261247,30.0,349.0471368170516
16280.128004747692,373927701924.3447,3.302413724618053,1.8443842396776078,5101634346.477238,16.162396007164553,4130.179819946112,29.832786579804736,55.87152622853347,199.41462233782676
10234.68016306025,744377556828.9904,6.105394468656826,1.6435314795755658,522165.01786708774,1.8125413470957907,4732.991895789096,21.390900972522175,30.0,398.2480317419662
607.822586636989,721637838203.572,4.464133921414572,2.524210186018317,187688.66791527366,5.73745579084501,3542.6629512223453,69.50939075456768,30.0,364.6190974057155
11441.238179316599,544603799301.8952,3.446371923899674,2.7561420026571923,168705.61630505734,12.442197983091503,6359.310795087886,29.26488782430387,30.0,307.65829786857466
648.4238696911673,777675002193.2343,6.903787986871333,1.5207518917250142,1354174054.5747116,4.98546986890326,7266.790756123299,79.81571662059702,96.37070944261563,174.1709085963039
2337.4629878264764,107645785394.95023,2.057668418390213,1.8229270970806757,582231.9677952927,9.643477703281462,7992.769956258316,10.704501312498495,30.0,322.27806725609645
11049.942610780436,118212149633.26222,6.481344195578662,2.1050827171914115,785081.0119459855,16.75197105591676,4794.654084519965,71.73630986372325,30.0,320.602965370226
2507.0371625405287,657489642807.0444,3.114032926351936,2.088452670457203,5255048791.429708,5.429844316030846,5458.264583590087,76.31578113794046,91.8778043397893,184.0142429033165
7253.8031277855725,693334174561.261,7.467124947074087,1.694265433789046,114302499.38823195,8.745224384867857,3204.9014720781515,14.109346164255546,50.9451870527126,259.08064313374905
16559.538529694728,814527040794.215,1.5361340549020674,1.8456949121010728,2673596.143926972,0.4141346064379872,77.70084600188376,53.930133944177335,30.0,490.2944824222883
8061.075893930766,181037696736.37927,5.1183116928357055,3.1941035219447427,85560580.77294722,14.181971069564778,5628.861786228179,64.78753800157182,41.021228011933175,250.0901855432236
24942.390555977006,516772142659.44574,5.54472239617936,2.9011622832280075,1642338.1926804592,7.13343120806877,7472.943126186878,53.075439868843006,30.0,339.2434747906929
22949.39983091704,660831636304.2853,5.252452162204852,2.0921887653266933,29602329.576253563,17.208069355069693,6878.400164613585,71.60832030873067,39.576286382583284,282.30149259357825
14840.09266234533,223700350129.44122,6.797599399293581,2.02681492863217,4710990.955146149,1.8168029401076282,7030.17997698237,19.273618790743285,32.181320661080626,330.0955539956717
24190.204896555795,516928348666.1251,2.229066052544773,1.6603984043067037,129757564.51453038,15.65549551091631,3222.9863011372913,76.41298577806876,43.480816221841465,286.3262220355346
21766.423713596792,638445385945.5717,4.201114027901797,2.197811874795968,622362409.2475405,16.285208966632283,5711.276727834081,48.53558410671601,49.78380969022652,208.42152124288646
8313.013711591931,214450297028.16885,7.114289024629828,2.2961390292553228,5527612.538066581,15.532574130285546,5111.0555348566595,34.106111481256605,37.07649555871358,260.4313484586639
18865.10802664008,375564034686.73114,7.2767793754384416,3.3083633127748904,524282.2302255942,14.700870389451513,4332.069100466987,46.762916836346136,30.0,287.88373920739434
3852.3787080967104,216339593796.89786,4.739238621051976,2.98623142803042,6007627.904240851,4.79389651917345,1221.442381509218,33.75205451365868,32.513940079394715,297.04319510293203
17271.509897279157,902943001485.6942,5.1267848101555185,2.4583075486980146,617695473.7459099,8.363813171558702,4607.782038175955,41.881016404467395,44.40092764322225,249.49392730174986
12531.50474911722,236799645131.10983,6.465404863184354,1.76971453758016,861804194.0383396,7.749749349729445,2395.7414701729963,20.952302825151488,53.10810129324539,205.7261503390176
912.2355116942056,120835505151.17099,6.56746756294117,2.8123232980166586,846749183.2924225,4.8587097411504185,5631.677466801411,69.12531760857733,91.81870399175968,215.15765375295211
7218.6306485640835,35156276371.83216,7.272528446788096,3.3720246255420965,7462117166.521204,9.859224400264234,7559.370899502009,37.273350311000655,81.35021521272384,180.8684290788575
23906.86432640409,44954427457.87776,6.985073094689779,1.6560897040147076,1330191220.019559,13.96578406759972,5823.985842807658,42.69081068523854,52.503647628780506,208.09236403803317
8237.871384667777,191587043380.58197,4.193751533617913,3.197215535722856,6964102473.810066,9.600599181202014,2083.6360266244556,73.67031423639253,71.38171519904203,171.75927342843832
4945.634154885296,608208903098.441,5.723396622065768,1.860229110438315,136132531.52475983,19.49056457960978,3727.3302459169004,73.49014184963866,49.146145489531825,221.61421664921974
5094.520441019104,17650856861.248142,4.641029176101272,2.9025618686281236,1401980.079307731,14.189730914751397,4523.277063771468,65.16574933649284,30.0,291.48406640668907
12240.72498372775,286744638013.2224,2.266749531730856,1.8677120744868339,109895895.23547351,8.881847098804576,5811.961119163094,12.101087891577174,39.159160976448504,236.83001709635218
21144.906396428105,58167833156.408005,6.840925980032908,2.7000271097746076,975371.9869183045,8.108952905205207,1191.3016098817507,73.44636706986742,30.0,422.0383151243289
19071.04324576699,403659366640.39734,5.411462943053294,1.9752491684584461,267073.7885401404,11.692952158238654,4209.484267415124,23.211507443960823,30.0,266.8636368763169
11202.874184675471,48577689253.11978,1.8770338247384317,2.583396124306546,3210868.6200161153,8.66369186912223,6882.490539583829,40.68043517262976,32.681798562999084,298.5375331534711
5613.808644205534,607542169079.0514,5.899643813558321,2.700315738291354,6514450.364752656,4.477669082161236,230.42853548539537,73.20936048526465,30.0,354.42424289827386
1628.5900525036823,688424577094.7498,3.3401567333311615,2.7370406502142868,350299633.69675934,10.44486708934552,5823.367125360822,16.653066991872198,60.123244051213135,175.50816183953404
11834.44282732691,731337818306.2139,1.950223856658425,2.865597755613492,6537076.33422367,13.47065637115562,7044.687605952829,19.317212878261003,34.89056418548686,227.013461452577
20461.996038695695,224344174302.85645,5.44282794544369,1.638059150769885,103691.22517937576,7.2009766606929055,6368.152015082706,50.32403744481421,30.0,350.51771731824476
18377.208843060685,868500293461.5813,6.2593562518400825,2.9067748076758737,3843319623.283605,5.702308237209176,7455.394561094988,42.740064286768806,54.469681391759714,230.67673218000297
10510.718806867631,690288477042.7592,4.862347913089698,1.809195448470827,88515831.72482076,4.386982404377478,6263.856798998694,37.27737089790246,46.65340957613086,308.941757022627
15070.215461981206,56651162649.60109,1.536713778205601,2.8540649062738535,1131853.9140340874,7.288294841469208,4149.005106201197,66.67645897702974,30.0,347.1664028110994
11188.039763182333,440767267934.7184,5.249737790126922,1.7480752284748171,1825736.6244702693,4.925132744714768,3820.704953761868,72.62757857789425,30.0,386.65344457303013
14685.894689859357,767756725615.9878,1.5429589895667397,2.458829421103511,417542.976675662,15.273819525228474,264.39904456298325,79.39999229123109,30.0,291.5631213317859
13178.878487641954,310894615826.30304,7.5216539584312665,2.2735368519636117,3409837958.9692616,12.792349075307378,158.60894297447084,18.607288009726823,51.5619299698441,195.01645045053985
17183.681703066395,381559392348.49084,3.237483525212838,3.434692713286535,1415933.7714011471,5.774298015328109,5119.3563925469025,57.33721638255382,30.0,415.2352689904019
12938.866666561536,629604197692.7156,7.161542922730657,2.761618331488913,5049352353.574392,19.837033973253163,2210.466090558962,70.99399596617482,57.21605652860195,214.59912851895416
23544.969455105183,55481824635.017685,1.5787103760096586,1.6764118265026295,2096798.9536342889,12.931159085576208,2463.6919484662512,26.836239927835393,30.0,254.41615837136933
10986.690448751313,966935073572.8768,2.131907318199107,2.9017729228759226,991416134.1255682,2.892334992859521,6458.454601295626,43.602497850079025,63.986051795916666,262.50170424252207
889.9494244729176,174481836128.71725,4.434153979917271,1.8882767985579665,112787.44590583952,16.595279028631822,899.0583992630751,10.501758946754451,30.0,261.6734556131358
6291.151617520121,26672972974.260677,6.430947963842349,2.072300725426713,26083626.698869836,15.086356791860744,2277.838679734534,19.42288386432439,42.01306387295087,240.67107298549402
12764.868023613071,5323976717.438214,7.626651053254139,2.2568860808892834,7015726.739176735,10.025571479035245,5483.458203261942,18.789499270961276,41.65327315141875,312.9185620303874
13744.010371272218,399554975445.02075,4.887116298594794,3.0524508806167985,4709001.1301167775,4.707597311079966,254.22414667412207,59.52939268897457,30.0,384.5178988549094
14033.42733814531,884253481222.0122,3.810494638832875,3.3881618775727804,9136533868.32446,16.22698125819461,4163.11584585037,53.557445661069636,73.03562890294083,166.96944722001925
18006.526407617013,819762259455.8497,1.7896045094616768,3.3486703536959674,402099522.02028066,2.5341384365180666,692.8327690017874,12.708806926725902,42.40193322283844,275.3505185793289
7228.879494129434,912045886203.8967,5.294111566301626,1.8413672635880256,1900595.057295529,8.38980347273742,6095.637686726505,51.698618456951124,33.48823922744252,315.8456977317005
16790.14013651619,533782785546.57965,3.970284469240469,1.6208269547891596,578374016.7586987,16.355585761232447,5080.313740866776,14.769995494306983,48.94605364683461,206.53833301324033
17748.790691420712,448746785128.9304,7.4093676503877655,3.1570660385590235,444471.44110364903,16.038743902510973,4872.330052053431,24.153999653984677,30.0,296.7334252194821
10576.378439210244,385861590245.81836,4.620384948460004,2.0764365256630137,4262282890.098388,12.616350126061047,1778.0675948881349,73.09538924684412,63.86142771184858,190.4914758500304
10353.14292908489,46419029373.230064,6.475405390343544,2.6656522076458415,13549745.039983181,0.20445793738268442,5800.342611941253,41.30844959009079,41.169044774797754,424.80074581003254
4883.657248583019,909521346783.8972,7.013368433396822,3.4572549304726214,898079.0382491908,6.695790080656203,2420.416445496415,64.69424034703405,30.0,322.47297280416313
10642.690718256657,496176596108.6352,2.1388044759054026,1.8728440107441406,2312610.1144920466,17.071298490677552,4570.81014663142,32.001816810947425,36.66947025593604,269.7686326427176
19776.999146821803,455067975984.0791,4.365501000415591,2.24971178371371,596683.7349054053,14.441248544812927,745.3176832235523,17.75420639078318,30.0,313.33316041144354
22769.838635972155,515167971846.6303,7.309163301580028,3.235197892292232,4495623919.138445,16.22137642989412,777.7312853564029,72.17341678428441,53.19563379419031,230.74884172606622
15043.523187290153,794154723959.6824,4.258959439077994,2.7999610941560826,3384293.8337889514,1.3064759598123263,1559.981938604205,21.467895069118526,30.0,348.54827411703195
7834.573412180321,224471861511.47797,5.173502800288006,3.3751060135057847,517910.1660577332,18.81835044106567,1735.8804403250792,34.47490792542909,30.0,320.45330409376515
17216.09810716342,709900969094.2443,7.17517565744251,2.763438629917667,1160122565.4766738,4.619545291239596,1020.1950632589964,59.08641472092479,45.803711694500706,299.1559541032745
18633.582113052096,710770030084.292,3.0118583134836525,2.1071399360816345,1164918.677193607,6.679245537222175,954.8050998482206,51.42625677403421,30.0,345.1153968625692
8639.213080126228,849552932705.4006,7.314780808352512,3.1102172110449766,295632.2101641236,16.81963132246337,7033.457713221824,74.95930358511029,30.0,312.2017214445611
20750.422606493896,8684589780.27155,4.0806847377325,3.018527509842156,219773112.1965383,8.154072305877563,4441.520845338531,79.13693786127455,50.279375960601016,323.9366192501965
2305.5478873893317,170396372839.58884,5.354716636283923,3.367237882157727,108900.13667615279,12.879380166513682,4981.194432865573,20.264164134276225,30.0,336.915894537533
763.4660812006254,471047380997.90344,3.632256633428046,2.4523338644260653,1452455944.5550044,11.069653289196143,2309.695898439493,25.861077362750798,84.07593995132864,131.28564683155733
3512.7839294852884,850540536921.091,4.926273849437335,2.5056785742686194,65095029.0362398,17.328222253350624,453.34408093027844,54.741412395598616,38.37341047756524,274.1773956317787
4322.204521773989,965116896511.1224,1.8203577196462664,2.1476462007233508,1714320.8528786367,3.1646645365684263,7746.507133507173,20.271216669244055,37.06463932886839,371.49343322953797
22033.76130721917,594869019810.7866,1.9241898390519618,2.0375166690130664,23332903.565846182,2.000933918704427,441.6848507577088,47.955342944734404,30.0,384.8688545171887
10912.051704421381,212134763289.04474,4.195697952594306,3.4930556382825992,2051515.2541560458,12.665457281539629,6582.786058200777,36.09803978997825,31.031131675327174,277.53291623350725
7235.8264532743515,184585511239.94983,3.6771875023182603,3.4545110324877886,46162105.304912455,16.90060204254687,5324.040589365795,72.1690981496142,38.15201564333929,262.8631193306251
11012.340341677074,639444314542.3135,5.502646766788203,2.559292926002356,72147386.89682338,18.465877372635664,3266.092905543991,74.26663653455759,34.08256695976777,310.7677230744605
10173.60187116549,210069936990.25754,1.7464160857847406,3.4101711647276733,721789898.2804805,8.028516554731695,5975.312457744271,28.11810663645119,66.07491039525645,242.5197807059549
7885.810865706416,553087870833.4623,2.5898463532897935,2.2123108952128847,21401149.477706928,14.710389193666435,6120.211731018543,16.696767728424724,34.44398712420685,261.4951009718816
3878.5397690931504,834812094331.973,2.862347311817649,3.1999886481493727,857411017.3611906,7.8461906803521835,7027.551197162692,79.37558599727119,58.31298682522622,263.6708913440089
16569.928818360073,389820258642.4416,4.363196495443702,2.769736315690671,221931.19001446624,6.411562975341643,4363.953240830553,20.49268048441396,30.646474596245724,299.71393184403513
3846.8078681015563,378472811269.73944,3.104425955463193,2.9341322282793287,4043101638.088756,0.5330344222673462,1717.5206250704098,22.140436572855965,71.86946183740785,234.68759367380645
19497.89909048052,36141300750.73688,2.3948074577502494,2.936405864808486,846337.5598209979,5.039705185626038,4584.90448224105,27.65212953265116,30.0,327.786600191474
5441.356325371114,254085324339.97647,5.384228879585846,2.7716573000125266,1523655199.4637544,3.444936703407202,803.5275571074354,33.85978581849185,59.104985024610706,222.74129959650267
18418.597024766135,698191761427.8148,6.335167855720942,3.204656022640225,29727536.336128253,5.408821738081222,3016.0696203323732,20.344540566536637,36.957630094901106,248.97776378658955
20236.85958953894,360391884740.9513,5.954242434181941,2.284026501314486,333877.4062325853,5.81010618474946,4886.828676181676,32.55617289806848,30.249975208685132,364.4109663544952
3570.4872394740432,158299758991.00467,3.2951706189788874,3.198377901926179,6295236.319978513,17.18524394521949,2022.578120733845,11.541682265092508,32.96430324374954,237.1133183614367
2625.2713230560994,105768627992.59335,7.053891436385266,1.8668303278410971,3905288050.3711934,4.107353383130244,6922.011163403128,66.06885884539125,69.88177039425133,174.49822023863166
23764.532881014668,95054283097.33076,5.476844166278115,1.8999188404001137,1491316342.2399056,16.395009954486635,7808.654244225819,28.44864563779607,57.3649889360442,203.07756127233972
11844.646765438227,659133773984.462,5.495333556548255,2.9346864407840063,408864029.3276863,17.193880552918078,616.5214610068393,67.24489933782536,42.47852507499789,248.04234342036517
15940.769626838215,612621866172.0698,2.8835149361569723,3.000259780655175,7929200.595868506,9.30233619116737,1655.0824830310655,55.284523399751095,30.85622691612062,308.12810031231453
1069.88078298331,518521487081.0793,3.074383767684998,3.3046021497351346,87892955.3319338,14.504085550606842,3789.3627131351336,43.63822677338282,51.743759837478166,218.441678989813
7328.399423630327,500326947832.6912,4.58587641334768,2.049365809609456,1447470.94421883,6.406222144281502,313.15199340911516,78.06049888497904,30.0,395.45455991282626
12882.242536704962,153137699551.0189,3.0458367017637995,1.6121389047728851,173467279.10774133,0.40453008849030253,752.4901803917994,37.066914635446444,40.1902910070149,372.4056854373014
22212.348678040395,500604724155.8625,5.972505287154947,2.514943450813789,2016980.167730886,14.207547881128649,7206.114587643318,22.487173439680518,37.461765492133296,264.53014973613716
7150.265730327219,59938716662.60331,3.505604329662429,3.250680930753585,1396477998.016273,12.147935561422925,373.78345756649173,50.420750746095614,53.495641337965544,213.46467615315728
19492.18733653863,925858532744.2292,2.4874550007487697,3.442931707293707,333035955.72674406,9.25420452991713,1987.3991788013573,19.810481015905864,44.24702530097407,236.76096449790413
16724.216742338194,58028495975.05284,2.485490049527571,3.215652590409463,8520166.613294005,17.97886607651479,3394.8253273762443,29.37712011113008,30.333388711908434,262.26462519988263
3324.1338112407516,423530771363.72363,2.3269805616225443,2.4799128993452104,198339703.12523118,14.558793894814123,173.4691424416928,73.54173978882567,42.16295827895324,220.9205768633539
7687.691733403915,572055832.1158289,4.358375513281434,3.226764472142062,4223580.425422805,8.540345232629193,6486.64446680916,72.45110185113505,31.117401969779582,358.3734540180311
6327.668892746184,786150652632.8058,1.5197602362595464,1.9279418477380719,600156.8215795171,1.1149078812474849,6641.762067111915,42.600764965450345,30.849596149323055,406.86275482253467
11341.925895545493,166171022365.4415,5.025419873966451,3.3423393024697168,1499407.7206807716,17.52791041401642,3163.415220374551,43.47895299314236,30.0,277.03369004354835
16065.688954665813,924916092905.6603,3.4389689989770775,2.6336919220360944,2282654.4366000155,19.6936239958237,1622.2537866347006,49.674857829408644,30.0,311.4301098370984
11118.784009958414,43978703882.81666,5.0911124012413955,2.2787271716042046,1358573.308008972,12.708694729882538,7139.940709534152,15.89264785296092,33.83652130663212,246.30527624879446
6491.146105919247,820787513777.0923,7.5802651873702915,2.6632823643286434,246479043.79000786,15.375602087564461,5431.663121239509,27.720923719431948,52.76823548002728,205.2663791927858
17549.029821592747,656638156177.7754,7.148809466192644,3.06801641973439,499237033.10533214,10.14519554929252,4195.655623282086,50.59897208926729,36.63385588985513,269.3021792980718
14819.541820431501,249736469150.17163,5.246793959599961,1.9802430255295327,19306165.21403388,4.771024552429046,3145.2584840339655,32.48163213514563,30.514915825561243,307.52808749154303
13223.190731684452,202420406810.98566,4.217457032151713,1.7037596055374717,8688992577.609818,18.245746444982963,4318.822008222078,24.937353837794532,78.06178861813764,179.1874528598268
14083.280137426469,357678575699.089,6.039357362036292,2.966240207324363,2851694686.3464227,13.78259502935522,2003.5971993052522,55.31525750073408,52.8393087891575,171.60560453274033
5936.565834198677,828403054772.4718,7.5004056620593875,3.404937932665846,272427.4874931235,10.993833051224888,3602.304612739323,49.65050550625213,30.0,348.1435816758328
17170.560996765176,861956686378.9072,4.682055941607073,2.773956183948479,20056413.810134582,13.6575828382775,5490.32280186659,32.895097261299846,34.3889473774679,257.6750313751577
9993.763120699823,175286204238.94626,2.145500206554571,1.7851669081804493,3486450813.8997607,10.261634846255866,3296.757329937026,75.61738921762255,57.48336292709604,186.40597793480183
9404.96158338548,353448686236.291,6.479573302755935,2.7867707389141136,1262760.6556019357,1.2147706581163698,5482.787034006207,64.4382776454002,30.0,354.94120511370465
4168.488102535878,237492146410.87,1.5681145003134969,1.7332641923617669,7797944.280687171,13.225800822977854,5912.417271183005,51.729915498647976,33.50965200388133,270.15851468726623
15122.514696485938,122643724995.05026,6.470150117664379,2.1070495060398238,5429218004.893468,0.15407685864179904,6032.158196685337,24.662587941039398,61.17762850837897,341.93409397758506
15265.278058389411,646449741079.5405,2.0519579252627045,1.5631954023979329,759122516.7170147,4.445898535136315,4557.731637250015,55.366763705016666,47.22191491344854,284.4048201442151
8837.365769829945,345871677364.5121,2.193007733380865,2.4750032481758,1450858319.079518,3.1617863825008192,1483.2599580030062,58.14169609094378,50.82993358095304,289.2165619588906
21566.326393205585,225384819392.28934,6.581094655074919,2.1427083710158024,2497001981.5280786,6.835438995488785,5607.471952288369,50.6886554537941,58.834188330483414,233.01429049361806
21213.718518527992,865997907504.2028,5.981891081820135,1.695043779690794,717593.2783794452,18.170897010058262,6556.055660358218,54.657220280822244,35.98309284550574,305.7662264117842
3171.830508819567,748318182585.6356,5.1523703406881465,2.1180546045653035,313595691.0023574,1.640047381800261,763.3678190530655,21.35599565817131,50.727118145655126,223.20336795582944
17528.440501342997,773761374935.1938,6.833803752616259,2.795140238832326,1032776745.4881184,7.180254775536481,7168.768126874448,33.44952405369564,55.01638208630016,211.71356337093235
10148.951526533046,39196851987.38897,7.033895319834461,2.0781631110009418,1356430.329065197,15.203260922346901,7530.992527638408,72.35214411119156,32.33459850930416,297.5199817269959
24993.013851040872,915130534100.617,4.473829661765864,1.78614423478586,164740.08560765677,17.26867779701423,5349.205158930379,19.597839780009775,30.0,263.0798822553381
6013.078927273984,574738803235.8573,7.975941465854493,2.5895949300515575,779433.5064504612,14.735776283775,897.408420839012,51.27837862588179,30.0,293.0809442993802
7372.843032654991,503803300881.7141,3.8242696076541973,3.006454541172966,509347707.7801893,19.30597204358509,5232.989455334705,72.83587305847489,56.92579909393623,222.83993336099843
11331.604216615324,10586335442.435135,2.6148004830351885,3.160282712412916,296110076.5257972,13.933552640918471,2854.9865850474407,10.990905313033911,50.94851102130771,242.8946168244938
7083.521142676247,897662312771.8942,6.998846880279295,2.444194226226288,2874952934.704845,14.90877744262404,2436.1280838971034,77.6985070257928,69.35531918501785,198.25912879773298
17453.8374764696,543890926595.5301,4.201206817135647,2.92214484184744,3843838.2723280783,8.470251321264946,303.74444374730047,71.83394008949274,30.0,305.398514785654
12282.248748446273,825153637187.073,7.184247732985993,3.166655496888204,128445917.76145414,6.075962907514395,5801.424351960243,60.054584478168294,41.078380093870635,254.36883889218825
5911.5314538137345,655511305227.333,1.8975812391876263,2.8457784611434516,136134.1319953455,9.264412777280329,4537.772653139926,59.63942623652725,30.0,347.1211306223138
12906.164702420783,796693816817.2668,2.2218387247931703,2.5545428101666126,4736107224.512793,15.369943820345853,3611.836851162253,70.74062277187198,55.97568425341102,191.40813378898022
22275.300275943442,692932055626.0538,1.761772297955756,1.6198787342818057,59219267.473687716,13.022747996643165,3115.6203904476697,21.969474144347693,35.57178264913317,259.65471758893403
19913.693347826294,920963981371.9243,5.413071241965666,2.0800687491916534,551984316.7191402,15.449384650012718,3300.6992585020357,58.995411594315435,45.40785777995407,245.83376014616502
12721.308648457116,225484960855.36334,6.9071171772572475,2.1396303148914533,2624700.561634429,12.57035238325586,3630.2262930571983,34.04103041660158,34.05078494933611,287.1911806221117
7568.068776977719,202100902632.80246,4.117295093456367,2.290022501868158,256904.59112948095,14.675371887346957,3825.1340178785176,71.29471672326815,30.0,357.3584324460864
4907.218385211931,712541849403.56,2.0895204228616544,3.4017854066086257,206115.32987800275,3.155598010778352,790.4680037214771,47.33317412661945,30.0,422.3185490572866
22020.380491078937,501395299188.6684,3.927547378301197,1.9177506847056858,1183864408.3999765,6.506987738805029,3048.7648310783543,63.60716858825113,50.57770163736546,269.59533900560604
17899.09004221806,599161571173.6997,3.7622998602082447,2.5831098220145874,575081.9769476657,11.24577575234456,521.6531460091929,21.691805895050173,30.0,289.4304063385201
14518.000927112733,708542760648.7578,5.682567510966746,3.4824362133884406,1318284838.0890973,0.38012089969128593,6209.687885176478,26.94277879904695,52.893829383506,306.7359063353198
22046.148825864875,547428649571.80554,5.7389855871761695,2.7375891215613164,2119963.197660615,18.250329678363993,4182.693174134854,68.67177001240324,30.0,320.4670186722666
3481.4120406651923,787693659972.7485,2.169654162133795,1.9178214473563633,50858113.15470593,4.827822067235486,6398.126340938297,37.6664132105123,40.57504627388729,294.0253708227691
17220.98750705067,318868037068.4965,4.231149053915928,3.4203818635562153,2039778.2855237632,1.8156188470114139,3440.2668112983297,46.947726730720646,30.0,341.2232248938597
5809.451654124183,858990584609.2485,5.676344424321975,2.1725853381076337,177999.6170968882,13.301791747712903,1233.2560086572544,60.78752784013098,30.0,380.9437649870069
3454.1473048916814,107677245249.24782,3.1825978597352256,1.595741419197262,51451084.83032002,3.9150939895496775,2403.608606821666,21.878066470584052,53.216254066652404,242.28741719547276
11907.408495169862,634004342957.2098,4.146021862435104,2.3627235349193607,6848603.9687349275,11.260597528386482,1878.5466241389922,31.176672941968935,31.827601949822732,303.2102957800701
9991.126779226666,890132617394.29,5.4890170556926225,1.9813113923500962,14981314.255661452,5.017084634465349,3524.8324446656825,32.795407212353894,33.552589129191254,382.668521060401
23558.753428467044,252694875207.57675,4.118659558091862,3.1377275461906904,101810957.03346655,3.3605332800860057,6313.397713859678,74.16750654369808,42.021390569190345,284.15110659115055
8437.498895419501,326835348089.23804,1.7005963151761914,1.9399116684945108,3700867.502182423,14.713171874454238,941.8980897426507,19.631210183882196,30.0,287.32329801316484
20465.10534677406,305442473050.9604,2.947003970291788,3.1397080444756256,65921512.56093572,7.798037280612142,3206.8003954104,35.99227863692434,41.1836382273545,273.87913241588234
18846.261511474444,564264147511.322,6.544525944025905,1.5723420330696194,194475963.653028,11.510042360166517,743.4115019389127,77.15217085134574,35.38624636289158,298.7322790051639
16864.13481643414,412872402693.33295,3.1152765118751993,3.358314635837579,280365.5636711529,4.361683129528032,3137.733574564605,68.44090035017949,30.0,359.7474576504378
23049.81158752146,107960177035.61737,6.815124399419991,1.584387053570027,5629668.660179426,11.070670340468574,4664.354282514179,56.9325136590618,33.28673857404821,246.2888746060564
10494.15256234288,891287330469.2383,4.534900867061856,3.3770796879739833,281667.33898935333,8.45354717587828,561.1084675192525,48.42523883641236,30.0,329.6013272176078
10046.944056580209,204677424482.04498,4.573987391782307,1.6473825516629923,108309.84597576565,1.0719276788401138,542.4682676643044,68.71114226375093,30.0,481.72701278639954
4443.21187774698,534080476908.5187,6.508355399653956,3.245167205116846,180364.37596322165,14.54750173514597,5846.7757912856905,76.24774887519476,30.0,364.2479692202892
7256.170849629194,594805301132.3656,3.991407834603318,3.162664075299436,91426889.80089906,11.069668511050864,3265.907089454466,74.68500458603842,35.17514384145013,287.75519799437666
22054.523173491332,40752802895.69805,3.050123848990411,2.6888476752148205,263952.8483138829,18.550430087334483,2817.5443290223966,54.73869685487044,30.0,350.15518771328556
12122.362256328515,95713231942.00958,2.1827104486633155,1.5719721681313619,2200432027.764531,16.168601822292413,5493.694659180969,60.9514401276048,70.14905890030722,191.62725923441363
8863.156393672407,971689738739.8412,5.867414195096993,2.7422856135392295,626931948.2681756,11.443828279752946,687.2591717720779,64.27143801568218,48.24986511919253,233.17894953786143
5794.745349513192,664512675637.0422,4.554626508653742,2.7356928416537203,110685.65886452858,0.9090390489354601,6879.1225626790865,66.65431580259727,30.0,465.1793958375244
12381.526130968567,33566143481.249874,6.7611447245508245,2.614394949954339,73489616.5363404,15.050776177713841,6205.653825954835,61.31500221349608,41.91355321499623,256.5574653679531
18058.301576380956,794199426453.7781,4.474885605732991,2.7630511428934414,112527.73122167145,11.003431799622582,3123.2616551154783,22.596435680266083,30.0,347.9150432205642
7523.954623698347,508543300734.6763,4.196269388246465,3.436214806490587,351539.4491698864,16.70887885849049,3754.97244292307,63.17062096395493,30.0,281.5724771623024
19064.05475991003,75200496878.90353,3.4425385464857925,3.4910144953139337,8734667604.194782,11.57601313146458,3187.7472613294253,37.32642181456021,62.911647359735255,209.62720029787363
15929.800480760501,680752417295.6932,2.796281174112326,2.5409916132916797,19280396.970011186,0.09044821563841968,6283.989402720956,23.985892464795835,40.55656683414277,508.0199911097217
19795.282782222755,499352306516.66266,6.8978401402150205,1.683601248578471,136790.5225204883,16.307496621215485,241.6615708691191,17.17726406713739,30.0,321.3417072553651
6647.285907435352,204920596191.12213,2.1188739111539814,1.7679380872903558,1784730283.895464,15.995513347948032,5374.395322330451,26.82197403897883,58.84913040197711,189.97922956973565
15960.18954595961,877702394386.5475,7.363830201785698,2.9407017586800306,3861216486.6019597,2.033083031800834,2427.3565437479524,45.542490533505465,58.705260074329324,245.74064237029438
4266.514347476626,291380566920.3959,1.6749094830427782,3.4639271744461313,55197219.228765205,13.692278139214409,6238.581503442053,27.28152061617385,43.61928333316604,223.43724660849628
9413.0260630336,284557350896.6723,4.894640179009356,2.3721104474638954,338618367.132801,10.545708004150997,7871.431608963296,56.61370333662786,44.913548147501885,249.58517234429297
18246.82232364863,272774309018.69693,1.8791356539820478,1.6960774918232977,795436809.2885698,11.818846024619658,2239.036086600832,77.507513803531,41.88354930569549,235.3706925013923
15975.875446708429,767456009633.2742,6.567446288512614,2.206089105009897,471366634.46114886,17.792597560426277,3572.3554022064127,13.083268146563825,48.28475953859082,221.26552940852704
5102.587770769288,706118964261.8617,2.8747274063842365,2.2700205542410448,29690028.003284138,5.0288921856333335,4385.250571897995,19.145751003096564,39.984714066008706,286.41564669227216
21529.395466266964,903145782324.672,5.1784967455374815,3.49319066777053,1456874682.9886312,0.31253987518593374,4412.88210726413,27.309690646276263,55.97222292425758,342.91964800905635
1807.099067456956,229339990245.06012,7.456899666841139,2.8731667065887745,43315427.40603987,4.210814226044706,1260.9996358395867,66.30531994711473,45.30196004016388,284.81239062023843
15082.784368657913,786364809178.2128,5.72018308148077,1.735732172141493,1983884.278988362,18.306764403035025,4670.136862533262,28.988930370080656,40.116716835835575,291.176499252192
24603.602255674356,573046003482.5194,2.6590797723304505,2.1741534338848316,104793.796464859,4.267891940484772,5794.060982696731,23.40696052762643,30.0,349.575381562854
13521.86593014734,308680300973.05817,6.678405496906855,1.5971174249978517,6207970.183921588,13.506486430965825,7552.787587275263,20.70064040881087,40.273904688796875,255.4344017108324
20116.459589005808,35455096953.61823,4.369617444254271,2.8061210162228987,258778.59893316377,15.80422941218718,5805.787113122026,20.494247528002283,30.0,305.6792285945341
15081.933843133002,818947730903.5602,1.5856487992279185,2.8454785377541336,207196.34648298207,16.2735449553726,4830.42251463157,60.38731569428946,30.0,329.681505595345
19685.66371561332,241072130441.98483,4.663972305700928,1.6149934901478267,22188153.28574554,0.25821941292231215,1873.6736711017045,59.568559743252806,39.74655917722196,471.50749723849094
16562.056316204536,631743404471.8832,6.781150402211712,2.1710398825975252,5228439466.427344,0.23757810350070507,792.3820720236494,31.77921249857231,68.04609238151063,328.3351019818703
17432.734356169454,548868387191.87646,4.294724600418485,3.3056767338740247,336955.1824194919,19.780751624745257,5078.333704411448,41.46095374229789,30.0,302.093566679739
6081.3732016164095,4450534197.245233,6.42978232811995,3.153632060149609,2337491.2830669936,10.572164665203866,5005.209971378252,53.97338029334617,35.129618634865885,288.59515439607713
18674.612382536485,994343635596.1324,6.085918249473634,2.6484251396224323,1413809190.0337973,1.3208819042231583,6716.4771912405095,78.25412386805027,47.99679015136202,294.97346572590845
6328.792223276104,814329541470.773,4.46993006269885,2.469246720949207,10212880.063890284,0.5848371645248324,3574.355604987539,62.02026587726001,34.612332424225364,414.9923106669145
24525.68674099341,486471784165.41144,3.601336802665408,3.4857038241339855,622327018.1803476,16.224886008941034,1384.6267461550767,66.2120362105473,35.63803311548781,272.08651588995525
6080.786178549515,680341689901.0128,6.222510010154016,2.9443911190382543,51483925.5680053,18.103854674352295,1805.5667879016783,78.441059309758,37.76483074045785,285.57421269054953
6298.758088142579,476594759996.536,3.897969715299375,3.4052704223916246,104630081.65212318,10.513625342935622,3816.427246532516,36.67679869841152,40.556404601643834,257.0735654022782
21537.491451854672,744586526692.4595,2.605566193736236,1.6431704287063666,639317.8329894292,7.465695670005788,2503.3007929664022,14.836983584193458,30.0,318.63493055808243
6453.153618089069,134329411490.34827,3.585609899931866,1.9243023127171035,5773125.91082642,14.06201397535343,1450.3344110560954,62.28295787653485,33.251749816562906,271.9181203418841
9342.118440536433,446351548883.0351,7.199454754032313,1.5622220714897601,128462745.9963785,0.49664752000070717,871.731663456963,18.476742864870204,46.30972053503057,335.541311690196
18008.68394888616,335537841535.6829,3.3420292288930065,3.2358352293783508,136094.6280020086,17.983369594382594,3304.683857507255,40.701678104880685,30.0,328.82554400138946
4389.340214771699,459655783838.7914,3.027243476490785,2.888462882330661,874243.8254911053,5.159005494398586,2706.7711547240733,61.686160749787504,30.0,327.17125850273163
4397.2579932738045,450473202387.71136,2.367230459748654,1.8553033056842747,8559985.788247237,3.8586296900477692,7722.551005857895,49.084808492769625,40.86844053536561,326.51048790088504
12415.781370032164,143094806685.24454,1.858655989690206,3.4483812148842548,236033118.23615098,6.250307543978273,6852.7379143354765,35.7001766845126,44.19269677435777,269.07197008271567
6470.570478701808,976488594220.4584,7.848500302297605,3.411594445229408,35313757.4860239,1.3213663327477876,1476.0963518780804,46.00468760539009,30.681554274736037,359.32937142588446
6273.619911441322,15493127295.985262,4.989049377193968,1.9491956098494139,392338261.8320586,7.821730133622308,6029.293229046985,27.16578895957414,51.08338026067533,226.30499583884844
726.3535747535607,10073934744.454025,6.242688994034534,2.794019506085421,430834255.7341138,14.309219528854145,3846.7807038461556,15.189706570408104,81.45144441347004,152.46827319128772
9576.014984349726,373441945092.3393,6.524327404646583,2.8362058334711717,142979.47299333394,9.989216907505151,7409.528129596174,38.87411042094469,30.0,293.78786789990176
8297.13858815088,620376728970.4681,3.790060465683071,1.5080335100428979,3225240215.089633,13.376181708130016,4869.559580964988,14.08202136355305,74.7735738015936,176.64748439073944
1263.317365253425,179654047161.70142,6.6928884160479365,2.877559584536999,1321526148.3580136,4.314750530801894,1639.907488515982,78.57597408277202,77.87074463805102,190.25352158283997
15720.212866234757,533194470710.15717,7.749647588730317,1.9426803895441083,2266426.2766895858,7.987914398789622,1575.7865050095184,41.33452853123562,30.955286852375625,286.13638380711996
15853.051959082173,722772245191.5109,6.321452026563472,3.3026375012036784,26462117.956042778,10.413653580753959,7738.720448434269,71.7657718053508,39.040559904386996,312.2742363145043
2234.611558454643,94061514979.54208,6.126265323308063,3.1770142651190314,3473359.673295767,11.472541510705094,7347.028756901928,76.62514345595545,35.12942696558089,271.830285587125
8267.5182912816,984422423593.5254,4.309519612783131,3.3105871693419138,3413585583.408966,3.768609855045896,3868.044947476502,41.455930810514914,58.19685681352157,215.63459508653042
21883.735533887248,336701311038.64655,6.968580817757166,3.0151079246886936,8205309.323127059,16.162999246181034,4515.8836127450595,39.42507218613702,35.18798923095463,282.85831950328054
14763.093171992172,642415771371.8352,2.0774429383017727,1.8298108770951684,9555769.468823254,1.8498136069107514,4381.311812238585,72.53976009578864,30.0,371.9180770153082
10593.380738293703,110720747466.71751,6.372944129572665,2.2211086259770316,3627105495.887935,2.010830654043213,6110.181711584607,12.42773616725407,77.09353874954876,204.69462877776164
11894.997247370351,709486679234.9377,3.8529580239285717,2.9178629471728392,100802075.2698429,5.031529442378349,3801.1425345303514,44.10424380118976,37.98589997434223,273.2221207326824
5602.859863677226,840456506606.1389,5.178830452685643,2.146650086516425,489044.1646499094,13.102765575980664,989.8149005525445,28.803023507343664,30.0,287.3722307906576
20391.096767344236,105286037045.48003,7.304264504330677,2.920065867233483,134922445.87235662,1.5878888981749193,2601.0246470873076,62.6930902457107,41.55503609695117,318.84666737481547
22893.115283548705,125864028506.91187,5.432627139704088,2.1723174499452087,938077499.5021905,0.2041256624594992,4550.525553589764,68.57059285041731,50.52671999153603,392.4779127138486
22811.269035126068,281048133339.8133,1.66627994735603,1.855458908702417,4888840.119762836,9.470022432982242,2815.0843640654557,53.400130853448125,34.077607801058875,297.2449793658542
5986.392596461342,11936803439.513908,6.196931495900126,2.536327636779072,43154664.198286526,6.965808419307302,6510.252318224774,38.4854077528916,42.71638621033795,244.06751792042994
8113.136560523194,986051308285.9354,7.538659290323656,2.8724555190071657,136209616.66042727,3.1770889685356196,7583.76097491901,48.84999855181582,45.11675368807574,290.4504968973667
4435.257982833651,598384476568.5747,5.673077644518635,2.5343913745655176,35651973.52118764,13.13568122097445,1943.564833610721,50.18998917562808,43.35561221156399,254.56869693673622
8026.427773991672,607589842374.0955,7.099230503487229,2.7837345965985794,9899711702.620884,12.846556721913743,7114.277332073059,54.459396027310206,94.33058437725342,179.2896424245292
8653.731617003708,958962210689.4664,6.8644224097225734,2.3761020362086613,34195128.1283877,2.4817626064889344,5728.497620428501,74.55351175933096,37.48515810935292,355.2901550213876
16011.09055808357,832029422290.1727,7.098399839395756,3.0566626579666893,164764999.4257824,4.634536695198706,4699.7744412435,27.438627496979723,40.87711838453568,314.3085485920704
5146.336347929054,814243116725.4185,3.7366526174997863,2.7999328452894154,928853416.402253,7.331337405678246,1051.8209899806168,24.11001356973987,54.67589392700377,221.37669298207692
23025.224647009716,339503030399.25574,4.582062926206428,2.6492132681706337,481854.50349946343,19.801296080055327,3293.4921931575577,23.315783854449325,30.0,259.84501525900953
3025.937017090094,334864058601.25195,7.012217782693255,2.370743430951121,165787.43024387836,15.383381751568693,7962.866513964272,58.80766686888005,30.0,263.5789953640205
668.5112703411598,291738668074.687,7.417590737054459,2.571455112275911,7327389769.328298,6.776448469319026,5190.327737740318,73.34221955513158,94.02758377716466,128.46573591941225
21446.15565144806,346696415080.5581,2.454469745188352,1.6020194433829236,458453981.4910434,19.31048455060735,4737.550368920876,32.8752576932374,51.0391995161787,220.0870127049801
17742.360290268218,369509391851.0892,2.6799604673446455,2.83343935336707,9255712.95775157,9.125895581065942,294.5816279862092,39.447189141829654,31.61430362591504,272.15865799433266
9206.316823721963,140004548976.90436,3.7543924003570734,1.9088234585308423,122558.6528840032,7.637622225316447,2573.897785427985,77.77312511459999,30.0,345.1125676741529
15089.742794797892,355948506754.23083,6.506935883165827,3.2202979207836835,679201.2942240901,18.888501428813285,3910.364762257347,20.169648689761534,32.71428703011254,277.8708605446935
5976.830470561217,446747588497.6923,7.187377522176316,3.1246875363799447,111876.52374787744,14.736700860054603,5136.902007752468,71.56883892874043,30.0,316.7312965930728
4625.546391811711,309348029399.31976,5.271560919121745,2.5559093324133055,9600333.749685785,10.979493039931798,6858.356347616172,77.1499642838058,35.40839978651803,303.8372532427954
12043.153810898708,165347802810.57962,2.2362431400560014,3.1942621366248316,59467088.42352099,12.033896329686359,3669.9672536346925,65.96533833532473,40.025102646531664,267.26032636095334
9153.10182816354,373411024768.0995,3.474363494786579,2.841606487631881,635208.0678454117,19.457569817397356,2202.883126674296,33.54841009880827,30.0,271.83554313859787
15573.136238114657,480908292308.66266,7.070649542104606,1.7825200897826265,158229169.4814096,3.100385921792036,2257.444119928917,55.7506776720095,40.9764305623886,367.01489479573854
